
*** Running vivado
    with args -log level0_wrapper.vdi -applog -m64 -product Vivado -messageDb vivado.pb -mode batch -source level0_wrapper.tcl -notrace


****** Vivado v2025.1 (64-bit)
  **** SW Build 6140274 on Wed May 21 22:58:25 MDT 2025
  **** IP Build 6138677 on Thu May 22 03:10:11 MDT 2025
  **** SharedData Build 6139179 on Tue May 20 17:58:58 MDT 2025
  **** Start of session at: Mon Aug  3 17:48:01 2026
    ** Copyright 1986-2022 Xilinx, Inc. All Rights Reserved.
    ** Copyright 2022-2025 Advanced Micro Devices, Inc. All Rights Reserved.

source level0_wrapper.tcl -notrace
INFO: Dispatch client connection id - 39811
source /home/devsounio/darwin-atlas-phase-l/build-authorized/_x/link/vivado/vpl/scripts/impl_1/_full_init_pre.tcl
INFO: [IP_Flow 19-234] Refreshing IP repositories
INFO: [IP_Flow 19-1700] Loaded user IP repository '/home/devsounio/darwin-atlas-phase-l/build-authorized/_x/link/int/xo/ip_repo/xilinx_com_hls_dinucleotide_draws_1_0'.
INFO: [IP_Flow 19-1700] Loaded user IP repository '/home/devsounio/darwin-atlas-phase-l/build-authorized/_x/link/vivado/vpl/.local/hw_platform/iprepo'.
INFO: [IP_Flow 19-1700] Loaded user IP repository '/home/devsounio/darwin-atlas-phase-l/build-authorized/_x/link/vivado/vpl/.local/hw_platform/ipcache'.
INFO: [IP_Flow 19-1700] Loaded user IP repository '/opt/amd/2025.1/Vitis/data/vitis/ip'.
INFO: [IP_Flow 19-2313] Loaded Vivado IP repository '/opt/amd/2025.1/Vivado/data/ip'.
WARNING: [IP_Flow 19-1663] Duplicate IP found for 'xilinx.com:ip:pipeline_reg:1.0'. The one found in IP location '/home/devsounio/darwin-atlas-phase-l/build-authorized/_x/link/vivado/vpl/.local/hw_platform/iprepo/ip_repo/shell_subsystem_ipdefs/pipeline_reg_v1_0' will take precedence over the same IP in location /home/devsounio/darwin-atlas-phase-l/build-authorized/_x/link/vivado/vpl/.local/hw_platform/iprepo/ip_repo/pxi_ii_infra/pipeline_reg_v1_0
WARNING: [IP_Flow 19-1663] Duplicate IP found for 'xilinx.com:ip:axi_clk_metadata_adapter:1.0'. The one found in IP location '/home/devsounio/darwin-atlas-phase-l/build-authorized/_x/link/vivado/vpl/.local/hw_platform/iprepo/ip_repo/shell_subsystem_ipdefs/axi_clk_metadata_adapter_v1_0' will take precedence over the same IP in location /home/devsounio/darwin-atlas-phase-l/build-authorized/_x/link/vivado/vpl/.local/hw_platform/iprepo/ip_repo/pxi_ii_infra/axi_clk_metadata_adapter_v1_0
WARNING: [IP_Flow 19-1663] Duplicate IP found for 'xilinx.com:ip:clk_metadata_adapter:1.0'. The one found in IP location '/home/devsounio/darwin-atlas-phase-l/build-authorized/_x/link/vivado/vpl/.local/hw_platform/iprepo/ip_repo/shell_subsystem_ipdefs/clk_metadata_adapter_v1_0' will take precedence over the same IP in location /home/devsounio/darwin-atlas-phase-l/build-authorized/_x/link/vivado/vpl/.local/hw_platform/iprepo/ip_repo/pxi_ii_infra/clk_metadata_adapter_v1_0
WARNING: [IP_Flow 19-1663] Duplicate IP found for 'xilinx.com:ip:axis_clk_metadata_adapter:1.0'. The one found in IP location '/home/devsounio/darwin-atlas-phase-l/build-authorized/_x/link/vivado/vpl/.local/hw_platform/iprepo/ip_repo/shell_subsystem_ipdefs/axis_clk_metadata_adapter_v1_0' will take precedence over the same IP in location /home/devsounio/darwin-atlas-phase-l/build-authorized/_x/link/vivado/vpl/.local/hw_platform/iprepo/ip_repo/pxi_ii_infra/axis_clk_metadata_adapter_v1_0
Command: link_design -part xcu250-figd2104-2L-e -reconfig_partitions level0_i/level1/level1_i/ulp
Design is defaulting to srcset: sources_1
Design is defaulting to constrset: constrs_1
Design is defaulting to dcp top: level0_wrapper
INFO: [Device 21-403] Loading part xcu250-figd2104-2L-e
INFO: [Project 1-5699] Read binary netlist with skipMacroContent - 1
INFO: [Project 1-454] Reading design checkpoint '/home/devsounio/darwin-atlas-phase-l/build-authorized/_x/link/vivado/vpl/prj/prj.runs/my_rm_synth_1/ulp.dcp' for cell 'level0_i/level1/level1_i/ulp'
INFO: [Constraints 18-13253] Total boundary pins count on instance ulp is 8963
INFO: [Constraints 18-13252] Boundary pins count for instance ulp is greater than 1000, which could increase runtime to stitch this dcp to netlist.
INFO: [Constraints 18-13251] 501 boundary pins have been processed..
INFO: [Constraints 18-13251] 1002 boundary pins have been processed..
INFO: [Constraints 18-13251] 1503 boundary pins have been processed..
INFO: [Constraints 18-13251] 2004 boundary pins have been processed..
INFO: [Constraints 18-13251] 2505 boundary pins have been processed..
INFO: [Constraints 18-13251] 3006 boundary pins have been processed..
INFO: [Constraints 18-13251] 3507 boundary pins have been processed..
INFO: [Constraints 18-13251] 4008 boundary pins have been processed..
INFO: [Constraints 18-13251] 4509 boundary pins have been processed..
INFO: [Constraints 18-13251] 5010 boundary pins have been processed..
INFO: [Constraints 18-13251] 5511 boundary pins have been processed..
INFO: [Constraints 18-13251] 6012 boundary pins have been processed..
INFO: [Constraints 18-13251] 6513 boundary pins have been processed..
INFO: [Constraints 18-13251] 7014 boundary pins have been processed..
INFO: [Constraints 18-13251] 7515 boundary pins have been processed..
INFO: [Constraints 18-13251] 8016 boundary pins have been processed..
INFO: [Constraints 18-13251] 8517 boundary pins have been processed..
INFO: [Project 1-454] Reading design checkpoint '/home/devsounio/darwin-atlas-phase-l/build-authorized/_x/link/vivado/vpl/prj/prj.gen/my_rm/bd/ulp/ip/ulp_dinucleotide_draws_1_0/ulp_dinucleotide_draws_1_0.dcp' for cell 'level0_i/level1/level1_i/ulp/dinucleotide_draws_1'
INFO: [Project 1-454] Reading design checkpoint '/home/devsounio/darwin-atlas-phase-l/build-authorized/_x/link/vivado/vpl/prj/prj.gen/my_rm/bd/ulp/ip/ulp_ii_level1_wire_0/ulp_ii_level1_wire_0.dcp' for cell 'level0_i/level1/level1_i/ulp/ii_level1_wire'
INFO: [Project 1-454] Reading design checkpoint '/home/devsounio/darwin-atlas-phase-l/build-authorized/_x/link/vivado/vpl/prj/prj.gen/my_rm/bd/ulp/ip/ulp_ip_cc_axi_data_h2c_00_0/ulp_ip_cc_axi_data_h2c_00_0.dcp' for cell 'level0_i/level1/level1_i/ulp/ip_cc_axi_data_h2c_00'
INFO: [Project 1-454] Reading design checkpoint '/home/devsounio/darwin-atlas-phase-l/build-authorized/_x/link/vivado/vpl/prj/prj.gen/my_rm/bd/ulp/ip/ulp_ip_cc_axi_data_h2c_01_0/ulp_ip_cc_axi_data_h2c_01_0.dcp' for cell 'level0_i/level1/level1_i/ulp/ip_cc_axi_data_h2c_01'
INFO: [Project 1-454] Reading design checkpoint '/home/devsounio/darwin-atlas-phase-l/build-authorized/_x/link/vivado/vpl/prj/prj.gen/my_rm/bd/ulp/ip/ulp_ip_cc_axi_data_h2c_02_0/ulp_ip_cc_axi_data_h2c_02_0.dcp' for cell 'level0_i/level1/level1_i/ulp/ip_cc_axi_data_h2c_02'
INFO: [Project 1-454] Reading design checkpoint '/home/devsounio/darwin-atlas-phase-l/build-authorized/_x/link/vivado/vpl/prj/prj.gen/my_rm/bd/ulp/ip/ulp_ip_cc_axi_data_h2c_03_0/ulp_ip_cc_axi_data_h2c_03_0.dcp' for cell 'level0_i/level1/level1_i/ulp/ip_cc_axi_data_h2c_03'
INFO: [Project 1-454] Reading design checkpoint '/home/devsounio/darwin-atlas-phase-l/build-authorized/_x/link/vivado/vpl/prj/prj.gen/my_rm/bd/ulp/ip/ulp_ip_gpio_debug_axi_ctrl_mgmt_00_0/ulp_ip_gpio_debug_axi_ctrl_mgmt_00_0.dcp' for cell 'level0_i/level1/level1_i/ulp/ip_gpio_debug_axi_ctrl_mgmt_00'
INFO: [Project 1-454] Reading design checkpoint '/home/devsounio/darwin-atlas-phase-l/build-authorized/_x/link/vivado/vpl/prj/prj.gen/my_rm/bd/ulp/ip/ulp_ip_gpio_debug_axi_ctrl_mgmt_01_0/ulp_ip_gpio_debug_axi_ctrl_mgmt_01_0.dcp' for cell 'level0_i/level1/level1_i/ulp/ip_gpio_debug_axi_ctrl_mgmt_01'
INFO: [Project 1-454] Reading design checkpoint '/home/devsounio/darwin-atlas-phase-l/build-authorized/_x/link/vivado/vpl/prj/prj.gen/my_rm/bd/ulp/ip/ulp_ip_gpio_debug_axi_ctrl_user_00_0/ulp_ip_gpio_debug_axi_ctrl_user_00_0.dcp' for cell 'level0_i/level1/level1_i/ulp/ip_gpio_debug_axi_ctrl_user_00'
INFO: [Project 1-454] Reading design checkpoint '/home/devsounio/darwin-atlas-phase-l/build-authorized/_x/link/vivado/vpl/prj/prj.gen/my_rm/bd/ulp/ip/ulp_ip_gpio_debug_axi_ctrl_user_01_0/ulp_ip_gpio_debug_axi_ctrl_user_01_0.dcp' for cell 'level0_i/level1/level1_i/ulp/ip_gpio_debug_axi_ctrl_user_01'
INFO: [Project 1-454] Reading design checkpoint '/home/devsounio/darwin-atlas-phase-l/build-authorized/_x/link/vivado/vpl/prj/prj.gen/my_rm/bd/ulp/ip/ulp_ip_gpio_debug_axi_ctrl_user_02_0/ulp_ip_gpio_debug_axi_ctrl_user_02_0.dcp' for cell 'level0_i/level1/level1_i/ulp/ip_gpio_debug_axi_ctrl_user_02'
INFO: [Project 1-454] Reading design checkpoint '/home/devsounio/darwin-atlas-phase-l/build-authorized/_x/link/vivado/vpl/prj/prj.gen/my_rm/bd/ulp/ip/ulp_ip_gpio_debug_axi_ctrl_user_03_0/ulp_ip_gpio_debug_axi_ctrl_user_03_0.dcp' for cell 'level0_i/level1/level1_i/ulp/ip_gpio_debug_axi_ctrl_user_03'
INFO: [Project 1-454] Reading design checkpoint '/home/devsounio/darwin-atlas-phase-l/build-authorized/_x/link/vivado/vpl/prj/prj.gen/my_rm/bd/ulp/ip/ulp_ip_gpio_debug_axi_ctrl_user_debug_00_0/ulp_ip_gpio_debug_axi_ctrl_user_debug_00_0.dcp' for cell 'level0_i/level1/level1_i/ulp/ip_gpio_debug_axi_ctrl_user_debug_00'
INFO: [Project 1-454] Reading design checkpoint '/home/devsounio/darwin-atlas-phase-l/build-authorized/_x/link/vivado/vpl/prj/prj.gen/my_rm/bd/ulp/ip/ulp_ip_gpio_debug_axi_data_h2c_01_0/ulp_ip_gpio_debug_axi_data_h2c_01_0.dcp' for cell 'level0_i/level1/level1_i/ulp/ip_gpio_debug_axi_data_h2c_01'
INFO: [Project 1-454] Reading design checkpoint '/home/devsounio/darwin-atlas-phase-l/build-authorized/_x/link/vivado/vpl/prj/prj.gen/my_rm/bd/ulp/ip/ulp_ip_inv_aresetn_ctrl_00_0/ulp_ip_inv_aresetn_ctrl_00_0.dcp' for cell 'level0_i/level1/level1_i/ulp/ip_inv_aresetn_ctrl_00'
INFO: [Project 1-454] Reading design checkpoint '/home/devsounio/darwin-atlas-phase-l/build-authorized/_x/link/vivado/vpl/prj/prj.gen/my_rm/bd/ulp/ip/ulp_ip_psr_aresetn_ctrl_slr0_0/ulp_ip_psr_aresetn_ctrl_slr0_0.dcp' for cell 'level0_i/level1/level1_i/ulp/ip_psr_aresetn_ctrl_slr0'
INFO: [Project 1-454] Reading design checkpoint '/home/devsounio/darwin-atlas-phase-l/build-authorized/_x/link/vivado/vpl/prj/prj.gen/my_rm/bd/ulp/ip/ulp_ip_psr_aresetn_ctrl_slr1_0/ulp_ip_psr_aresetn_ctrl_slr1_0.dcp' for cell 'level0_i/level1/level1_i/ulp/ip_psr_aresetn_ctrl_slr1'
INFO: [Project 1-454] Reading design checkpoint '/home/devsounio/darwin-atlas-phase-l/build-authorized/_x/link/vivado/vpl/prj/prj.gen/my_rm/bd/ulp/ip/ulp_ip_psr_aresetn_ctrl_slr2_0/ulp_ip_psr_aresetn_ctrl_slr2_0.dcp' for cell 'level0_i/level1/level1_i/ulp/ip_psr_aresetn_ctrl_slr2'
INFO: [Project 1-454] Reading design checkpoint '/home/devsounio/darwin-atlas-phase-l/build-authorized/_x/link/vivado/vpl/prj/prj.gen/my_rm/bd/ulp/ip/ulp_ip_psr_aresetn_ctrl_slr3_0/ulp_ip_psr_aresetn_ctrl_slr3_0.dcp' for cell 'level0_i/level1/level1_i/ulp/ip_psr_aresetn_ctrl_slr3'
INFO: [Project 1-454] Reading design checkpoint '/home/devsounio/darwin-atlas-phase-l/build-authorized/_x/link/vivado/vpl/prj/prj.gen/my_rm/bd/ulp/ip/ulp_ip_psr_aresetn_freerun_slr0_0/ulp_ip_psr_aresetn_freerun_slr0_0.dcp' for cell 'level0_i/level1/level1_i/ulp/ip_psr_aresetn_freerun_slr0'
INFO: [Project 1-454] Reading design checkpoint '/home/devsounio/darwin-atlas-phase-l/build-authorized/_x/link/vivado/vpl/prj/prj.gen/my_rm/bd/ulp/ip/ulp_ip_psr_aresetn_freerun_slr1_0/ulp_ip_psr_aresetn_freerun_slr1_0.dcp' for cell 'level0_i/level1/level1_i/ulp/ip_psr_aresetn_freerun_slr1'
INFO: [Project 1-454] Reading design checkpoint '/home/devsounio/darwin-atlas-phase-l/build-authorized/_x/link/vivado/vpl/prj/prj.gen/my_rm/bd/ulp/ip/ulp_ip_psr_aresetn_freerun_slr2_0/ulp_ip_psr_aresetn_freerun_slr2_0.dcp' for cell 'level0_i/level1/level1_i/ulp/ip_psr_aresetn_freerun_slr2'
INFO: [Project 1-454] Reading design checkpoint '/home/devsounio/darwin-atlas-phase-l/build-authorized/_x/link/vivado/vpl/prj/prj.gen/my_rm/bd/ulp/ip/ulp_ip_psr_aresetn_freerun_slr3_0/ulp_ip_psr_aresetn_freerun_slr3_0.dcp' for cell 'level0_i/level1/level1_i/ulp/ip_psr_aresetn_freerun_slr3'
INFO: [Project 1-454] Reading design checkpoint '/home/devsounio/darwin-atlas-phase-l/build-authorized/_x/link/vivado/vpl/prj/prj.gen/my_rm/bd/ulp/ip/ulp_ip_psr_aresetn_kernel_00_slr0_0/ulp_ip_psr_aresetn_kernel_00_slr0_0.dcp' for cell 'level0_i/level1/level1_i/ulp/ip_psr_aresetn_kernel_00_slr0'
INFO: [Project 1-454] Reading design checkpoint '/home/devsounio/darwin-atlas-phase-l/build-authorized/_x/link/vivado/vpl/prj/prj.gen/my_rm/bd/ulp/ip/ulp_ip_psr_aresetn_kernel_00_slr1_0/ulp_ip_psr_aresetn_kernel_00_slr1_0.dcp' for cell 'level0_i/level1/level1_i/ulp/ip_psr_aresetn_kernel_00_slr1'
INFO: [Project 1-454] Reading design checkpoint '/home/devsounio/darwin-atlas-phase-l/build-authorized/_x/link/vivado/vpl/prj/prj.gen/my_rm/bd/ulp/ip/ulp_ip_psr_aresetn_kernel_00_slr2_0/ulp_ip_psr_aresetn_kernel_00_slr2_0.dcp' for cell 'level0_i/level1/level1_i/ulp/ip_psr_aresetn_kernel_00_slr2'
INFO: [Project 1-454] Reading design checkpoint '/home/devsounio/darwin-atlas-phase-l/build-authorized/_x/link/vivado/vpl/prj/prj.gen/my_rm/bd/ulp/ip/ulp_ip_psr_aresetn_kernel_00_slr3_0/ulp_ip_psr_aresetn_kernel_00_slr3_0.dcp' for cell 'level0_i/level1/level1_i/ulp/ip_psr_aresetn_kernel_00_slr3'
INFO: [Project 1-454] Reading design checkpoint '/home/devsounio/darwin-atlas-phase-l/build-authorized/_x/link/vivado/vpl/prj/prj.gen/my_rm/bd/ulp/ip/ulp_ip_psr_aresetn_kernel_01_slr0_0/ulp_ip_psr_aresetn_kernel_01_slr0_0.dcp' for cell 'level0_i/level1/level1_i/ulp/ip_psr_aresetn_kernel_01_slr0'
INFO: [Project 1-454] Reading design checkpoint '/home/devsounio/darwin-atlas-phase-l/build-authorized/_x/link/vivado/vpl/prj/prj.gen/my_rm/bd/ulp/ip/ulp_ip_psr_aresetn_kernel_01_slr1_0/ulp_ip_psr_aresetn_kernel_01_slr1_0.dcp' for cell 'level0_i/level1/level1_i/ulp/ip_psr_aresetn_kernel_01_slr1'
INFO: [Project 1-454] Reading design checkpoint '/home/devsounio/darwin-atlas-phase-l/build-authorized/_x/link/vivado/vpl/prj/prj.gen/my_rm/bd/ulp/ip/ulp_ip_psr_aresetn_kernel_01_slr2_0/ulp_ip_psr_aresetn_kernel_01_slr2_0.dcp' for cell 'level0_i/level1/level1_i/ulp/ip_psr_aresetn_kernel_01_slr2'
INFO: [Project 1-454] Reading design checkpoint '/home/devsounio/darwin-atlas-phase-l/build-authorized/_x/link/vivado/vpl/prj/prj.gen/my_rm/bd/ulp/ip/ulp_ip_psr_aresetn_kernel_01_slr3_0/ulp_ip_psr_aresetn_kernel_01_slr3_0.dcp' for cell 'level0_i/level1/level1_i/ulp/ip_psr_aresetn_kernel_01_slr3'
INFO: [Project 1-454] Reading design checkpoint '/home/devsounio/darwin-atlas-phase-l/build-authorized/_x/link/vivado/vpl/prj/prj.gen/my_rm/bd/ulp/ip/ulp_ip_psr_aresetn_pcie_slr0_0/ulp_ip_psr_aresetn_pcie_slr0_0.dcp' for cell 'level0_i/level1/level1_i/ulp/ip_psr_aresetn_pcie_slr0'
INFO: [Project 1-454] Reading design checkpoint '/home/devsounio/darwin-atlas-phase-l/build-authorized/_x/link/vivado/vpl/prj/prj.gen/my_rm/bd/ulp/ip/ulp_ip_psr_aresetn_pcie_slr1_0/ulp_ip_psr_aresetn_pcie_slr1_0.dcp' for cell 'level0_i/level1/level1_i/ulp/ip_psr_aresetn_pcie_slr1'
INFO: [Project 1-454] Reading design checkpoint '/home/devsounio/darwin-atlas-phase-l/build-authorized/_x/link/vivado/vpl/prj/prj.gen/my_rm/bd/ulp/ip/ulp_ip_psr_aresetn_pcie_slr2_0/ulp_ip_psr_aresetn_pcie_slr2_0.dcp' for cell 'level0_i/level1/level1_i/ulp/ip_psr_aresetn_pcie_slr2'
INFO: [Project 1-454] Reading design checkpoint '/home/devsounio/darwin-atlas-phase-l/build-authorized/_x/link/vivado/vpl/prj/prj.gen/my_rm/bd/ulp/ip/ulp_ip_psr_aresetn_pcie_slr3_0/ulp_ip_psr_aresetn_pcie_slr3_0.dcp' for cell 'level0_i/level1/level1_i/ulp/ip_psr_aresetn_pcie_slr3'
INFO: [Project 1-454] Reading design checkpoint '/home/devsounio/darwin-atlas-phase-l/build-authorized/_x/link/vivado/vpl/prj/prj.gen/my_rm/bd/ulp/ip/ulp_ip_rs_axi_ctrl_user_03_0/ulp_ip_rs_axi_ctrl_user_03_0.dcp' for cell 'level0_i/level1/level1_i/ulp/ip_rs_axi_ctrl_user_03'
INFO: [Project 1-454] Reading design checkpoint '/home/devsounio/darwin-atlas-phase-l/build-authorized/_x/link/vivado/vpl/prj/prj.gen/my_rm/bd/ulp/ip/ulp_ip_rs_axi_data_c2h_00_0/ulp_ip_rs_axi_data_c2h_00_0.dcp' for cell 'level0_i/level1/level1_i/ulp/ip_rs_axi_data_c2h_00'
INFO: [Project 1-454] Reading design checkpoint '/home/devsounio/darwin-atlas-phase-l/build-authorized/_x/link/vivado/vpl/prj/prj.gen/my_rm/bd/ulp/ip/ulp_ip_rs_axi_data_h2c_03_0/ulp_ip_rs_axi_data_h2c_03_0.dcp' for cell 'level0_i/level1/level1_i/ulp/ip_rs_axi_data_h2c_03'
INFO: [Project 1-454] Reading design checkpoint '/home/devsounio/darwin-atlas-phase-l/build-authorized/_x/link/vivado/vpl/prj/prj.gen/my_rm/bd/ulp/ip/ulp_memory_subsystem_0/ulp_memory_subsystem_0.dcp' for cell 'level0_i/level1/level1_i/ulp/memory_subsystem'
INFO: [Project 1-454] Reading design checkpoint '/home/devsounio/darwin-atlas-phase-l/build-authorized/_x/link/vivado/vpl/prj/prj.gen/my_rm/bd/ulp/ip/ulp_shell_cmp_subsystem_0_0/ulp_shell_cmp_subsystem_0_0.dcp' for cell 'level0_i/level1/level1_i/ulp/shell_cmp_subsystem_0'
INFO: [Project 1-454] Reading design checkpoint '/home/devsounio/darwin-atlas-phase-l/build-authorized/_x/link/vivado/vpl/prj/prj.gen/my_rm/bd/ulp/ip/ulp_ss_ucs_0/ulp_ss_ucs_0.dcp' for cell 'level0_i/level1/level1_i/ulp/ss_ucs'
INFO: [Project 1-454] Reading design checkpoint '/home/devsounio/darwin-atlas-phase-l/build-authorized/_x/link/vivado/vpl/prj/prj.gen/my_rm/bd/ulp/ip/ulp_ict_axi_ctrl_mgmt_00_imp_s00_regslice_0/ulp_ict_axi_ctrl_mgmt_00_imp_s00_regslice_0.dcp' for cell 'level0_i/level1/level1_i/ulp/ict_axi_ctrl_mgmt_00/s00_couplers/s00_regslice'
INFO: [Project 1-454] Reading design checkpoint '/home/devsounio/darwin-atlas-phase-l/build-authorized/_x/link/vivado/vpl/prj/prj.gen/my_rm/bd/ulp/ip/ulp_ict_axi_ctrl_mgmt_01_upgraded_ipi_imp_xbar_0/ulp_ict_axi_ctrl_mgmt_01_upgraded_ipi_imp_xbar_0.dcp' for cell 'level0_i/level1/level1_i/ulp/ict_axi_ctrl_mgmt_01/xbar'
INFO: [Project 1-454] Reading design checkpoint '/home/devsounio/darwin-atlas-phase-l/build-authorized/_x/link/vivado/vpl/prj/prj.gen/my_rm/bd/ulp/ip/ulp_ict_axi_ctrl_mgmt_01_imp_m00_regslice_0/ulp_ict_axi_ctrl_mgmt_01_imp_m00_regslice_0.dcp' for cell 'level0_i/level1/level1_i/ulp/ict_axi_ctrl_mgmt_01/m00_couplers/m00_regslice'
INFO: [Project 1-454] Reading design checkpoint '/home/devsounio/darwin-atlas-phase-l/build-authorized/_x/link/vivado/vpl/prj/prj.gen/my_rm/bd/ulp/ip/ulp_ict_axi_ctrl_mgmt_01_imp_m01_regslice_0/ulp_ict_axi_ctrl_mgmt_01_imp_m01_regslice_0.dcp' for cell 'level0_i/level1/level1_i/ulp/ict_axi_ctrl_mgmt_01/m01_couplers/m01_regslice'
INFO: [Project 1-454] Reading design checkpoint '/home/devsounio/darwin-atlas-phase-l/build-authorized/_x/link/vivado/vpl/prj/prj.gen/my_rm/bd/ulp/ip/ulp_ict_axi_ctrl_mgmt_01_imp_m02_regslice_0/ulp_ict_axi_ctrl_mgmt_01_imp_m02_regslice_0.dcp' for cell 'level0_i/level1/level1_i/ulp/ict_axi_ctrl_mgmt_01/m02_couplers/m02_regslice'
INFO: [Project 1-454] Reading design checkpoint '/home/devsounio/darwin-atlas-phase-l/build-authorized/_x/link/vivado/vpl/prj/prj.gen/my_rm/bd/ulp/ip/ulp_ict_axi_ctrl_mgmt_01_imp_m03_regslice_0/ulp_ict_axi_ctrl_mgmt_01_imp_m03_regslice_0.dcp' for cell 'level0_i/level1/level1_i/ulp/ict_axi_ctrl_mgmt_01/m03_couplers/m03_regslice'
INFO: [Project 1-454] Reading design checkpoint '/home/devsounio/darwin-atlas-phase-l/build-authorized/_x/link/vivado/vpl/prj/prj.gen/my_rm/bd/ulp/ip/ulp_ict_axi_ctrl_mgmt_01_imp_s00_regslice_0/ulp_ict_axi_ctrl_mgmt_01_imp_s00_regslice_0.dcp' for cell 'level0_i/level1/level1_i/ulp/ict_axi_ctrl_mgmt_01/s00_couplers/s00_regslice'
INFO: [Project 1-454] Reading design checkpoint '/home/devsounio/darwin-atlas-phase-l/build-authorized/_x/link/vivado/vpl/prj/prj.gen/my_rm/bd/ulp/ip/ulp_ict_axi_ctrl_user_00_upgraded_ipi_imp_xbar_0/ulp_ict_axi_ctrl_user_00_upgraded_ipi_imp_xbar_0.dcp' for cell 'level0_i/level1/level1_i/ulp/ict_axi_ctrl_user_00/xbar'
INFO: [Project 1-454] Reading design checkpoint '/home/devsounio/darwin-atlas-phase-l/build-authorized/_x/link/vivado/vpl/prj/prj.gen/my_rm/bd/ulp/ip/ulp_ict_axi_ctrl_user_00_imp_m00_regslice_0/ulp_ict_axi_ctrl_user_00_imp_m00_regslice_0.dcp' for cell 'level0_i/level1/level1_i/ulp/ict_axi_ctrl_user_00/m00_couplers/m00_regslice'
INFO: [Project 1-454] Reading design checkpoint '/home/devsounio/darwin-atlas-phase-l/build-authorized/_x/link/vivado/vpl/prj/prj.gen/my_rm/bd/ulp/ip/ulp_ict_axi_ctrl_user_00_imp_auto_cc_0/ulp_ict_axi_ctrl_user_00_imp_auto_cc_0.dcp' for cell 'level0_i/level1/level1_i/ulp/ict_axi_ctrl_user_00/m01_couplers/auto_cc'
INFO: [Project 1-454] Reading design checkpoint '/home/devsounio/darwin-atlas-phase-l/build-authorized/_x/link/vivado/vpl/prj/prj.gen/my_rm/bd/ulp/ip/ulp_ict_axi_ctrl_user_00_imp_m01_regslice_0/ulp_ict_axi_ctrl_user_00_imp_m01_regslice_0.dcp' for cell 'level0_i/level1/level1_i/ulp/ict_axi_ctrl_user_00/m01_couplers/m01_regslice'
INFO: [Project 1-454] Reading design checkpoint '/home/devsounio/darwin-atlas-phase-l/build-authorized/_x/link/vivado/vpl/prj/prj.gen/my_rm/bd/ulp/ip/ulp_ict_axi_ctrl_user_00_imp_s00_regslice_0/ulp_ict_axi_ctrl_user_00_imp_s00_regslice_0.dcp' for cell 'level0_i/level1/level1_i/ulp/ict_axi_ctrl_user_00/s00_couplers/s00_regslice'
INFO: [Project 1-454] Reading design checkpoint '/home/devsounio/darwin-atlas-phase-l/build-authorized/_x/link/vivado/vpl/prj/prj.gen/my_rm/bd/ulp/ip/ulp_ict_axi_ctrl_user_01_imp_s00_regslice_0/ulp_ict_axi_ctrl_user_01_imp_s00_regslice_0.dcp' for cell 'level0_i/level1/level1_i/ulp/ict_axi_ctrl_user_01/s00_couplers/s00_regslice'
INFO: [Project 1-454] Reading design checkpoint '/home/devsounio/darwin-atlas-phase-l/build-authorized/_x/link/vivado/vpl/prj/prj.gen/my_rm/bd/ulp/ip/ulp_ict_axi_ctrl_user_02_imp_s00_regslice_0/ulp_ict_axi_ctrl_user_02_imp_s00_regslice_0.dcp' for cell 'level0_i/level1/level1_i/ulp/ict_axi_ctrl_user_02/s00_couplers/s00_regslice'
INFO: [Project 1-454] Reading design checkpoint '/home/devsounio/darwin-atlas-phase-l/build-authorized/_x/link/vivado/vpl/prj/prj.gen/my_rm/bd/ulp/ip/ulp_ict_axi_ctrl_user_03_imp_s00_regslice_0/ulp_ict_axi_ctrl_user_03_imp_s00_regslice_0.dcp' for cell 'level0_i/level1/level1_i/ulp/ict_axi_ctrl_user_03/s00_couplers/s00_regslice'
INFO: [Project 1-454] Reading design checkpoint '/home/devsounio/darwin-atlas-phase-l/build-authorized/_x/link/vivado/vpl/prj/prj.gen/my_rm/bd/ulp/ip/ulp_ict_axi_ctrl_user_debug_00_imp_s00_regslice_0/ulp_ict_axi_ctrl_user_debug_00_imp_s00_regslice_0.dcp' for cell 'level0_i/level1/level1_i/ulp/ict_axi_ctrl_user_debug_00/s00_couplers/s00_regslice'
INFO: [Project 1-454] Reading design checkpoint '/home/devsounio/darwin-atlas-phase-l/build-authorized/_x/link/vivado/vpl/prj/prj.gen/my_rm/bd/ulp/ip/ulp_ict_axi_data_h2c_01_upgraded_ipi_imp_xbar_0/ulp_ict_axi_data_h2c_01_upgraded_ipi_imp_xbar_0.dcp' for cell 'level0_i/level1/level1_i/ulp/ict_axi_data_h2c_01/xbar'
INFO: [Project 1-454] Reading design checkpoint '/home/devsounio/darwin-atlas-phase-l/build-authorized/_x/link/vivado/vpl/prj/prj.gen/my_rm/bd/ulp/ip/ulp_ict_axi_data_h2c_01_imp_auto_ds_0/ulp_ict_axi_data_h2c_01_imp_auto_ds_0.dcp' for cell 'level0_i/level1/level1_i/ulp/ict_axi_data_h2c_01/m01_couplers/auto_ds'
INFO: [Project 1-454] Reading design checkpoint '/home/devsounio/darwin-atlas-phase-l/build-authorized/_x/link/vivado/vpl/prj/prj.gen/my_rm/bd/ulp/ip/ulp_ict_axi_data_h2c_01_imp_auto_pc_0/ulp_ict_axi_data_h2c_01_imp_auto_pc_0.dcp' for cell 'level0_i/level1/level1_i/ulp/ict_axi_data_h2c_01/m01_couplers/auto_pc'
INFO: [Project 1-454] Reading design checkpoint '/home/devsounio/darwin-atlas-phase-l/build-authorized/_x/link/vivado/vpl/prj/prj.gen/my_rm/bd/ulp/ip/ulp_ict_axi_data_h2c_01_imp_s00_regslice_0/ulp_ict_axi_data_h2c_01_imp_s00_regslice_0.dcp' for cell 'level0_i/level1/level1_i/ulp/ict_axi_data_h2c_01/s00_couplers/s00_regslice'
INFO: [Project 1-454] Reading design checkpoint '/home/devsounio/darwin-atlas-phase-l/build-authorized/_x/link/vivado/vpl/prj/prj.gen/my_rm/bd/ulp/ip/ulp_memory_subsystem_0/bd_0/ip/ip_17/bd_b35e_interconnect_DDR4_MEM00_0.dcp' for cell 'level0_i/level1/level1_i/ulp/memory_subsystem/inst/interconnect/interconnect_ddr4_mem00'
INFO: [Constraints 18-13253] Total boundary pins count on instance interconnect_ddr4_mem00 is 3058
INFO: [Constraints 18-13252] Boundary pins count for instance interconnect_ddr4_mem00 is greater than 1000, which could increase runtime to stitch this dcp to netlist.
INFO: [Constraints 18-13251] 501 boundary pins have been processed..
INFO: [Constraints 18-13251] 1002 boundary pins have been processed..
INFO: [Constraints 18-13251] 1503 boundary pins have been processed..
INFO: [Constraints 18-13251] 2004 boundary pins have been processed..
INFO: [Constraints 18-13251] 2505 boundary pins have been processed..
INFO: [Constraints 18-13251] 3006 boundary pins have been processed..
INFO: [Project 1-454] Reading design checkpoint '/home/devsounio/darwin-atlas-phase-l/build-authorized/_x/link/vivado/vpl/prj/prj.gen/my_rm/bd/ulp/ip/ulp_memory_subsystem_0/bd_0/ip/ip_18/bd_b35e_interconnect_DDR4_MEM01_0.dcp' for cell 'level0_i/level1/level1_i/ulp/memory_subsystem/inst/interconnect/interconnect_ddr4_mem01'
INFO: [Constraints 18-13253] Total boundary pins count on instance interconnect_ddr4_mem01 is 3124
INFO: [Constraints 18-13252] Boundary pins count for instance interconnect_ddr4_mem01 is greater than 1000, which could increase runtime to stitch this dcp to netlist.
INFO: [Constraints 18-13251] 501 boundary pins have been processed..
INFO: [Constraints 18-13251] 1002 boundary pins have been processed..
INFO: [Constraints 18-13251] 1503 boundary pins have been processed..
INFO: [Constraints 18-13251] 2004 boundary pins have been processed..
INFO: [Constraints 18-13251] 2505 boundary pins have been processed..
INFO: [Constraints 18-13251] 3006 boundary pins have been processed..
INFO: [Project 1-454] Reading design checkpoint '/home/devsounio/darwin-atlas-phase-l/build-authorized/_x/link/vivado/vpl/prj/prj.gen/my_rm/bd/ulp/ip/ulp_memory_subsystem_0/bd_0/ip/ip_19/bd_b35e_interconnect_M00_AXI_MEM00_0.dcp' for cell 'level0_i/level1/level1_i/ulp/memory_subsystem/inst/interconnect/interconnect_m00_axi_mem00'
INFO: [Constraints 18-13253] Total boundary pins count on instance interconnect_m00_axi_mem00 is 2620
INFO: [Constraints 18-13252] Boundary pins count for instance interconnect_m00_axi_mem00 is greater than 1000, which could increase runtime to stitch this dcp to netlist.
INFO: [Constraints 18-13251] 501 boundary pins have been processed..
INFO: [Constraints 18-13251] 1002 boundary pins have been processed..
INFO: [Constraints 18-13251] 1503 boundary pins have been processed..
INFO: [Constraints 18-13251] 2004 boundary pins have been processed..
INFO: [Constraints 18-13251] 2505 boundary pins have been processed..
INFO: [Project 1-454] Reading design checkpoint '/home/devsounio/darwin-atlas-phase-l/build-authorized/_x/link/vivado/vpl/prj/prj.gen/my_rm/bd/ulp/ip/ulp_memory_subsystem_0/bd_0/ip/ip_45/bd_b35e_rs_M00_AXI_0.dcp' for cell 'level0_i/level1/level1_i/ulp/memory_subsystem/inst/interconnect/rs_m00_axi'
INFO: [Constraints 18-13253] Total boundary pins count on instance rs_m00_axi is 2470
INFO: [Constraints 18-13252] Boundary pins count for instance rs_m00_axi is greater than 1000, which could increase runtime to stitch this dcp to netlist.
INFO: [Constraints 18-13251] 501 boundary pins have been processed..
INFO: [Constraints 18-13251] 1002 boundary pins have been processed..
INFO: [Constraints 18-13251] 1503 boundary pins have been processed..
INFO: [Constraints 18-13251] 2004 boundary pins have been processed..
INFO: [Project 1-454] Reading design checkpoint '/home/devsounio/darwin-atlas-phase-l/build-authorized/_x/link/vivado/vpl/prj/prj.gen/my_rm/bd/ulp/ip/ulp_memory_subsystem_0/bd_0/ip/ip_36/bd_b35e_vip_M00_AXI_0.dcp' for cell 'level0_i/level1/level1_i/ulp/memory_subsystem/inst/interconnect/vip_m00_axi'
INFO: [Constraints 18-13253] Total boundary pins count on instance vip_m00_axi is 2454
INFO: [Constraints 18-13252] Boundary pins count for instance vip_m00_axi is greater than 1000, which could increase runtime to stitch this dcp to netlist.
INFO: [Constraints 18-13251] 501 boundary pins have been processed..
INFO: [Constraints 18-13251] 1002 boundary pins have been processed..
INFO: [Constraints 18-13251] 1503 boundary pins have been processed..
INFO: [Constraints 18-13251] 2004 boundary pins have been processed..
INFO: [Project 1-454] Reading design checkpoint '/home/devsounio/darwin-atlas-phase-l/build-authorized/_x/link/vivado/vpl/prj/prj.gen/my_rm/bd/ulp/ip/ulp_memory_subsystem_0/bd_0/ip/ip_30/bd_b35e_vip_S00_AXI_0.dcp' for cell 'level0_i/level1/level1_i/ulp/memory_subsystem/inst/interconnect/vip_s00_axi'
INFO: [Constraints 18-13253] Total boundary pins count on instance vip_s00_axi is 2470
INFO: [Constraints 18-13252] Boundary pins count for instance vip_s00_axi is greater than 1000, which could increase runtime to stitch this dcp to netlist.
INFO: [Constraints 18-13251] 501 boundary pins have been processed..
INFO: [Constraints 18-13251] 1002 boundary pins have been processed..
INFO: [Constraints 18-13251] 1503 boundary pins have been processed..
INFO: [Constraints 18-13251] 2004 boundary pins have been processed..
INFO: [Project 1-454] Reading design checkpoint '/home/devsounio/darwin-atlas-phase-l/build-authorized/_x/link/vivado/vpl/prj/prj.gen/my_rm/bd/ulp/ip/ulp_memory_subsystem_0/bd_0/ip/ip_31/bd_b35e_vip_S01_AXI_0.dcp' for cell 'level0_i/level1/level1_i/ulp/memory_subsystem/inst/interconnect/vip_s01_axi'
INFO: [Constraints 18-13253] Total boundary pins count on instance vip_s01_axi is 2470
INFO: [Constraints 18-13252] Boundary pins count for instance vip_s01_axi is greater than 1000, which could increase runtime to stitch this dcp to netlist.
INFO: [Constraints 18-13251] 501 boundary pins have been processed..
INFO: [Constraints 18-13251] 1002 boundary pins have been processed..
INFO: [Constraints 18-13251] 1503 boundary pins have been processed..
INFO: [Constraints 18-13251] 2004 boundary pins have been processed..
INFO: [Project 1-454] Reading design checkpoint '/home/devsounio/darwin-atlas-phase-l/build-authorized/_x/link/vivado/vpl/prj/prj.gen/my_rm/bd/ulp/ip/ulp_memory_subsystem_0/bd_0/ip/ip_32/bd_b35e_vip_S02_AXI_0.dcp' for cell 'level0_i/level1/level1_i/ulp/memory_subsystem/inst/interconnect/vip_s02_axi'
INFO: [Constraints 18-13253] Total boundary pins count on instance vip_s02_axi is 2470
INFO: [Constraints 18-13252] Boundary pins count for instance vip_s02_axi is greater than 1000, which could increase runtime to stitch this dcp to netlist.
INFO: [Constraints 18-13251] 501 boundary pins have been processed..
INFO: [Constraints 18-13251] 1002 boundary pins have been processed..
INFO: [Constraints 18-13251] 1503 boundary pins have been processed..
INFO: [Constraints 18-13251] 2004 boundary pins have been processed..
INFO: [Project 1-454] Reading design checkpoint '/home/devsounio/darwin-atlas-phase-l/build-authorized/_x/link/vivado/vpl/prj/prj.gen/my_rm/bd/ulp/ip/ulp_memory_subsystem_0/bd_0/ip/ip_33/bd_b35e_vip_S04_AXI_0.dcp' for cell 'level0_i/level1/level1_i/ulp/memory_subsystem/inst/interconnect/vip_s04_axi'
INFO: [Constraints 18-13253] Total boundary pins count on instance vip_s04_axi is 1168
INFO: [Constraints 18-13252] Boundary pins count for instance vip_s04_axi is greater than 1000, which could increase runtime to stitch this dcp to netlist.
INFO: [Constraints 18-13251] 501 boundary pins have been processed..
INFO: [Constraints 18-13251] 1002 boundary pins have been processed..
INFO: [Project 1-454] Reading design checkpoint '/home/devsounio/darwin-atlas-phase-l/build-authorized/_x/link/vivado/vpl/prj/prj.gen/my_rm/bd/ulp/ip/ulp_memory_subsystem_0/bd_0/ip/ip_34/bd_b35e_vip_S05_AXI_0.dcp' for cell 'level0_i/level1/level1_i/ulp/memory_subsystem/inst/interconnect/vip_s05_axi'
INFO: [Constraints 18-13253] Total boundary pins count on instance vip_s05_axi is 272
INFO: [Project 1-454] Reading design checkpoint '/home/devsounio/darwin-atlas-phase-l/build-authorized/_x/link/vivado/vpl/prj/prj.gen/my_rm/bd/ulp/ip/ulp_memory_subsystem_0/bd_0/ip/ip_35/bd_b35e_vip_S06_AXI_0.dcp' for cell 'level0_i/level1/level1_i/ulp/memory_subsystem/inst/interconnect/vip_s06_axi'
INFO: [Constraints 18-13253] Total boundary pins count on instance vip_s06_axi is 1300
INFO: [Constraints 18-13252] Boundary pins count for instance vip_s06_axi is greater than 1000, which could increase runtime to stitch this dcp to netlist.
INFO: [Constraints 18-13251] 501 boundary pins have been processed..
INFO: [Constraints 18-13251] 1002 boundary pins have been processed..
INFO: [Project 1-454] Reading design checkpoint '/home/devsounio/darwin-atlas-phase-l/build-authorized/_x/link/vivado/vpl/prj/prj.gen/my_rm/bd/ulp/ip/ulp_memory_subsystem_0/bd_0/ip/ip_27/bd_b35e_calib_reduce_0.dcp' for cell 'level0_i/level1/level1_i/ulp/memory_subsystem/inst/memory/calib_reduce'
INFO: [Constraints 18-13253] Total boundary pins count on instance calib_reduce is 3
INFO: [Project 1-454] Reading design checkpoint '/home/devsounio/darwin-atlas-phase-l/build-authorized/_x/link/vivado/vpl/prj/prj.gen/my_rm/bd/ulp/ip/ulp_memory_subsystem_0/bd_0/ip/ip_20/bd_b35e_ddr4_mem00_0.dcp' for cell 'level0_i/level1/level1_i/ulp/memory_subsystem/inst/memory/ddr4_mem00'
INFO: [Constraints 18-13253] Total boundary pins count on instance ddr4_mem00 is 2027
INFO: [Constraints 18-13252] Boundary pins count for instance ddr4_mem00 is greater than 1000, which could increase runtime to stitch this dcp to netlist.
INFO: [Constraints 18-13251] 501 boundary pins have been processed..
INFO: [Constraints 18-13251] 1002 boundary pins have been processed..
INFO: [Constraints 18-13251] 1503 boundary pins have been processed..
INFO: [Constraints 18-13251] 2004 boundary pins have been processed..
INFO: [Project 1-454] Reading design checkpoint '/home/devsounio/darwin-atlas-phase-l/build-authorized/_x/link/vivado/vpl/prj/prj.gen/my_rm/bd/ulp/ip/ulp_memory_subsystem_0/bd_0/ip/ip_22/bd_b35e_ddr4_mem00_ctrl_cc_0.dcp' for cell 'level0_i/level1/level1_i/ulp/memory_subsystem/inst/memory/ddr4_mem00_ctrl_cc'
INFO: [Constraints 18-13253] Total boundary pins count on instance ddr4_mem00_ctrl_cc is 308
INFO: [Project 1-454] Reading design checkpoint '/home/devsounio/darwin-atlas-phase-l/build-authorized/_x/link/vivado/vpl/prj/prj.gen/my_rm/bd/ulp/ip/ulp_memory_subsystem_0/bd_0/ip/ip_23/bd_b35e_ddr4_mem01_0.dcp' for cell 'level0_i/level1/level1_i/ulp/memory_subsystem/inst/memory/ddr4_mem01'
INFO: [Constraints 18-13253] Total boundary pins count on instance ddr4_mem01 is 2027
INFO: [Constraints 18-13252] Boundary pins count for instance ddr4_mem01 is greater than 1000, which could increase runtime to stitch this dcp to netlist.
INFO: [Constraints 18-13251] 501 boundary pins have been processed..
INFO: [Constraints 18-13251] 1002 boundary pins have been processed..
INFO: [Constraints 18-13251] 1503 boundary pins have been processed..
INFO: [Constraints 18-13251] 2004 boundary pins have been processed..
INFO: [Project 1-454] Reading design checkpoint '/home/devsounio/darwin-atlas-phase-l/build-authorized/_x/link/vivado/vpl/prj/prj.gen/my_rm/bd/ulp/ip/ulp_memory_subsystem_0/bd_0/ip/ip_25/bd_b35e_ddr4_mem01_ctrl_cc_0.dcp' for cell 'level0_i/level1/level1_i/ulp/memory_subsystem/inst/memory/ddr4_mem01_ctrl_cc'
INFO: [Constraints 18-13253] Total boundary pins count on instance ddr4_mem01_ctrl_cc is 308
INFO: [Project 1-454] Reading design checkpoint '/home/devsounio/darwin-atlas-phase-l/build-authorized/_x/link/vivado/vpl/prj/prj.gen/my_rm/bd/ulp/ip/ulp_memory_subsystem_0/bd_0/ip/ip_29/bd_b35e_interconnect_ddrmem_ctrl_0.dcp' for cell 'level0_i/level1/level1_i/ulp/memory_subsystem/inst/memory/interconnect_ddrmem_ctrl'
INFO: [Constraints 18-13253] Total boundary pins count on instance interconnect_ddrmem_ctrl is 410
INFO: [Project 1-454] Reading design checkpoint '/home/devsounio/darwin-atlas-phase-l/build-authorized/_x/link/vivado/vpl/prj/prj.gen/my_rm/bd/ulp/ip/ulp_memory_subsystem_0/bd_0/ip/ip_16/bd_b35e_psr_ctrl_interconnect_0.dcp' for cell 'level0_i/level1/level1_i/ulp/memory_subsystem/inst/memory/psr_ctrl_interconnect'
INFO: [Constraints 18-13253] Total boundary pins count on instance psr_ctrl_interconnect is 10
INFO: [Project 1-454] Reading design checkpoint '/home/devsounio/darwin-atlas-phase-l/build-authorized/_x/link/vivado/vpl/prj/prj.gen/my_rm/bd/ulp/ip/ulp_memory_subsystem_0/bd_0/ip/ip_21/bd_b35e_psr_ddr4_mem00_0.dcp' for cell 'level0_i/level1/level1_i/ulp/memory_subsystem/inst/memory/psr_ddr4_mem00'
INFO: [Constraints 18-13253] Total boundary pins count on instance psr_ddr4_mem00 is 10
INFO: [Project 1-454] Reading design checkpoint '/home/devsounio/darwin-atlas-phase-l/build-authorized/_x/link/vivado/vpl/prj/prj.gen/my_rm/bd/ulp/ip/ulp_memory_subsystem_0/bd_0/ip/ip_24/bd_b35e_psr_ddr4_mem01_0.dcp' for cell 'level0_i/level1/level1_i/ulp/memory_subsystem/inst/memory/psr_ddr4_mem01'
INFO: [Constraints 18-13253] Total boundary pins count on instance psr_ddr4_mem01 is 10
INFO: [Project 1-454] Reading design checkpoint '/home/devsounio/darwin-atlas-phase-l/build-authorized/_x/link/vivado/vpl/prj/prj.gen/my_rm/bd/ulp/ip/ulp_memory_subsystem_0/bd_0/ip/ip_37/bd_b35e_vip_DDR4_MEM00_0.dcp' for cell 'level0_i/level1/level1_i/ulp/memory_subsystem/inst/memory/vip_DDR4_MEM00'
INFO: [Constraints 18-13253] Total boundary pins count on instance vip_DDR4_MEM00 is 2434
INFO: [Constraints 18-13252] Boundary pins count for instance vip_DDR4_MEM00 is greater than 1000, which could increase runtime to stitch this dcp to netlist.
INFO: [Constraints 18-13251] 501 boundary pins have been processed..
INFO: [Constraints 18-13251] 1002 boundary pins have been processed..
INFO: [Constraints 18-13251] 1503 boundary pins have been processed..
INFO: [Constraints 18-13251] 2004 boundary pins have been processed..
INFO: [Project 1-454] Reading design checkpoint '/home/devsounio/darwin-atlas-phase-l/build-authorized/_x/link/vivado/vpl/prj/prj.gen/my_rm/bd/ulp/ip/ulp_memory_subsystem_0/bd_0/ip/ip_41/bd_b35e_vip_DDR4_MEM01_0.dcp' for cell 'level0_i/level1/level1_i/ulp/memory_subsystem/inst/memory/vip_DDR4_MEM01'
INFO: [Constraints 18-13253] Total boundary pins count on instance vip_DDR4_MEM01 is 2434
INFO: [Constraints 18-13252] Boundary pins count for instance vip_DDR4_MEM01 is greater than 1000, which could increase runtime to stitch this dcp to netlist.
INFO: [Constraints 18-13251] 501 boundary pins have been processed..
INFO: [Constraints 18-13251] 1002 boundary pins have been processed..
INFO: [Constraints 18-13251] 1503 boundary pins have been processed..
INFO: [Constraints 18-13251] 2004 boundary pins have been processed..
INFO: [Project 1-454] Reading design checkpoint '/home/devsounio/darwin-atlas-phase-l/build-authorized/_x/link/vivado/vpl/prj/prj.gen/my_rm/bd/ulp/ip/ulp_memory_subsystem_0/bd_0/ip/ip_40/bd_b35e_vip_ctrl_DDR4_MEM00_0.dcp' for cell 'level0_i/level1/level1_i/ulp/memory_subsystem/inst/memory/vip_ctrl_DDR4_MEM00'
INFO: [Constraints 18-13253] Total boundary pins count on instance vip_ctrl_DDR4_MEM00 is 306
INFO: [Project 1-454] Reading design checkpoint '/home/devsounio/darwin-atlas-phase-l/build-authorized/_x/link/vivado/vpl/prj/prj.gen/my_rm/bd/ulp/ip/ulp_memory_subsystem_0/bd_0/ip/ip_44/bd_b35e_vip_ctrl_DDR4_MEM01_0.dcp' for cell 'level0_i/level1/level1_i/ulp/memory_subsystem/inst/memory/vip_ctrl_DDR4_MEM01'
INFO: [Constraints 18-13253] Total boundary pins count on instance vip_ctrl_DDR4_MEM01 is 306
INFO: [Project 1-454] Reading design checkpoint '/home/devsounio/darwin-atlas-phase-l/build-authorized/_x/link/vivado/vpl/prj/prj.gen/my_rm/bd/ulp/ip/ulp_memory_subsystem_0/bd_0/ip/ip_38/bd_b35e_vip_ui_clk_DDR4_MEM00_0.dcp' for cell 'level0_i/level1/level1_i/ulp/memory_subsystem/inst/memory/vip_ui_clk_DDR4_MEM00'
INFO: [Constraints 18-13253] Total boundary pins count on instance vip_ui_clk_DDR4_MEM00 is 2
INFO: [Project 1-454] Reading design checkpoint '/home/devsounio/darwin-atlas-phase-l/build-authorized/_x/link/vivado/vpl/prj/prj.gen/my_rm/bd/ulp/ip/ulp_memory_subsystem_0/bd_0/ip/ip_42/bd_b35e_vip_ui_clk_DDR4_MEM01_0.dcp' for cell 'level0_i/level1/level1_i/ulp/memory_subsystem/inst/memory/vip_ui_clk_DDR4_MEM01'
INFO: [Constraints 18-13253] Total boundary pins count on instance vip_ui_clk_DDR4_MEM01 is 2
INFO: [Project 1-454] Reading design checkpoint '/home/devsounio/darwin-atlas-phase-l/build-authorized/_x/link/vivado/vpl/prj/prj.gen/my_rm/bd/ulp/ip/ulp_memory_subsystem_0/bd_0/ip/ip_39/bd_b35e_vip_ui_rst_DDR4_MEM00_0.dcp' for cell 'level0_i/level1/level1_i/ulp/memory_subsystem/inst/memory/vip_ui_rst_DDR4_MEM00'
INFO: [Constraints 18-13253] Total boundary pins count on instance vip_ui_rst_DDR4_MEM00 is 2
INFO: [Project 1-454] Reading design checkpoint '/home/devsounio/darwin-atlas-phase-l/build-authorized/_x/link/vivado/vpl/prj/prj.gen/my_rm/bd/ulp/ip/ulp_memory_subsystem_0/bd_0/ip/ip_43/bd_b35e_vip_ui_rst_DDR4_MEM01_0.dcp' for cell 'level0_i/level1/level1_i/ulp/memory_subsystem/inst/memory/vip_ui_rst_DDR4_MEM01'
INFO: [Constraints 18-13253] Total boundary pins count on instance vip_ui_rst_DDR4_MEM01 is 2
INFO: [Project 1-454] Reading design checkpoint '/home/devsounio/darwin-atlas-phase-l/build-authorized/_x/link/vivado/vpl/prj/prj.gen/my_rm/bd/ulp/ip/ulp_memory_subsystem_0/bd_0/ip/ip_4/bd_b35e_psr_aclk1_SLR0_0.dcp' for cell 'level0_i/level1/level1_i/ulp/memory_subsystem/inst/reset/psr_aclk1_SLR0'
INFO: [Constraints 18-13253] Total boundary pins count on instance psr_aclk1_SLR0 is 10
INFO: [Project 1-454] Reading design checkpoint '/home/devsounio/darwin-atlas-phase-l/build-authorized/_x/link/vivado/vpl/prj/prj.gen/my_rm/bd/ulp/ip/ulp_memory_subsystem_0/bd_0/ip/ip_5/bd_b35e_psr_aclk1_SLR1_0.dcp' for cell 'level0_i/level1/level1_i/ulp/memory_subsystem/inst/reset/psr_aclk1_SLR1'
INFO: [Constraints 18-13253] Total boundary pins count on instance psr_aclk1_SLR1 is 10
INFO: [Project 1-454] Reading design checkpoint '/home/devsounio/darwin-atlas-phase-l/build-authorized/_x/link/vivado/vpl/prj/prj.gen/my_rm/bd/ulp/ip/ulp_memory_subsystem_0/bd_0/ip/ip_6/bd_b35e_psr_aclk1_SLR2_0.dcp' for cell 'level0_i/level1/level1_i/ulp/memory_subsystem/inst/reset/psr_aclk1_SLR2'
INFO: [Constraints 18-13253] Total boundary pins count on instance psr_aclk1_SLR2 is 10
INFO: [Project 1-454] Reading design checkpoint '/home/devsounio/darwin-atlas-phase-l/build-authorized/_x/link/vivado/vpl/prj/prj.gen/my_rm/bd/ulp/ip/ulp_memory_subsystem_0/bd_0/ip/ip_13/bd_b35e_psr_aclk3_SLR1_0.dcp' for cell 'level0_i/level1/level1_i/ulp/memory_subsystem/inst/reset/psr_aclk3_SLR1'
INFO: [Constraints 18-13253] Total boundary pins count on instance psr_aclk3_SLR1 is 10
INFO: [Project 1-454] Reading design checkpoint '/home/devsounio/darwin-atlas-phase-l/build-authorized/_x/link/vivado/vpl/prj/prj.gen/my_rm/bd/ulp/ip/ulp_memory_subsystem_0/bd_0/ip/ip_0/bd_b35e_psr_aclk_SLR0_0.dcp' for cell 'level0_i/level1/level1_i/ulp/memory_subsystem/inst/reset/psr_aclk_SLR0'
INFO: [Constraints 18-13253] Total boundary pins count on instance psr_aclk_SLR0 is 10
INFO: [Project 1-454] Reading design checkpoint '/home/devsounio/darwin-atlas-phase-l/build-authorized/_x/link/vivado/vpl/prj/prj.gen/my_rm/bd/ulp/ip/ulp_memory_subsystem_0/bd_0/ip/ip_2/bd_b35e_psr_aclk_SLR2_0.dcp' for cell 'level0_i/level1/level1_i/ulp/memory_subsystem/inst/reset/psr_aclk_SLR2'
INFO: [Constraints 18-13253] Total boundary pins count on instance psr_aclk_SLR2 is 10
INFO: [Project 1-454] Reading design checkpoint '/home/devsounio/darwin-atlas-phase-l/build-authorized/_x/link/vivado/vpl/prj/prj.gen/my_rm/bd/ulp/ip/ulp_shell_cmp_subsystem_0_0/bd_0/ip/ip_0/bd_3f43_build_info_0.dcp' for cell 'level0_i/level1/level1_i/ulp/shell_cmp_subsystem_0/inst/build_info'
INFO: [Constraints 18-13253] Total boundary pins count on instance build_info is 94
INFO: [Project 1-454] Reading design checkpoint '/home/devsounio/darwin-atlas-phase-l/build-authorized/_x/link/vivado/vpl/prj/prj.gen/my_rm/bd/ulp/ip/ulp_shell_cmp_subsystem_0_0/bd_0/ip/ip_2/bd_3f43_user_debug_bridge_0.dcp' for cell 'level0_i/level1/level1_i/ulp/shell_cmp_subsystem_0/inst/user_debug_bridge'
INFO: [Constraints 18-13253] Total boundary pins count on instance user_debug_bridge is 112
INFO: [Project 1-454] Reading design checkpoint '/home/devsounio/darwin-atlas-phase-l/build-authorized/_x/link/vivado/vpl/prj/prj.gen/my_rm/bd/ulp/ip/ulp_shell_cmp_subsystem_0_0/bd_0/ip/ip_3/bd_3f43_user_debug_hub_0.dcp' for cell 'level0_i/level1/level1_i/ulp/shell_cmp_subsystem_0/inst/user_debug_hub'
INFO: [Constraints 18-13253] Total boundary pins count on instance user_debug_hub is 13
INFO: [Project 1-454] Reading design checkpoint '/home/devsounio/darwin-atlas-phase-l/build-authorized/_x/link/vivado/vpl/prj/prj.gen/my_rm/bd/ulp/ip/ulp_ss_ucs_0/bd_0/ip/ip_2/bd_1361_build_info_0.dcp' for cell 'level0_i/level1/level1_i/ulp/ss_ucs/inst/build_info'
INFO: [Common 17-14] Message 'Project 1-454' appears 100 times and further instances of the messages will be disabled.
INFO: [Constraints 18-13253] Total boundary pins count on instance build_info is 94
INFO: [Constraints 18-13253] Total boundary pins count on instance aclk_kernel_00_adapt is 2
INFO: [Constraints 18-13253] Total boundary pins count on instance aclk_kernel_00_cont_adapt is 2
INFO: [Constraints 18-13253] Total boundary pins count on instance clkwiz_aclk_kernel_00 is 110
INFO: [Constraints 18-13253] Total boundary pins count on instance clock_throttling_aclk_kernel_00 is 17
INFO: [Constraints 18-13253] Total boundary pins count on instance psreset_kernel_00 is 10
INFO: [Constraints 18-13253] Total boundary pins count on instance fanout_aresetn_kernel_00_slr0_1 is 4
INFO: [Constraints 18-13253] Total boundary pins count on instance fanout_aresetn_kernel_00_slr0_2 is 4
INFO: [Constraints 18-13253] Total boundary pins count on instance fanout_aresetn_kernel_00_slr0_3 is 4
INFO: [Constraints 18-13253] Total boundary pins count on instance fanout_aresetn_kernel_00_slr0_4 is 4
INFO: [Constraints 18-13253] Total boundary pins count on instance fanout_aresetn_kernel_00_slr1_1 is 4
INFO: [Constraints 18-13253] Total boundary pins count on instance fanout_aresetn_kernel_00_slr1_2 is 4
INFO: [Constraints 18-13253] Total boundary pins count on instance fanout_aresetn_kernel_00_slr1_3 is 4
INFO: [Constraints 18-13253] Total boundary pins count on instance fanout_aresetn_kernel_00_slr1_4 is 4
INFO: [Constraints 18-13253] Total boundary pins count on instance fanout_aresetn_kernel_00_slr2_1 is 4
INFO: [Constraints 18-13253] Total boundary pins count on instance fanout_aresetn_kernel_00_slr2_2 is 4
INFO: [Constraints 18-13253] Total boundary pins count on instance fanout_aresetn_kernel_00_slr2_3 is 4
INFO: [Constraints 18-13253] Total boundary pins count on instance fanout_aresetn_kernel_00_slr2_4 is 4
INFO: [Constraints 18-13253] Total boundary pins count on instance fanout_aresetn_kernel_00_slr3_1 is 4
INFO: [Constraints 18-13253] Total boundary pins count on instance fanout_aresetn_kernel_00_slr3_2 is 4
INFO: [Constraints 18-13253] Total boundary pins count on instance fanout_aresetn_kernel_00_slr3_3 is 4
INFO: [Constraints 18-13253] Total boundary pins count on instance fanout_aresetn_kernel_00_slr3_4 is 4
INFO: [Constraints 18-13253] Total boundary pins count on instance fanout_aresetn_kernel_00_slr3_5 is 4
INFO: [Constraints 18-13253] Total boundary pins count on instance fanout_aresetn_kernel_00_slr3_6 is 4
INFO: [Constraints 18-13253] Total boundary pins count on instance aclk_kernel_01_adapt is 2
INFO: [Constraints 18-13253] Total boundary pins count on instance aclk_kernel_01_cont_adapt is 2
INFO: [Constraints 18-13253] Total boundary pins count on instance clkwiz_aclk_kernel_01 is 110
INFO: [Constraints 18-13253] Total boundary pins count on instance clock_throttling_aclk_kernel_01 is 17
INFO: [Constraints 18-13253] Total boundary pins count on instance psreset_kernel_01 is 10
INFO: [Constraints 18-13253] Total boundary pins count on instance fanout_aresetn_kernel_01_slr0_1 is 4
INFO: [Constraints 18-13253] Total boundary pins count on instance fanout_aresetn_kernel_01_slr0_2 is 4
INFO: [Constraints 18-13253] Total boundary pins count on instance fanout_aresetn_kernel_01_slr0_3 is 4
INFO: [Constraints 18-13253] Total boundary pins count on instance fanout_aresetn_kernel_01_slr0_4 is 4
INFO: [Constraints 18-13253] Total boundary pins count on instance fanout_aresetn_kernel_01_slr1_1 is 4
INFO: [Constraints 18-13253] Total boundary pins count on instance fanout_aresetn_kernel_01_slr1_2 is 4
INFO: [Constraints 18-13253] Total boundary pins count on instance fanout_aresetn_kernel_01_slr1_3 is 4
INFO: [Constraints 18-13253] Total boundary pins count on instance fanout_aresetn_kernel_01_slr1_4 is 4
INFO: [Constraints 18-13253] Total boundary pins count on instance fanout_aresetn_kernel_01_slr2_1 is 4
INFO: [Constraints 18-13253] Total boundary pins count on instance fanout_aresetn_kernel_01_slr2_2 is 4
INFO: [Constraints 18-13253] Total boundary pins count on instance fanout_aresetn_kernel_01_slr2_3 is 4
INFO: [Constraints 18-13253] Total boundary pins count on instance fanout_aresetn_kernel_01_slr2_4 is 4
INFO: [Constraints 18-13253] Total boundary pins count on instance fanout_aresetn_kernel_01_slr3_1 is 4
INFO: [Constraints 18-13253] Total boundary pins count on instance fanout_aresetn_kernel_01_slr3_2 is 4
INFO: [Constraints 18-13253] Total boundary pins count on instance fanout_aresetn_kernel_01_slr3_3 is 4
INFO: [Constraints 18-13253] Total boundary pins count on instance fanout_aresetn_kernel_01_slr3_4 is 4
INFO: [Constraints 18-13253] Total boundary pins count on instance fanout_aresetn_kernel_01_slr3_5 is 4
INFO: [Constraints 18-13253] Total boundary pins count on instance fanout_aresetn_kernel_01_slr3_6 is 4
INFO: [Constraints 18-13253] Total boundary pins count on instance xbar is 954
INFO: [Constraints 18-13251] 501 boundary pins have been processed..
INFO: [Constraints 18-13253] Total boundary pins count on instance fanout_aresetn_ctrl_slr0_1 is 4
INFO: [Constraints 18-13253] Total boundary pins count on instance fanout_aresetn_ctrl_slr0_2 is 4
INFO: [Constraints 18-13253] Total boundary pins count on instance fanout_aresetn_ctrl_slr0_3 is 4
INFO: [Constraints 18-13253] Total boundary pins count on instance fanout_aresetn_ctrl_slr0_4 is 4
INFO: [Constraints 18-13253] Total boundary pins count on instance fanout_aresetn_ctrl_slr1_1 is 4
INFO: [Constraints 18-13253] Total boundary pins count on instance fanout_aresetn_ctrl_slr1_2 is 4
INFO: [Constraints 18-13253] Total boundary pins count on instance fanout_aresetn_ctrl_slr1_3 is 4
INFO: [Constraints 18-13253] Total boundary pins count on instance fanout_aresetn_ctrl_slr1_4 is 4
INFO: [Constraints 18-13253] Total boundary pins count on instance fanout_aresetn_ctrl_slr2_1 is 4
INFO: [Constraints 18-13253] Total boundary pins count on instance fanout_aresetn_ctrl_slr2_2 is 4
INFO: [Constraints 18-13253] Total boundary pins count on instance fanout_aresetn_ctrl_slr2_3 is 4
INFO: [Constraints 18-13253] Total boundary pins count on instance fanout_aresetn_ctrl_slr2_4 is 4
INFO: [Constraints 18-13253] Total boundary pins count on instance fanout_aresetn_ctrl_slr3_1 is 4
INFO: [Constraints 18-13253] Total boundary pins count on instance fanout_aresetn_ctrl_slr3_2 is 4
INFO: [Common 17-14] Message 'Constraints 18-13253' appears 100 times and further instances of the messages will be disabled.
INFO: [Constraints 18-13251] 501 boundary pins have been processed..
Netlist sorting complete. Time (s): cpu = 00:00:05 ; elapsed = 00:00:05 . Memory (MB): peak = 4142.891 ; gain = 7.000 ; free physical = 69835 ; free virtual = 73286
INFO: [Netlist 29-17] Analyzing 8857 Unisim elements for replacement
INFO: [Netlist 29-28] Unisim Transformation completed in 1 CPU seconds
INFO: [Project 1-479] Netlist was created with Vivado 2025.1
INFO: [Project 1-570] Preparing netlist for logic optimization
WARNING: [Constraints 18-550] Could not create 'IBUF_LOW_PWR' constraint because net 'level0_i/blp/blp_i/freerun_clk/freerun_clk_ibufds/IBUF_OUT[0]' is not directly connected to top level port. 'IBUF_LOW_PWR' is ignored for synthesis but preserved for implementation.
WARNING: [Constraints 18-550] Could not create 'IBUF_LOW_PWR' constraint because net 'level0_i/level1/blp_s_aclk_ddr_01' is not directly connected to top level port. 'IBUF_LOW_PWR' is ignored for synthesis but preserved for implementation.
INFO: [Constraints 18-11778] Running 'update_design -black_box' on cell level0_i/level1/level1_i/ulp. The cell has HD.RECONFIGURABLE property set to true and it will be turned into a black-box cell after this command.
INFO: [Constraints 18-11670] Building netlist checker database with flags, 0x8
Done building netlist checker database: Time (s): cpu = 00:00:00.22 ; elapsed = 00:00:00.25 . Memory (MB): peak = 5319.137 ; gain = 73.953 ; free physical = 68691 ; free virtual = 72142
INFO: [Chipscope 16-324] Core: level0_i/level1/level1_i/ulp/memory_subsystem/inst/memory/ddr4_mem00 UUID: e38b115b-8949-5dab-aec4-d744d6d62a63 
INFO: [Chipscope 16-324] Core: level0_i/level1/level1_i/ulp/memory_subsystem/inst/memory/ddr4_mem01 UUID: ce89eb5e-a633-50e8-b584-3211ca1220c9 
Parsing XDC File [/home/devsounio/darwin-atlas-phase-l/build-authorized/_x/link/vivado/vpl/.local/hw_platform/tcl_hooks/impl.xdc]
INFO: [Constraints 18-4422] SNAPPING_MODE is set so implementation will use the DERIVED_RANGES which may be different then the GRID_RANGES. [/home/devsounio/darwin-atlas-phase-l/build-authorized/_x/link/vivado/vpl/.local/hw_platform/tcl_hooks/impl.xdc:13]
INFO: [Constraints 18-4421] A LAGUNA range, without usable sites, was added to DERIVED_RANGES for purposes of keeping the Programmable Unit together within the reconfigurable pblock. [/home/devsounio/darwin-atlas-phase-l/build-authorized/_x/link/vivado/vpl/.local/hw_platform/tcl_hooks/impl.xdc:13]
WARNING: [Vivado 12-25893] CONTAIN_ROUTING is mutually exclusive with IS_SOFT, IS_SOFT property for pblock pblock_dynamic_SLR0 has been changed to false in order to set CONTAIN_ROUTING to true. [/home/devsounio/darwin-atlas-phase-l/build-authorized/_x/link/vivado/vpl/.local/hw_platform/tcl_hooks/impl.xdc:49]
WARNING: [Vivado 12-25895] EXCLUDE_PLACEMENT is mutually exclusive with IS_SOFT, IS_SOFT property for pblock pblock_dynamic_SLR0 has been changed to false in order to set EXCLUDE_PLACEMENT to true. [/home/devsounio/darwin-atlas-phase-l/build-authorized/_x/link/vivado/vpl/.local/hw_platform/tcl_hooks/impl.xdc:50]
WARNING: [Vivado 12-25893] CONTAIN_ROUTING is mutually exclusive with IS_SOFT, IS_SOFT property for pblock pblock_dynamic_SLR1 has been changed to false in order to set CONTAIN_ROUTING to true. [/home/devsounio/darwin-atlas-phase-l/build-authorized/_x/link/vivado/vpl/.local/hw_platform/tcl_hooks/impl.xdc:51]
WARNING: [Vivado 12-25895] EXCLUDE_PLACEMENT is mutually exclusive with IS_SOFT, IS_SOFT property for pblock pblock_dynamic_SLR1 has been changed to false in order to set EXCLUDE_PLACEMENT to true. [/home/devsounio/darwin-atlas-phase-l/build-authorized/_x/link/vivado/vpl/.local/hw_platform/tcl_hooks/impl.xdc:52]
WARNING: [Vivado 12-25893] CONTAIN_ROUTING is mutually exclusive with IS_SOFT, IS_SOFT property for pblock pblock_dynamic_SLR3 has been changed to false in order to set CONTAIN_ROUTING to true. [/home/devsounio/darwin-atlas-phase-l/build-authorized/_x/link/vivado/vpl/.local/hw_platform/tcl_hooks/impl.xdc:55]
WARNING: [Vivado 12-25895] EXCLUDE_PLACEMENT is mutually exclusive with IS_SOFT, IS_SOFT property for pblock pblock_dynamic_SLR3 has been changed to false in order to set EXCLUDE_PLACEMENT to true. [/home/devsounio/darwin-atlas-phase-l/build-authorized/_x/link/vivado/vpl/.local/hw_platform/tcl_hooks/impl.xdc:56]
WARNING: [Vivado 12-180] No cells matched 'level0_i/level1/level1_i/ulp/*memory_subsystem/inst/memory/ddr4_mem02'. [/home/devsounio/darwin-atlas-phase-l/build-authorized/_x/link/vivado/vpl/.local/hw_platform/tcl_hooks/impl.xdc:80]
INFO: [Timing 38-35] Done setting XDC timing constraints. [/home/devsounio/darwin-atlas-phase-l/build-authorized/_x/link/vivado/vpl/.local/hw_platform/tcl_hooks/impl.xdc:85]
INFO: [Vivado 12-2286] Implicit search of objects for pattern 'io_clk_ddr4_01_clk_p' matched to 'port' objects. [/home/devsounio/darwin-atlas-phase-l/build-authorized/_x/link/vivado/vpl/.local/hw_platform/tcl_hooks/impl.xdc:85]
Resolution: To avoid ambiguous patterns, provide proper objects using get commands e.g. [get_nets xyz].
INFO: [Vivado 12-2286] Implicit search of objects for pattern 'level0_i/level1/level1_i/ulp/ss_ucs/inst/aclk_kernel_00_hierarchy/clock_throttling_aclk_kernel_00/U0/Gate_Fast_d1_reg/D' matched to 'pin' objects. [/home/devsounio/darwin-atlas-phase-l/build-authorized/_x/link/vivado/vpl/.local/hw_platform/tcl_hooks/impl.xdc:85]
Resolution: To avoid ambiguous patterns, provide proper objects using get commands e.g. [get_nets xyz].
set_max_delay: Time (s): cpu = 00:00:24 ; elapsed = 00:00:09 . Memory (MB): peak = 6345.875 ; gain = 863.738 ; free physical = 67827 ; free virtual = 71281
INFO: [Vivado 12-2286] Implicit search of objects for pattern 'io_clk_ddr4_01_clk_p' matched to 'port' objects. [/home/devsounio/darwin-atlas-phase-l/build-authorized/_x/link/vivado/vpl/.local/hw_platform/tcl_hooks/impl.xdc:86]
Resolution: To avoid ambiguous patterns, provide proper objects using get commands e.g. [get_nets xyz].
INFO: [Vivado 12-2286] Implicit search of objects for pattern 'level0_i/level1/level1_i/ulp/ss_ucs/inst/aclk_kernel_01_hierarchy/clock_throttling_aclk_kernel_01/U0/Gate_Fast_d1_reg/D' matched to 'pin' objects. [/home/devsounio/darwin-atlas-phase-l/build-authorized/_x/link/vivado/vpl/.local/hw_platform/tcl_hooks/impl.xdc:86]
Resolution: To avoid ambiguous patterns, provide proper objects using get commands e.g. [get_nets xyz].
Finished Parsing XDC File [/home/devsounio/darwin-atlas-phase-l/build-authorized/_x/link/vivado/vpl/.local/hw_platform/tcl_hooks/impl.xdc]
Parsing XDC File [/home/devsounio/darwin-atlas-phase-l/build-authorized/_x/link/vivado/vpl/prj/prj.gen/my_rm/bd/ulp/ip/ulp_ii_level1_wire_0/uuid_stamp.xdc] for cell 'level0_i/level1/level1_i/ulp/ii_level1_wire/inst'
Finished Parsing XDC File [/home/devsounio/darwin-atlas-phase-l/build-authorized/_x/link/vivado/vpl/prj/prj.gen/my_rm/bd/ulp/ip/ulp_ii_level1_wire_0/uuid_stamp.xdc] for cell 'level0_i/level1/level1_i/ulp/ii_level1_wire/inst'
Parsing XDC File [/home/devsounio/darwin-atlas-phase-l/build-authorized/_x/link/vivado/vpl/prj/prj.gen/my_rm/bd/ulp/ip/ulp_ip_gpio_debug_axi_ctrl_mgmt_00_0/ulp_ip_gpio_debug_axi_ctrl_mgmt_00_0_board.xdc] for cell 'level0_i/level1/level1_i/ulp/ip_gpio_debug_axi_ctrl_mgmt_00/U0'
Finished Parsing XDC File [/home/devsounio/darwin-atlas-phase-l/build-authorized/_x/link/vivado/vpl/prj/prj.gen/my_rm/bd/ulp/ip/ulp_ip_gpio_debug_axi_ctrl_mgmt_00_0/ulp_ip_gpio_debug_axi_ctrl_mgmt_00_0_board.xdc] for cell 'level0_i/level1/level1_i/ulp/ip_gpio_debug_axi_ctrl_mgmt_00/U0'
Parsing XDC File [/home/devsounio/darwin-atlas-phase-l/build-authorized/_x/link/vivado/vpl/prj/prj.gen/my_rm/bd/ulp/ip/ulp_ip_gpio_debug_axi_ctrl_mgmt_01_0/ulp_ip_gpio_debug_axi_ctrl_mgmt_01_0_board.xdc] for cell 'level0_i/level1/level1_i/ulp/ip_gpio_debug_axi_ctrl_mgmt_01/U0'
Finished Parsing XDC File [/home/devsounio/darwin-atlas-phase-l/build-authorized/_x/link/vivado/vpl/prj/prj.gen/my_rm/bd/ulp/ip/ulp_ip_gpio_debug_axi_ctrl_mgmt_01_0/ulp_ip_gpio_debug_axi_ctrl_mgmt_01_0_board.xdc] for cell 'level0_i/level1/level1_i/ulp/ip_gpio_debug_axi_ctrl_mgmt_01/U0'
Parsing XDC File [/home/devsounio/darwin-atlas-phase-l/build-authorized/_x/link/vivado/vpl/prj/prj.gen/my_rm/bd/ulp/ip/ulp_ip_gpio_debug_axi_ctrl_user_00_0/ulp_ip_gpio_debug_axi_ctrl_user_00_0_board.xdc] for cell 'level0_i/level1/level1_i/ulp/ip_gpio_debug_axi_ctrl_user_00/U0'
Finished Parsing XDC File [/home/devsounio/darwin-atlas-phase-l/build-authorized/_x/link/vivado/vpl/prj/prj.gen/my_rm/bd/ulp/ip/ulp_ip_gpio_debug_axi_ctrl_user_00_0/ulp_ip_gpio_debug_axi_ctrl_user_00_0_board.xdc] for cell 'level0_i/level1/level1_i/ulp/ip_gpio_debug_axi_ctrl_user_00/U0'
Parsing XDC File [/home/devsounio/darwin-atlas-phase-l/build-authorized/_x/link/vivado/vpl/prj/prj.gen/my_rm/bd/ulp/ip/ulp_ip_gpio_debug_axi_ctrl_user_01_0/ulp_ip_gpio_debug_axi_ctrl_user_01_0_board.xdc] for cell 'level0_i/level1/level1_i/ulp/ip_gpio_debug_axi_ctrl_user_01/U0'
Finished Parsing XDC File [/home/devsounio/darwin-atlas-phase-l/build-authorized/_x/link/vivado/vpl/prj/prj.gen/my_rm/bd/ulp/ip/ulp_ip_gpio_debug_axi_ctrl_user_01_0/ulp_ip_gpio_debug_axi_ctrl_user_01_0_board.xdc] for cell 'level0_i/level1/level1_i/ulp/ip_gpio_debug_axi_ctrl_user_01/U0'
Parsing XDC File [/home/devsounio/darwin-atlas-phase-l/build-authorized/_x/link/vivado/vpl/prj/prj.gen/my_rm/bd/ulp/ip/ulp_ip_gpio_debug_axi_ctrl_user_02_0/ulp_ip_gpio_debug_axi_ctrl_user_02_0_board.xdc] for cell 'level0_i/level1/level1_i/ulp/ip_gpio_debug_axi_ctrl_user_02/U0'
Finished Parsing XDC File [/home/devsounio/darwin-atlas-phase-l/build-authorized/_x/link/vivado/vpl/prj/prj.gen/my_rm/bd/ulp/ip/ulp_ip_gpio_debug_axi_ctrl_user_02_0/ulp_ip_gpio_debug_axi_ctrl_user_02_0_board.xdc] for cell 'level0_i/level1/level1_i/ulp/ip_gpio_debug_axi_ctrl_user_02/U0'
Parsing XDC File [/home/devsounio/darwin-atlas-phase-l/build-authorized/_x/link/vivado/vpl/prj/prj.gen/my_rm/bd/ulp/ip/ulp_ip_gpio_debug_axi_ctrl_user_03_0/ulp_ip_gpio_debug_axi_ctrl_user_03_0_board.xdc] for cell 'level0_i/level1/level1_i/ulp/ip_gpio_debug_axi_ctrl_user_03/U0'
Finished Parsing XDC File [/home/devsounio/darwin-atlas-phase-l/build-authorized/_x/link/vivado/vpl/prj/prj.gen/my_rm/bd/ulp/ip/ulp_ip_gpio_debug_axi_ctrl_user_03_0/ulp_ip_gpio_debug_axi_ctrl_user_03_0_board.xdc] for cell 'level0_i/level1/level1_i/ulp/ip_gpio_debug_axi_ctrl_user_03/U0'
Parsing XDC File [/home/devsounio/darwin-atlas-phase-l/build-authorized/_x/link/vivado/vpl/prj/prj.gen/my_rm/bd/ulp/ip/ulp_ip_gpio_debug_axi_ctrl_user_debug_00_0/ulp_ip_gpio_debug_axi_ctrl_user_debug_00_0_board.xdc] for cell 'level0_i/level1/level1_i/ulp/ip_gpio_debug_axi_ctrl_user_debug_00/U0'
Finished Parsing XDC File [/home/devsounio/darwin-atlas-phase-l/build-authorized/_x/link/vivado/vpl/prj/prj.gen/my_rm/bd/ulp/ip/ulp_ip_gpio_debug_axi_ctrl_user_debug_00_0/ulp_ip_gpio_debug_axi_ctrl_user_debug_00_0_board.xdc] for cell 'level0_i/level1/level1_i/ulp/ip_gpio_debug_axi_ctrl_user_debug_00/U0'
Parsing XDC File [/home/devsounio/darwin-atlas-phase-l/build-authorized/_x/link/vivado/vpl/prj/prj.gen/my_rm/bd/ulp/ip/ulp_ip_gpio_debug_axi_data_h2c_01_0/ulp_ip_gpio_debug_axi_data_h2c_01_0_board.xdc] for cell 'level0_i/level1/level1_i/ulp/ip_gpio_debug_axi_data_h2c_01/U0'
Finished Parsing XDC File [/home/devsounio/darwin-atlas-phase-l/build-authorized/_x/link/vivado/vpl/prj/prj.gen/my_rm/bd/ulp/ip/ulp_ip_gpio_debug_axi_data_h2c_01_0/ulp_ip_gpio_debug_axi_data_h2c_01_0_board.xdc] for cell 'level0_i/level1/level1_i/ulp/ip_gpio_debug_axi_data_h2c_01/U0'
Parsing XDC File [/home/devsounio/darwin-atlas-phase-l/build-authorized/_x/link/vivado/vpl/prj/prj.gen/my_rm/bd/ulp/ip/ulp_ip_psr_aresetn_ctrl_slr0_0/ulp_ip_psr_aresetn_ctrl_slr0_0_board.xdc] for cell 'level0_i/level1/level1_i/ulp/ip_psr_aresetn_ctrl_slr0/U0'
Finished Parsing XDC File [/home/devsounio/darwin-atlas-phase-l/build-authorized/_x/link/vivado/vpl/prj/prj.gen/my_rm/bd/ulp/ip/ulp_ip_psr_aresetn_ctrl_slr0_0/ulp_ip_psr_aresetn_ctrl_slr0_0_board.xdc] for cell 'level0_i/level1/level1_i/ulp/ip_psr_aresetn_ctrl_slr0/U0'
Parsing XDC File [/home/devsounio/darwin-atlas-phase-l/build-authorized/_x/link/vivado/vpl/prj/prj.gen/my_rm/bd/ulp/ip/ulp_ip_psr_aresetn_ctrl_slr1_0/ulp_ip_psr_aresetn_ctrl_slr1_0_board.xdc] for cell 'level0_i/level1/level1_i/ulp/ip_psr_aresetn_ctrl_slr1/U0'
Finished Parsing XDC File [/home/devsounio/darwin-atlas-phase-l/build-authorized/_x/link/vivado/vpl/prj/prj.gen/my_rm/bd/ulp/ip/ulp_ip_psr_aresetn_ctrl_slr1_0/ulp_ip_psr_aresetn_ctrl_slr1_0_board.xdc] for cell 'level0_i/level1/level1_i/ulp/ip_psr_aresetn_ctrl_slr1/U0'
Parsing XDC File [/home/devsounio/darwin-atlas-phase-l/build-authorized/_x/link/vivado/vpl/prj/prj.gen/my_rm/bd/ulp/ip/ulp_ip_psr_aresetn_ctrl_slr2_0/ulp_ip_psr_aresetn_ctrl_slr2_0_board.xdc] for cell 'level0_i/level1/level1_i/ulp/ip_psr_aresetn_ctrl_slr2/U0'
Finished Parsing XDC File [/home/devsounio/darwin-atlas-phase-l/build-authorized/_x/link/vivado/vpl/prj/prj.gen/my_rm/bd/ulp/ip/ulp_ip_psr_aresetn_ctrl_slr2_0/ulp_ip_psr_aresetn_ctrl_slr2_0_board.xdc] for cell 'level0_i/level1/level1_i/ulp/ip_psr_aresetn_ctrl_slr2/U0'
Parsing XDC File [/home/devsounio/darwin-atlas-phase-l/build-authorized/_x/link/vivado/vpl/prj/prj.gen/my_rm/bd/ulp/ip/ulp_ip_psr_aresetn_ctrl_slr3_0/ulp_ip_psr_aresetn_ctrl_slr3_0_board.xdc] for cell 'level0_i/level1/level1_i/ulp/ip_psr_aresetn_ctrl_slr3/U0'
Finished Parsing XDC File [/home/devsounio/darwin-atlas-phase-l/build-authorized/_x/link/vivado/vpl/prj/prj.gen/my_rm/bd/ulp/ip/ulp_ip_psr_aresetn_ctrl_slr3_0/ulp_ip_psr_aresetn_ctrl_slr3_0_board.xdc] for cell 'level0_i/level1/level1_i/ulp/ip_psr_aresetn_ctrl_slr3/U0'
Parsing XDC File [/home/devsounio/darwin-atlas-phase-l/build-authorized/_x/link/vivado/vpl/prj/prj.gen/my_rm/bd/ulp/ip/ulp_ip_psr_aresetn_freerun_slr0_0/ulp_ip_psr_aresetn_freerun_slr0_0_board.xdc] for cell 'level0_i/level1/level1_i/ulp/ip_psr_aresetn_freerun_slr0/U0'
Finished Parsing XDC File [/home/devsounio/darwin-atlas-phase-l/build-authorized/_x/link/vivado/vpl/prj/prj.gen/my_rm/bd/ulp/ip/ulp_ip_psr_aresetn_freerun_slr0_0/ulp_ip_psr_aresetn_freerun_slr0_0_board.xdc] for cell 'level0_i/level1/level1_i/ulp/ip_psr_aresetn_freerun_slr0/U0'
Parsing XDC File [/home/devsounio/darwin-atlas-phase-l/build-authorized/_x/link/vivado/vpl/prj/prj.gen/my_rm/bd/ulp/ip/ulp_ip_psr_aresetn_freerun_slr1_0/ulp_ip_psr_aresetn_freerun_slr1_0_board.xdc] for cell 'level0_i/level1/level1_i/ulp/ip_psr_aresetn_freerun_slr1/U0'
Finished Parsing XDC File [/home/devsounio/darwin-atlas-phase-l/build-authorized/_x/link/vivado/vpl/prj/prj.gen/my_rm/bd/ulp/ip/ulp_ip_psr_aresetn_freerun_slr1_0/ulp_ip_psr_aresetn_freerun_slr1_0_board.xdc] for cell 'level0_i/level1/level1_i/ulp/ip_psr_aresetn_freerun_slr1/U0'
Parsing XDC File [/home/devsounio/darwin-atlas-phase-l/build-authorized/_x/link/vivado/vpl/prj/prj.gen/my_rm/bd/ulp/ip/ulp_ip_psr_aresetn_freerun_slr2_0/ulp_ip_psr_aresetn_freerun_slr2_0_board.xdc] for cell 'level0_i/level1/level1_i/ulp/ip_psr_aresetn_freerun_slr2/U0'
Finished Parsing XDC File [/home/devsounio/darwin-atlas-phase-l/build-authorized/_x/link/vivado/vpl/prj/prj.gen/my_rm/bd/ulp/ip/ulp_ip_psr_aresetn_freerun_slr2_0/ulp_ip_psr_aresetn_freerun_slr2_0_board.xdc] for cell 'level0_i/level1/level1_i/ulp/ip_psr_aresetn_freerun_slr2/U0'
Parsing XDC File [/home/devsounio/darwin-atlas-phase-l/build-authorized/_x/link/vivado/vpl/prj/prj.gen/my_rm/bd/ulp/ip/ulp_ip_psr_aresetn_freerun_slr3_0/ulp_ip_psr_aresetn_freerun_slr3_0_board.xdc] for cell 'level0_i/level1/level1_i/ulp/ip_psr_aresetn_freerun_slr3/U0'
Finished Parsing XDC File [/home/devsounio/darwin-atlas-phase-l/build-authorized/_x/link/vivado/vpl/prj/prj.gen/my_rm/bd/ulp/ip/ulp_ip_psr_aresetn_freerun_slr3_0/ulp_ip_psr_aresetn_freerun_slr3_0_board.xdc] for cell 'level0_i/level1/level1_i/ulp/ip_psr_aresetn_freerun_slr3/U0'
Parsing XDC File [/home/devsounio/darwin-atlas-phase-l/build-authorized/_x/link/vivado/vpl/prj/prj.gen/my_rm/bd/ulp/ip/ulp_ip_psr_aresetn_kernel_00_slr0_0/ulp_ip_psr_aresetn_kernel_00_slr0_0_board.xdc] for cell 'level0_i/level1/level1_i/ulp/ip_psr_aresetn_kernel_00_slr0/U0'
Finished Parsing XDC File [/home/devsounio/darwin-atlas-phase-l/build-authorized/_x/link/vivado/vpl/prj/prj.gen/my_rm/bd/ulp/ip/ulp_ip_psr_aresetn_kernel_00_slr0_0/ulp_ip_psr_aresetn_kernel_00_slr0_0_board.xdc] for cell 'level0_i/level1/level1_i/ulp/ip_psr_aresetn_kernel_00_slr0/U0'
Parsing XDC File [/home/devsounio/darwin-atlas-phase-l/build-authorized/_x/link/vivado/vpl/prj/prj.gen/my_rm/bd/ulp/ip/ulp_ip_psr_aresetn_kernel_00_slr1_0/ulp_ip_psr_aresetn_kernel_00_slr1_0_board.xdc] for cell 'level0_i/level1/level1_i/ulp/ip_psr_aresetn_kernel_00_slr1/U0'
Finished Parsing XDC File [/home/devsounio/darwin-atlas-phase-l/build-authorized/_x/link/vivado/vpl/prj/prj.gen/my_rm/bd/ulp/ip/ulp_ip_psr_aresetn_kernel_00_slr1_0/ulp_ip_psr_aresetn_kernel_00_slr1_0_board.xdc] for cell 'level0_i/level1/level1_i/ulp/ip_psr_aresetn_kernel_00_slr1/U0'
Parsing XDC File [/home/devsounio/darwin-atlas-phase-l/build-authorized/_x/link/vivado/vpl/prj/prj.gen/my_rm/bd/ulp/ip/ulp_ip_psr_aresetn_kernel_00_slr2_0/ulp_ip_psr_aresetn_kernel_00_slr2_0_board.xdc] for cell 'level0_i/level1/level1_i/ulp/ip_psr_aresetn_kernel_00_slr2/U0'
Finished Parsing XDC File [/home/devsounio/darwin-atlas-phase-l/build-authorized/_x/link/vivado/vpl/prj/prj.gen/my_rm/bd/ulp/ip/ulp_ip_psr_aresetn_kernel_00_slr2_0/ulp_ip_psr_aresetn_kernel_00_slr2_0_board.xdc] for cell 'level0_i/level1/level1_i/ulp/ip_psr_aresetn_kernel_00_slr2/U0'
Parsing XDC File [/home/devsounio/darwin-atlas-phase-l/build-authorized/_x/link/vivado/vpl/prj/prj.gen/my_rm/bd/ulp/ip/ulp_ip_psr_aresetn_kernel_00_slr3_0/ulp_ip_psr_aresetn_kernel_00_slr3_0_board.xdc] for cell 'level0_i/level1/level1_i/ulp/ip_psr_aresetn_kernel_00_slr3/U0'
Finished Parsing XDC File [/home/devsounio/darwin-atlas-phase-l/build-authorized/_x/link/vivado/vpl/prj/prj.gen/my_rm/bd/ulp/ip/ulp_ip_psr_aresetn_kernel_00_slr3_0/ulp_ip_psr_aresetn_kernel_00_slr3_0_board.xdc] for cell 'level0_i/level1/level1_i/ulp/ip_psr_aresetn_kernel_00_slr3/U0'
Parsing XDC File [/home/devsounio/darwin-atlas-phase-l/build-authorized/_x/link/vivado/vpl/prj/prj.gen/my_rm/bd/ulp/ip/ulp_ip_psr_aresetn_kernel_01_slr0_0/ulp_ip_psr_aresetn_kernel_01_slr0_0_board.xdc] for cell 'level0_i/level1/level1_i/ulp/ip_psr_aresetn_kernel_01_slr0/U0'
Finished Parsing XDC File [/home/devsounio/darwin-atlas-phase-l/build-authorized/_x/link/vivado/vpl/prj/prj.gen/my_rm/bd/ulp/ip/ulp_ip_psr_aresetn_kernel_01_slr0_0/ulp_ip_psr_aresetn_kernel_01_slr0_0_board.xdc] for cell 'level0_i/level1/level1_i/ulp/ip_psr_aresetn_kernel_01_slr0/U0'
Parsing XDC File [/home/devsounio/darwin-atlas-phase-l/build-authorized/_x/link/vivado/vpl/prj/prj.gen/my_rm/bd/ulp/ip/ulp_ip_psr_aresetn_kernel_01_slr1_0/ulp_ip_psr_aresetn_kernel_01_slr1_0_board.xdc] for cell 'level0_i/level1/level1_i/ulp/ip_psr_aresetn_kernel_01_slr1/U0'
Finished Parsing XDC File [/home/devsounio/darwin-atlas-phase-l/build-authorized/_x/link/vivado/vpl/prj/prj.gen/my_rm/bd/ulp/ip/ulp_ip_psr_aresetn_kernel_01_slr1_0/ulp_ip_psr_aresetn_kernel_01_slr1_0_board.xdc] for cell 'level0_i/level1/level1_i/ulp/ip_psr_aresetn_kernel_01_slr1/U0'
Parsing XDC File [/home/devsounio/darwin-atlas-phase-l/build-authorized/_x/link/vivado/vpl/prj/prj.gen/my_rm/bd/ulp/ip/ulp_ip_psr_aresetn_kernel_01_slr2_0/ulp_ip_psr_aresetn_kernel_01_slr2_0_board.xdc] for cell 'level0_i/level1/level1_i/ulp/ip_psr_aresetn_kernel_01_slr2/U0'
Finished Parsing XDC File [/home/devsounio/darwin-atlas-phase-l/build-authorized/_x/link/vivado/vpl/prj/prj.gen/my_rm/bd/ulp/ip/ulp_ip_psr_aresetn_kernel_01_slr2_0/ulp_ip_psr_aresetn_kernel_01_slr2_0_board.xdc] for cell 'level0_i/level1/level1_i/ulp/ip_psr_aresetn_kernel_01_slr2/U0'
Parsing XDC File [/home/devsounio/darwin-atlas-phase-l/build-authorized/_x/link/vivado/vpl/prj/prj.gen/my_rm/bd/ulp/ip/ulp_ip_psr_aresetn_kernel_01_slr3_0/ulp_ip_psr_aresetn_kernel_01_slr3_0_board.xdc] for cell 'level0_i/level1/level1_i/ulp/ip_psr_aresetn_kernel_01_slr3/U0'
Finished Parsing XDC File [/home/devsounio/darwin-atlas-phase-l/build-authorized/_x/link/vivado/vpl/prj/prj.gen/my_rm/bd/ulp/ip/ulp_ip_psr_aresetn_kernel_01_slr3_0/ulp_ip_psr_aresetn_kernel_01_slr3_0_board.xdc] for cell 'level0_i/level1/level1_i/ulp/ip_psr_aresetn_kernel_01_slr3/U0'
Parsing XDC File [/home/devsounio/darwin-atlas-phase-l/build-authorized/_x/link/vivado/vpl/prj/prj.gen/my_rm/bd/ulp/ip/ulp_ip_psr_aresetn_pcie_slr0_0/ulp_ip_psr_aresetn_pcie_slr0_0_board.xdc] for cell 'level0_i/level1/level1_i/ulp/ip_psr_aresetn_pcie_slr0/U0'
Finished Parsing XDC File [/home/devsounio/darwin-atlas-phase-l/build-authorized/_x/link/vivado/vpl/prj/prj.gen/my_rm/bd/ulp/ip/ulp_ip_psr_aresetn_pcie_slr0_0/ulp_ip_psr_aresetn_pcie_slr0_0_board.xdc] for cell 'level0_i/level1/level1_i/ulp/ip_psr_aresetn_pcie_slr0/U0'
Parsing XDC File [/home/devsounio/darwin-atlas-phase-l/build-authorized/_x/link/vivado/vpl/prj/prj.gen/my_rm/bd/ulp/ip/ulp_ip_psr_aresetn_pcie_slr1_0/ulp_ip_psr_aresetn_pcie_slr1_0_board.xdc] for cell 'level0_i/level1/level1_i/ulp/ip_psr_aresetn_pcie_slr1/U0'
Finished Parsing XDC File [/home/devsounio/darwin-atlas-phase-l/build-authorized/_x/link/vivado/vpl/prj/prj.gen/my_rm/bd/ulp/ip/ulp_ip_psr_aresetn_pcie_slr1_0/ulp_ip_psr_aresetn_pcie_slr1_0_board.xdc] for cell 'level0_i/level1/level1_i/ulp/ip_psr_aresetn_pcie_slr1/U0'
Parsing XDC File [/home/devsounio/darwin-atlas-phase-l/build-authorized/_x/link/vivado/vpl/prj/prj.gen/my_rm/bd/ulp/ip/ulp_ip_psr_aresetn_pcie_slr2_0/ulp_ip_psr_aresetn_pcie_slr2_0_board.xdc] for cell 'level0_i/level1/level1_i/ulp/ip_psr_aresetn_pcie_slr2/U0'
Finished Parsing XDC File [/home/devsounio/darwin-atlas-phase-l/build-authorized/_x/link/vivado/vpl/prj/prj.gen/my_rm/bd/ulp/ip/ulp_ip_psr_aresetn_pcie_slr2_0/ulp_ip_psr_aresetn_pcie_slr2_0_board.xdc] for cell 'level0_i/level1/level1_i/ulp/ip_psr_aresetn_pcie_slr2/U0'
Parsing XDC File [/home/devsounio/darwin-atlas-phase-l/build-authorized/_x/link/vivado/vpl/prj/prj.gen/my_rm/bd/ulp/ip/ulp_ip_psr_aresetn_pcie_slr3_0/ulp_ip_psr_aresetn_pcie_slr3_0_board.xdc] for cell 'level0_i/level1/level1_i/ulp/ip_psr_aresetn_pcie_slr3/U0'
Finished Parsing XDC File [/home/devsounio/darwin-atlas-phase-l/build-authorized/_x/link/vivado/vpl/prj/prj.gen/my_rm/bd/ulp/ip/ulp_ip_psr_aresetn_pcie_slr3_0/ulp_ip_psr_aresetn_pcie_slr3_0_board.xdc] for cell 'level0_i/level1/level1_i/ulp/ip_psr_aresetn_pcie_slr3/U0'
Parsing XDC File [/home/devsounio/darwin-atlas-phase-l/build-authorized/_x/link/vivado/vpl/prj/prj.gen/my_rm/bd/ulp/ip/ulp_memory_subsystem_0/bd_0/ip/ip_0/bd_b35e_psr_aclk_SLR0_0_board.xdc] for cell 'level0_i/level1/level1_i/ulp/memory_subsystem/inst/reset/psr_aclk_SLR0/U0'
Finished Parsing XDC File [/home/devsounio/darwin-atlas-phase-l/build-authorized/_x/link/vivado/vpl/prj/prj.gen/my_rm/bd/ulp/ip/ulp_memory_subsystem_0/bd_0/ip/ip_0/bd_b35e_psr_aclk_SLR0_0_board.xdc] for cell 'level0_i/level1/level1_i/ulp/memory_subsystem/inst/reset/psr_aclk_SLR0/U0'
Parsing XDC File [/home/devsounio/darwin-atlas-phase-l/build-authorized/_x/link/vivado/vpl/prj/prj.gen/my_rm/bd/ulp/ip/ulp_memory_subsystem_0/bd_0/ip/ip_2/bd_b35e_psr_aclk_SLR2_0_board.xdc] for cell 'level0_i/level1/level1_i/ulp/memory_subsystem/inst/reset/psr_aclk_SLR2/U0'
Finished Parsing XDC File [/home/devsounio/darwin-atlas-phase-l/build-authorized/_x/link/vivado/vpl/prj/prj.gen/my_rm/bd/ulp/ip/ulp_memory_subsystem_0/bd_0/ip/ip_2/bd_b35e_psr_aclk_SLR2_0_board.xdc] for cell 'level0_i/level1/level1_i/ulp/memory_subsystem/inst/reset/psr_aclk_SLR2/U0'
Parsing XDC File [/home/devsounio/darwin-atlas-phase-l/build-authorized/_x/link/vivado/vpl/prj/prj.gen/my_rm/bd/ulp/ip/ulp_memory_subsystem_0/bd_0/ip/ip_4/bd_b35e_psr_aclk1_SLR0_0_board.xdc] for cell 'level0_i/level1/level1_i/ulp/memory_subsystem/inst/reset/psr_aclk1_SLR0/U0'
Finished Parsing XDC File [/home/devsounio/darwin-atlas-phase-l/build-authorized/_x/link/vivado/vpl/prj/prj.gen/my_rm/bd/ulp/ip/ulp_memory_subsystem_0/bd_0/ip/ip_4/bd_b35e_psr_aclk1_SLR0_0_board.xdc] for cell 'level0_i/level1/level1_i/ulp/memory_subsystem/inst/reset/psr_aclk1_SLR0/U0'
Parsing XDC File [/home/devsounio/darwin-atlas-phase-l/build-authorized/_x/link/vivado/vpl/prj/prj.gen/my_rm/bd/ulp/ip/ulp_memory_subsystem_0/bd_0/ip/ip_5/bd_b35e_psr_aclk1_SLR1_0_board.xdc] for cell 'level0_i/level1/level1_i/ulp/memory_subsystem/inst/reset/psr_aclk1_SLR1/U0'
Finished Parsing XDC File [/home/devsounio/darwin-atlas-phase-l/build-authorized/_x/link/vivado/vpl/prj/prj.gen/my_rm/bd/ulp/ip/ulp_memory_subsystem_0/bd_0/ip/ip_5/bd_b35e_psr_aclk1_SLR1_0_board.xdc] for cell 'level0_i/level1/level1_i/ulp/memory_subsystem/inst/reset/psr_aclk1_SLR1/U0'
Parsing XDC File [/home/devsounio/darwin-atlas-phase-l/build-authorized/_x/link/vivado/vpl/prj/prj.gen/my_rm/bd/ulp/ip/ulp_memory_subsystem_0/bd_0/ip/ip_6/bd_b35e_psr_aclk1_SLR2_0_board.xdc] for cell 'level0_i/level1/level1_i/ulp/memory_subsystem/inst/reset/psr_aclk1_SLR2/U0'
Finished Parsing XDC File [/home/devsounio/darwin-atlas-phase-l/build-authorized/_x/link/vivado/vpl/prj/prj.gen/my_rm/bd/ulp/ip/ulp_memory_subsystem_0/bd_0/ip/ip_6/bd_b35e_psr_aclk1_SLR2_0_board.xdc] for cell 'level0_i/level1/level1_i/ulp/memory_subsystem/inst/reset/psr_aclk1_SLR2/U0'
Parsing XDC File [/home/devsounio/darwin-atlas-phase-l/build-authorized/_x/link/vivado/vpl/prj/prj.gen/my_rm/bd/ulp/ip/ulp_memory_subsystem_0/bd_0/ip/ip_13/bd_b35e_psr_aclk3_SLR1_0_board.xdc] for cell 'level0_i/level1/level1_i/ulp/memory_subsystem/inst/reset/psr_aclk3_SLR1/U0'
Finished Parsing XDC File [/home/devsounio/darwin-atlas-phase-l/build-authorized/_x/link/vivado/vpl/prj/prj.gen/my_rm/bd/ulp/ip/ulp_memory_subsystem_0/bd_0/ip/ip_13/bd_b35e_psr_aclk3_SLR1_0_board.xdc] for cell 'level0_i/level1/level1_i/ulp/memory_subsystem/inst/reset/psr_aclk3_SLR1/U0'
Parsing XDC File [/home/devsounio/darwin-atlas-phase-l/build-authorized/_x/link/vivado/vpl/prj/prj.gen/my_rm/bd/ulp/ip/ulp_memory_subsystem_0/bd_1/ip/ip_1/bd_fe25_psr0_0_board.xdc] for cell 'level0_i/level1/level1_i/ulp/memory_subsystem/inst/interconnect/interconnect_ddr4_mem00/inst/clk_map/psr0/U0'
Finished Parsing XDC File [/home/devsounio/darwin-atlas-phase-l/build-authorized/_x/link/vivado/vpl/prj/prj.gen/my_rm/bd/ulp/ip/ulp_memory_subsystem_0/bd_1/ip/ip_1/bd_fe25_psr0_0_board.xdc] for cell 'level0_i/level1/level1_i/ulp/memory_subsystem/inst/interconnect/interconnect_ddr4_mem00/inst/clk_map/psr0/U0'
Parsing XDC File [/home/devsounio/darwin-atlas-phase-l/build-authorized/_x/link/vivado/vpl/prj/prj.gen/my_rm/bd/ulp/ip/ulp_memory_subsystem_0/bd_1/ip/ip_2/bd_fe25_psr_aclk_0_board.xdc] for cell 'level0_i/level1/level1_i/ulp/memory_subsystem/inst/interconnect/interconnect_ddr4_mem00/inst/clk_map/psr_aclk/U0'
Finished Parsing XDC File [/home/devsounio/darwin-atlas-phase-l/build-authorized/_x/link/vivado/vpl/prj/prj.gen/my_rm/bd/ulp/ip/ulp_memory_subsystem_0/bd_1/ip/ip_2/bd_fe25_psr_aclk_0_board.xdc] for cell 'level0_i/level1/level1_i/ulp/memory_subsystem/inst/interconnect/interconnect_ddr4_mem00/inst/clk_map/psr_aclk/U0'
Parsing XDC File [/home/devsounio/darwin-atlas-phase-l/build-authorized/_x/link/vivado/vpl/prj/prj.gen/my_rm/bd/ulp/ip/ulp_memory_subsystem_0/bd_1/ip/ip_3/bd_fe25_psr_aclk1_0_board.xdc] for cell 'level0_i/level1/level1_i/ulp/memory_subsystem/inst/interconnect/interconnect_ddr4_mem00/inst/clk_map/psr_aclk1/U0'
Finished Parsing XDC File [/home/devsounio/darwin-atlas-phase-l/build-authorized/_x/link/vivado/vpl/prj/prj.gen/my_rm/bd/ulp/ip/ulp_memory_subsystem_0/bd_1/ip/ip_3/bd_fe25_psr_aclk1_0_board.xdc] for cell 'level0_i/level1/level1_i/ulp/memory_subsystem/inst/interconnect/interconnect_ddr4_mem00/inst/clk_map/psr_aclk1/U0'
Parsing XDC File [/home/devsounio/darwin-atlas-phase-l/build-authorized/_x/link/vivado/vpl/prj/prj.gen/my_rm/bd/ulp/ip/ulp_memory_subsystem_0/bd_0/ip/ip_17/smartconnect.xdc] for cell 'level0_i/level1/level1_i/ulp/memory_subsystem/inst/interconnect/interconnect_ddr4_mem00/inst'
WARNING: [Vivado_Tcl 4-919] Waiver ID 'CDC-1' -from list should not be empty. [/home/devsounio/darwin-atlas-phase-l/build-authorized/_x/link/vivado/vpl/prj/prj.gen/my_rm/bd/ulp/ip/ulp_memory_subsystem_0/bd_0/ip/ip_17/smartconnect.xdc:3]
WARNING: [Vivado_Tcl 4-921] Waiver ID 'CDC-1' -to list should not be empty. [/home/devsounio/darwin-atlas-phase-l/build-authorized/_x/link/vivado/vpl/prj/prj.gen/my_rm/bd/ulp/ip/ulp_memory_subsystem_0/bd_0/ip/ip_17/smartconnect.xdc:4]
WARNING: [Vivado_Tcl 4-921] Waiver ID 'CDC-1' -to list should not be empty. [/home/devsounio/darwin-atlas-phase-l/build-authorized/_x/link/vivado/vpl/prj/prj.gen/my_rm/bd/ulp/ip/ulp_memory_subsystem_0/bd_0/ip/ip_17/smartconnect.xdc:5]
WARNING: [Vivado_Tcl 4-921] Waiver ID 'CDC-1' -to list should not be empty. [/home/devsounio/darwin-atlas-phase-l/build-authorized/_x/link/vivado/vpl/prj/prj.gen/my_rm/bd/ulp/ip/ulp_memory_subsystem_0/bd_0/ip/ip_17/smartconnect.xdc:6]
WARNING: [Vivado_Tcl 4-921] Waiver ID 'CDC-1' -to list should not be empty. [/home/devsounio/darwin-atlas-phase-l/build-authorized/_x/link/vivado/vpl/prj/prj.gen/my_rm/bd/ulp/ip/ulp_memory_subsystem_0/bd_0/ip/ip_17/smartconnect.xdc:7]
WARNING: [Vivado_Tcl 4-921] Waiver ID 'CDC-1' -to list should not be empty. [/home/devsounio/darwin-atlas-phase-l/build-authorized/_x/link/vivado/vpl/prj/prj.gen/my_rm/bd/ulp/ip/ulp_memory_subsystem_0/bd_0/ip/ip_17/smartconnect.xdc:8]
WARNING: [Vivado_Tcl 4-921] Waiver ID 'CDC-1' -to list should not be empty. [/home/devsounio/darwin-atlas-phase-l/build-authorized/_x/link/vivado/vpl/prj/prj.gen/my_rm/bd/ulp/ip/ulp_memory_subsystem_0/bd_0/ip/ip_17/smartconnect.xdc:9]
WARNING: [Vivado_Tcl 4-921] Waiver ID 'CDC-1' -to list should not be empty. [/home/devsounio/darwin-atlas-phase-l/build-authorized/_x/link/vivado/vpl/prj/prj.gen/my_rm/bd/ulp/ip/ulp_memory_subsystem_0/bd_0/ip/ip_17/smartconnect.xdc:10]
WARNING: [Vivado_Tcl 4-921] Waiver ID 'CDC-1' -to list should not be empty. [/home/devsounio/darwin-atlas-phase-l/build-authorized/_x/link/vivado/vpl/prj/prj.gen/my_rm/bd/ulp/ip/ulp_memory_subsystem_0/bd_0/ip/ip_17/smartconnect.xdc:11]
WARNING: [Vivado_Tcl 4-921] Waiver ID 'CDC-1' -to list should not be empty. [/home/devsounio/darwin-atlas-phase-l/build-authorized/_x/link/vivado/vpl/prj/prj.gen/my_rm/bd/ulp/ip/ulp_memory_subsystem_0/bd_0/ip/ip_17/smartconnect.xdc:12]
WARNING: [Vivado_Tcl 4-921] Waiver ID 'CDC-1' -to list should not be empty. [/home/devsounio/darwin-atlas-phase-l/build-authorized/_x/link/vivado/vpl/prj/prj.gen/my_rm/bd/ulp/ip/ulp_memory_subsystem_0/bd_0/ip/ip_17/smartconnect.xdc:13]
WARNING: [Vivado_Tcl 4-921] Waiver ID 'CDC-1' -to list should not be empty. [/home/devsounio/darwin-atlas-phase-l/build-authorized/_x/link/vivado/vpl/prj/prj.gen/my_rm/bd/ulp/ip/ulp_memory_subsystem_0/bd_0/ip/ip_17/smartconnect.xdc:14]
WARNING: [Vivado_Tcl 4-921] Waiver ID 'CDC-1' -to list should not be empty. [/home/devsounio/darwin-atlas-phase-l/build-authorized/_x/link/vivado/vpl/prj/prj.gen/my_rm/bd/ulp/ip/ulp_memory_subsystem_0/bd_0/ip/ip_17/smartconnect.xdc:15]
WARNING: [Vivado_Tcl 4-921] Waiver ID 'CDC-1' -to list should not be empty. [/home/devsounio/darwin-atlas-phase-l/build-authorized/_x/link/vivado/vpl/prj/prj.gen/my_rm/bd/ulp/ip/ulp_memory_subsystem_0/bd_0/ip/ip_17/smartconnect.xdc:16]
WARNING: [Vivado_Tcl 4-921] Waiver ID 'CDC-1' -to list should not be empty. [/home/devsounio/darwin-atlas-phase-l/build-authorized/_x/link/vivado/vpl/prj/prj.gen/my_rm/bd/ulp/ip/ulp_memory_subsystem_0/bd_0/ip/ip_17/smartconnect.xdc:17]
WARNING: [Vivado_Tcl 4-921] Waiver ID 'CDC-1' -to list should not be empty. [/home/devsounio/darwin-atlas-phase-l/build-authorized/_x/link/vivado/vpl/prj/prj.gen/my_rm/bd/ulp/ip/ulp_memory_subsystem_0/bd_0/ip/ip_17/smartconnect.xdc:19]
WARNING: [Vivado_Tcl 4-921] Waiver ID 'CDC-1' -to list should not be empty. [/home/devsounio/darwin-atlas-phase-l/build-authorized/_x/link/vivado/vpl/prj/prj.gen/my_rm/bd/ulp/ip/ulp_memory_subsystem_0/bd_0/ip/ip_17/smartconnect.xdc:20]
WARNING: [Vivado_Tcl 4-921] Waiver ID 'CDC-1' -to list should not be empty. [/home/devsounio/darwin-atlas-phase-l/build-authorized/_x/link/vivado/vpl/prj/prj.gen/my_rm/bd/ulp/ip/ulp_memory_subsystem_0/bd_0/ip/ip_17/smartconnect.xdc:22]
WARNING: [Vivado_Tcl 4-921] Waiver ID 'CDC-1' -to list should not be empty. [/home/devsounio/darwin-atlas-phase-l/build-authorized/_x/link/vivado/vpl/prj/prj.gen/my_rm/bd/ulp/ip/ulp_memory_subsystem_0/bd_0/ip/ip_17/smartconnect.xdc:23]
WARNING: [Vivado_Tcl 4-921] Waiver ID 'CDC-1' -to list should not be empty. [/home/devsounio/darwin-atlas-phase-l/build-authorized/_x/link/vivado/vpl/prj/prj.gen/my_rm/bd/ulp/ip/ulp_memory_subsystem_0/bd_0/ip/ip_17/smartconnect.xdc:24]
WARNING: [Vivado_Tcl 4-921] Waiver ID 'CDC-1' -to list should not be empty. [/home/devsounio/darwin-atlas-phase-l/build-authorized/_x/link/vivado/vpl/prj/prj.gen/my_rm/bd/ulp/ip/ulp_memory_subsystem_0/bd_0/ip/ip_17/smartconnect.xdc:25]
WARNING: [Vivado_Tcl 4-921] Waiver ID 'CDC-1' -to list should not be empty. [/home/devsounio/darwin-atlas-phase-l/build-authorized/_x/link/vivado/vpl/prj/prj.gen/my_rm/bd/ulp/ip/ulp_memory_subsystem_0/bd_0/ip/ip_17/smartconnect.xdc:26]
WARNING: [Vivado_Tcl 4-921] Waiver ID 'CDC-1' -to list should not be empty. [/home/devsounio/darwin-atlas-phase-l/build-authorized/_x/link/vivado/vpl/prj/prj.gen/my_rm/bd/ulp/ip/ulp_memory_subsystem_0/bd_0/ip/ip_17/smartconnect.xdc:27]
WARNING: [Vivado_Tcl 4-921] Waiver ID 'CDC-1' -to list should not be empty. [/home/devsounio/darwin-atlas-phase-l/build-authorized/_x/link/vivado/vpl/prj/prj.gen/my_rm/bd/ulp/ip/ulp_memory_subsystem_0/bd_0/ip/ip_17/smartconnect.xdc:28]
WARNING: [Vivado_Tcl 4-921] Waiver ID 'CDC-1' -to list should not be empty. [/home/devsounio/darwin-atlas-phase-l/build-authorized/_x/link/vivado/vpl/prj/prj.gen/my_rm/bd/ulp/ip/ulp_memory_subsystem_0/bd_0/ip/ip_17/smartconnect.xdc:29]
WARNING: [Vivado_Tcl 4-921] Waiver ID 'CDC-1' -to list should not be empty. [/home/devsounio/darwin-atlas-phase-l/build-authorized/_x/link/vivado/vpl/prj/prj.gen/my_rm/bd/ulp/ip/ulp_memory_subsystem_0/bd_0/ip/ip_17/smartconnect.xdc:31]
WARNING: [Vivado_Tcl 4-921] Waiver ID 'CDC-1' -to list should not be empty. [/home/devsounio/darwin-atlas-phase-l/build-authorized/_x/link/vivado/vpl/prj/prj.gen/my_rm/bd/ulp/ip/ulp_memory_subsystem_0/bd_0/ip/ip_17/smartconnect.xdc:33]
WARNING: [Vivado_Tcl 4-921] Waiver ID 'CDC-1' -to list should not be empty. [/home/devsounio/darwin-atlas-phase-l/build-authorized/_x/link/vivado/vpl/prj/prj.gen/my_rm/bd/ulp/ip/ulp_memory_subsystem_0/bd_0/ip/ip_17/smartconnect.xdc:34]
WARNING: [Vivado_Tcl 4-921] Waiver ID 'CDC-1' -to list should not be empty. [/home/devsounio/darwin-atlas-phase-l/build-authorized/_x/link/vivado/vpl/prj/prj.gen/my_rm/bd/ulp/ip/ulp_memory_subsystem_0/bd_0/ip/ip_17/smartconnect.xdc:35]
WARNING: [Vivado_Tcl 4-921] Waiver ID 'CDC-1' -to list should not be empty. [/home/devsounio/darwin-atlas-phase-l/build-authorized/_x/link/vivado/vpl/prj/prj.gen/my_rm/bd/ulp/ip/ulp_memory_subsystem_0/bd_0/ip/ip_17/smartconnect.xdc:36]
WARNING: [Vivado_Tcl 4-921] Waiver ID 'CDC-1' -to list should not be empty. [/home/devsounio/darwin-atlas-phase-l/build-authorized/_x/link/vivado/vpl/prj/prj.gen/my_rm/bd/ulp/ip/ulp_memory_subsystem_0/bd_0/ip/ip_17/smartconnect.xdc:37]
WARNING: [Vivado_Tcl 4-921] Waiver ID 'CDC-1' -to list should not be empty. [/home/devsounio/darwin-atlas-phase-l/build-authorized/_x/link/vivado/vpl/prj/prj.gen/my_rm/bd/ulp/ip/ulp_memory_subsystem_0/bd_0/ip/ip_17/smartconnect.xdc:38]
WARNING: [Vivado_Tcl 4-921] Waiver ID 'CDC-1' -to list should not be empty. [/home/devsounio/darwin-atlas-phase-l/build-authorized/_x/link/vivado/vpl/prj/prj.gen/my_rm/bd/ulp/ip/ulp_memory_subsystem_0/bd_0/ip/ip_17/smartconnect.xdc:39]
WARNING: [Vivado_Tcl 4-921] Waiver ID 'CDC-1' -to list should not be empty. [/home/devsounio/darwin-atlas-phase-l/build-authorized/_x/link/vivado/vpl/prj/prj.gen/my_rm/bd/ulp/ip/ulp_memory_subsystem_0/bd_0/ip/ip_17/smartconnect.xdc:40]
WARNING: [Vivado_Tcl 4-921] Waiver ID 'CDC-1' -to list should not be empty. [/home/devsounio/darwin-atlas-phase-l/build-authorized/_x/link/vivado/vpl/prj/prj.gen/my_rm/bd/ulp/ip/ulp_memory_subsystem_0/bd_0/ip/ip_17/smartconnect.xdc:41]
WARNING: [Vivado_Tcl 4-921] Waiver ID 'CDC-2' -to list should not be empty. [/home/devsounio/darwin-atlas-phase-l/build-authorized/_x/link/vivado/vpl/prj/prj.gen/my_rm/bd/ulp/ip/ulp_memory_subsystem_0/bd_0/ip/ip_17/smartconnect.xdc:42]
WARNING: [Vivado_Tcl 4-921] Waiver ID 'CDC-2' -to list should not be empty. [/home/devsounio/darwin-atlas-phase-l/build-authorized/_x/link/vivado/vpl/prj/prj.gen/my_rm/bd/ulp/ip/ulp_memory_subsystem_0/bd_0/ip/ip_17/smartconnect.xdc:43]
WARNING: [Vivado_Tcl 4-921] Waiver ID 'CDC-2' -to list should not be empty. [/home/devsounio/darwin-atlas-phase-l/build-authorized/_x/link/vivado/vpl/prj/prj.gen/my_rm/bd/ulp/ip/ulp_memory_subsystem_0/bd_0/ip/ip_17/smartconnect.xdc:44]
WARNING: [Vivado_Tcl 4-921] Waiver ID 'CDC-10' -to list should not be empty. [/home/devsounio/darwin-atlas-phase-l/build-authorized/_x/link/vivado/vpl/prj/prj.gen/my_rm/bd/ulp/ip/ulp_memory_subsystem_0/bd_0/ip/ip_17/smartconnect.xdc:45]
WARNING: [Vivado_Tcl 4-921] Waiver ID 'CDC-10' -to list should not be empty. [/home/devsounio/darwin-atlas-phase-l/build-authorized/_x/link/vivado/vpl/prj/prj.gen/my_rm/bd/ulp/ip/ulp_memory_subsystem_0/bd_0/ip/ip_17/smartconnect.xdc:46]
WARNING: [Vivado_Tcl 4-921] Waiver ID 'CDC-10' -to list should not be empty. [/home/devsounio/darwin-atlas-phase-l/build-authorized/_x/link/vivado/vpl/prj/prj.gen/my_rm/bd/ulp/ip/ulp_memory_subsystem_0/bd_0/ip/ip_17/smartconnect.xdc:47]
WARNING: [Vivado_Tcl 4-921] Waiver ID 'CDC-4' -to list should not be empty. [/home/devsounio/darwin-atlas-phase-l/build-authorized/_x/link/vivado/vpl/prj/prj.gen/my_rm/bd/ulp/ip/ulp_memory_subsystem_0/bd_0/ip/ip_17/smartconnect.xdc:48]
WARNING: [Vivado_Tcl 4-921] Waiver ID 'CDC-4' -to list should not be empty. [/home/devsounio/darwin-atlas-phase-l/build-authorized/_x/link/vivado/vpl/prj/prj.gen/my_rm/bd/ulp/ip/ulp_memory_subsystem_0/bd_0/ip/ip_17/smartconnect.xdc:49]
WARNING: [Vivado_Tcl 4-921] Waiver ID 'CDC-4' -to list should not be empty. [/home/devsounio/darwin-atlas-phase-l/build-authorized/_x/link/vivado/vpl/prj/prj.gen/my_rm/bd/ulp/ip/ulp_memory_subsystem_0/bd_0/ip/ip_17/smartconnect.xdc:50]
WARNING: [Vivado_Tcl 4-921] Waiver ID 'CDC-13' -to list should not be empty. [/home/devsounio/darwin-atlas-phase-l/build-authorized/_x/link/vivado/vpl/prj/prj.gen/my_rm/bd/ulp/ip/ulp_memory_subsystem_0/bd_0/ip/ip_17/smartconnect.xdc:51]
WARNING: [Vivado_Tcl 4-921] Waiver ID 'CDC-13' -to list should not be empty. [/home/devsounio/darwin-atlas-phase-l/build-authorized/_x/link/vivado/vpl/prj/prj.gen/my_rm/bd/ulp/ip/ulp_memory_subsystem_0/bd_0/ip/ip_17/smartconnect.xdc:52]
WARNING: [Vivado_Tcl 4-919] Waiver ID 'CDC-1' -from list should not be empty. [/home/devsounio/darwin-atlas-phase-l/build-authorized/_x/link/vivado/vpl/prj/prj.gen/my_rm/bd/ulp/ip/ulp_memory_subsystem_0/bd_0/ip/ip_17/smartconnect.xdc:53]
WARNING: [Vivado_Tcl 4-919] Waiver ID 'CDC-13' -from list should not be empty. [/home/devsounio/darwin-atlas-phase-l/build-authorized/_x/link/vivado/vpl/prj/prj.gen/my_rm/bd/ulp/ip/ulp_memory_subsystem_0/bd_0/ip/ip_17/smartconnect.xdc:54]
WARNING: [Vivado_Tcl 4-921] Waiver ID 'CDC-10' -to list should not be empty. [/home/devsounio/darwin-atlas-phase-l/build-authorized/_x/link/vivado/vpl/prj/prj.gen/my_rm/bd/ulp/ip/ulp_memory_subsystem_0/bd_0/ip/ip_17/smartconnect.xdc:55]
WARNING: [Vivado_Tcl 4-921] Waiver ID 'CDC-11' -to list should not be empty. [/home/devsounio/darwin-atlas-phase-l/build-authorized/_x/link/vivado/vpl/prj/prj.gen/my_rm/bd/ulp/ip/ulp_memory_subsystem_0/bd_0/ip/ip_17/smartconnect.xdc:56]
WARNING: [Vivado_Tcl 4-921] Waiver ID 'CDC-2' -to list should not be empty. [/home/devsounio/darwin-atlas-phase-l/build-authorized/_x/link/vivado/vpl/prj/prj.gen/my_rm/bd/ulp/ip/ulp_memory_subsystem_0/bd_0/ip/ip_17/smartconnect.xdc:57]
Finished Parsing XDC File [/home/devsounio/darwin-atlas-phase-l/build-authorized/_x/link/vivado/vpl/prj/prj.gen/my_rm/bd/ulp/ip/ulp_memory_subsystem_0/bd_0/ip/ip_17/smartconnect.xdc] for cell 'level0_i/level1/level1_i/ulp/memory_subsystem/inst/interconnect/interconnect_ddr4_mem00/inst'
Parsing XDC File [/home/devsounio/darwin-atlas-phase-l/build-authorized/_x/link/vivado/vpl/prj/prj.gen/my_rm/bd/ulp/ip/ulp_memory_subsystem_0/bd_2/ip/ip_1/bd_3e74_psr0_0_board.xdc] for cell 'level0_i/level1/level1_i/ulp/memory_subsystem/inst/interconnect/interconnect_ddr4_mem01/inst/clk_map/psr0/U0'
Finished Parsing XDC File [/home/devsounio/darwin-atlas-phase-l/build-authorized/_x/link/vivado/vpl/prj/prj.gen/my_rm/bd/ulp/ip/ulp_memory_subsystem_0/bd_2/ip/ip_1/bd_3e74_psr0_0_board.xdc] for cell 'level0_i/level1/level1_i/ulp/memory_subsystem/inst/interconnect/interconnect_ddr4_mem01/inst/clk_map/psr0/U0'
Parsing XDC File [/home/devsounio/darwin-atlas-phase-l/build-authorized/_x/link/vivado/vpl/prj/prj.gen/my_rm/bd/ulp/ip/ulp_memory_subsystem_0/bd_2/ip/ip_2/bd_3e74_psr_aclk_0_board.xdc] for cell 'level0_i/level1/level1_i/ulp/memory_subsystem/inst/interconnect/interconnect_ddr4_mem01/inst/clk_map/psr_aclk/U0'
Finished Parsing XDC File [/home/devsounio/darwin-atlas-phase-l/build-authorized/_x/link/vivado/vpl/prj/prj.gen/my_rm/bd/ulp/ip/ulp_memory_subsystem_0/bd_2/ip/ip_2/bd_3e74_psr_aclk_0_board.xdc] for cell 'level0_i/level1/level1_i/ulp/memory_subsystem/inst/interconnect/interconnect_ddr4_mem01/inst/clk_map/psr_aclk/U0'
Parsing XDC File [/home/devsounio/darwin-atlas-phase-l/build-authorized/_x/link/vivado/vpl/prj/prj.gen/my_rm/bd/ulp/ip/ulp_memory_subsystem_0/bd_2/ip/ip_3/bd_3e74_psr_aclk1_0_board.xdc] for cell 'level0_i/level1/level1_i/ulp/memory_subsystem/inst/interconnect/interconnect_ddr4_mem01/inst/clk_map/psr_aclk1/U0'
Finished Parsing XDC File [/home/devsounio/darwin-atlas-phase-l/build-authorized/_x/link/vivado/vpl/prj/prj.gen/my_rm/bd/ulp/ip/ulp_memory_subsystem_0/bd_2/ip/ip_3/bd_3e74_psr_aclk1_0_board.xdc] for cell 'level0_i/level1/level1_i/ulp/memory_subsystem/inst/interconnect/interconnect_ddr4_mem01/inst/clk_map/psr_aclk1/U0'
Parsing XDC File [/home/devsounio/darwin-atlas-phase-l/build-authorized/_x/link/vivado/vpl/prj/prj.gen/my_rm/bd/ulp/ip/ulp_memory_subsystem_0/bd_0/ip/ip_18/smartconnect.xdc] for cell 'level0_i/level1/level1_i/ulp/memory_subsystem/inst/interconnect/interconnect_ddr4_mem01/inst'
WARNING: [Vivado_Tcl 4-919] Waiver ID 'CDC-1' -from list should not be empty. [/home/devsounio/darwin-atlas-phase-l/build-authorized/_x/link/vivado/vpl/prj/prj.gen/my_rm/bd/ulp/ip/ulp_memory_subsystem_0/bd_0/ip/ip_18/smartconnect.xdc:3]
WARNING: [Vivado_Tcl 4-921] Waiver ID 'CDC-1' -to list should not be empty. [/home/devsounio/darwin-atlas-phase-l/build-authorized/_x/link/vivado/vpl/prj/prj.gen/my_rm/bd/ulp/ip/ulp_memory_subsystem_0/bd_0/ip/ip_18/smartconnect.xdc:4]
WARNING: [Vivado_Tcl 4-921] Waiver ID 'CDC-1' -to list should not be empty. [/home/devsounio/darwin-atlas-phase-l/build-authorized/_x/link/vivado/vpl/prj/prj.gen/my_rm/bd/ulp/ip/ulp_memory_subsystem_0/bd_0/ip/ip_18/smartconnect.xdc:5]
WARNING: [Vivado_Tcl 4-921] Waiver ID 'CDC-1' -to list should not be empty. [/home/devsounio/darwin-atlas-phase-l/build-authorized/_x/link/vivado/vpl/prj/prj.gen/my_rm/bd/ulp/ip/ulp_memory_subsystem_0/bd_0/ip/ip_18/smartconnect.xdc:6]
WARNING: [Vivado_Tcl 4-921] Waiver ID 'CDC-1' -to list should not be empty. [/home/devsounio/darwin-atlas-phase-l/build-authorized/_x/link/vivado/vpl/prj/prj.gen/my_rm/bd/ulp/ip/ulp_memory_subsystem_0/bd_0/ip/ip_18/smartconnect.xdc:7]
WARNING: [Vivado_Tcl 4-921] Waiver ID 'CDC-1' -to list should not be empty. [/home/devsounio/darwin-atlas-phase-l/build-authorized/_x/link/vivado/vpl/prj/prj.gen/my_rm/bd/ulp/ip/ulp_memory_subsystem_0/bd_0/ip/ip_18/smartconnect.xdc:8]
WARNING: [Vivado_Tcl 4-921] Waiver ID 'CDC-1' -to list should not be empty. [/home/devsounio/darwin-atlas-phase-l/build-authorized/_x/link/vivado/vpl/prj/prj.gen/my_rm/bd/ulp/ip/ulp_memory_subsystem_0/bd_0/ip/ip_18/smartconnect.xdc:9]
WARNING: [Vivado_Tcl 4-921] Waiver ID 'CDC-1' -to list should not be empty. [/home/devsounio/darwin-atlas-phase-l/build-authorized/_x/link/vivado/vpl/prj/prj.gen/my_rm/bd/ulp/ip/ulp_memory_subsystem_0/bd_0/ip/ip_18/smartconnect.xdc:10]
WARNING: [Vivado_Tcl 4-921] Waiver ID 'CDC-1' -to list should not be empty. [/home/devsounio/darwin-atlas-phase-l/build-authorized/_x/link/vivado/vpl/prj/prj.gen/my_rm/bd/ulp/ip/ulp_memory_subsystem_0/bd_0/ip/ip_18/smartconnect.xdc:11]
WARNING: [Vivado_Tcl 4-921] Waiver ID 'CDC-1' -to list should not be empty. [/home/devsounio/darwin-atlas-phase-l/build-authorized/_x/link/vivado/vpl/prj/prj.gen/my_rm/bd/ulp/ip/ulp_memory_subsystem_0/bd_0/ip/ip_18/smartconnect.xdc:12]
WARNING: [Vivado_Tcl 4-921] Waiver ID 'CDC-1' -to list should not be empty. [/home/devsounio/darwin-atlas-phase-l/build-authorized/_x/link/vivado/vpl/prj/prj.gen/my_rm/bd/ulp/ip/ulp_memory_subsystem_0/bd_0/ip/ip_18/smartconnect.xdc:13]
WARNING: [Vivado_Tcl 4-921] Waiver ID 'CDC-1' -to list should not be empty. [/home/devsounio/darwin-atlas-phase-l/build-authorized/_x/link/vivado/vpl/prj/prj.gen/my_rm/bd/ulp/ip/ulp_memory_subsystem_0/bd_0/ip/ip_18/smartconnect.xdc:14]
WARNING: [Vivado_Tcl 4-921] Waiver ID 'CDC-1' -to list should not be empty. [/home/devsounio/darwin-atlas-phase-l/build-authorized/_x/link/vivado/vpl/prj/prj.gen/my_rm/bd/ulp/ip/ulp_memory_subsystem_0/bd_0/ip/ip_18/smartconnect.xdc:15]
WARNING: [Vivado_Tcl 4-921] Waiver ID 'CDC-1' -to list should not be empty. [/home/devsounio/darwin-atlas-phase-l/build-authorized/_x/link/vivado/vpl/prj/prj.gen/my_rm/bd/ulp/ip/ulp_memory_subsystem_0/bd_0/ip/ip_18/smartconnect.xdc:16]
WARNING: [Vivado_Tcl 4-921] Waiver ID 'CDC-1' -to list should not be empty. [/home/devsounio/darwin-atlas-phase-l/build-authorized/_x/link/vivado/vpl/prj/prj.gen/my_rm/bd/ulp/ip/ulp_memory_subsystem_0/bd_0/ip/ip_18/smartconnect.xdc:17]
WARNING: [Vivado_Tcl 4-921] Waiver ID 'CDC-1' -to list should not be empty. [/home/devsounio/darwin-atlas-phase-l/build-authorized/_x/link/vivado/vpl/prj/prj.gen/my_rm/bd/ulp/ip/ulp_memory_subsystem_0/bd_0/ip/ip_18/smartconnect.xdc:19]
WARNING: [Vivado_Tcl 4-921] Waiver ID 'CDC-1' -to list should not be empty. [/home/devsounio/darwin-atlas-phase-l/build-authorized/_x/link/vivado/vpl/prj/prj.gen/my_rm/bd/ulp/ip/ulp_memory_subsystem_0/bd_0/ip/ip_18/smartconnect.xdc:20]
WARNING: [Vivado_Tcl 4-921] Waiver ID 'CDC-1' -to list should not be empty. [/home/devsounio/darwin-atlas-phase-l/build-authorized/_x/link/vivado/vpl/prj/prj.gen/my_rm/bd/ulp/ip/ulp_memory_subsystem_0/bd_0/ip/ip_18/smartconnect.xdc:22]
WARNING: [Vivado_Tcl 4-921] Waiver ID 'CDC-1' -to list should not be empty. [/home/devsounio/darwin-atlas-phase-l/build-authorized/_x/link/vivado/vpl/prj/prj.gen/my_rm/bd/ulp/ip/ulp_memory_subsystem_0/bd_0/ip/ip_18/smartconnect.xdc:23]
WARNING: [Vivado_Tcl 4-921] Waiver ID 'CDC-1' -to list should not be empty. [/home/devsounio/darwin-atlas-phase-l/build-authorized/_x/link/vivado/vpl/prj/prj.gen/my_rm/bd/ulp/ip/ulp_memory_subsystem_0/bd_0/ip/ip_18/smartconnect.xdc:24]
WARNING: [Vivado_Tcl 4-921] Waiver ID 'CDC-1' -to list should not be empty. [/home/devsounio/darwin-atlas-phase-l/build-authorized/_x/link/vivado/vpl/prj/prj.gen/my_rm/bd/ulp/ip/ulp_memory_subsystem_0/bd_0/ip/ip_18/smartconnect.xdc:25]
WARNING: [Vivado_Tcl 4-921] Waiver ID 'CDC-1' -to list should not be empty. [/home/devsounio/darwin-atlas-phase-l/build-authorized/_x/link/vivado/vpl/prj/prj.gen/my_rm/bd/ulp/ip/ulp_memory_subsystem_0/bd_0/ip/ip_18/smartconnect.xdc:26]
WARNING: [Vivado_Tcl 4-921] Waiver ID 'CDC-1' -to list should not be empty. [/home/devsounio/darwin-atlas-phase-l/build-authorized/_x/link/vivado/vpl/prj/prj.gen/my_rm/bd/ulp/ip/ulp_memory_subsystem_0/bd_0/ip/ip_18/smartconnect.xdc:27]
WARNING: [Vivado_Tcl 4-921] Waiver ID 'CDC-1' -to list should not be empty. [/home/devsounio/darwin-atlas-phase-l/build-authorized/_x/link/vivado/vpl/prj/prj.gen/my_rm/bd/ulp/ip/ulp_memory_subsystem_0/bd_0/ip/ip_18/smartconnect.xdc:28]
WARNING: [Vivado_Tcl 4-921] Waiver ID 'CDC-1' -to list should not be empty. [/home/devsounio/darwin-atlas-phase-l/build-authorized/_x/link/vivado/vpl/prj/prj.gen/my_rm/bd/ulp/ip/ulp_memory_subsystem_0/bd_0/ip/ip_18/smartconnect.xdc:29]
WARNING: [Vivado_Tcl 4-921] Waiver ID 'CDC-1' -to list should not be empty. [/home/devsounio/darwin-atlas-phase-l/build-authorized/_x/link/vivado/vpl/prj/prj.gen/my_rm/bd/ulp/ip/ulp_memory_subsystem_0/bd_0/ip/ip_18/smartconnect.xdc:31]
WARNING: [Vivado_Tcl 4-921] Waiver ID 'CDC-1' -to list should not be empty. [/home/devsounio/darwin-atlas-phase-l/build-authorized/_x/link/vivado/vpl/prj/prj.gen/my_rm/bd/ulp/ip/ulp_memory_subsystem_0/bd_0/ip/ip_18/smartconnect.xdc:33]
INFO: [Common 17-14] Message 'Vivado 12-180' appears 100 times and further instances of the messages will be disabled. [Vivado 12-180:100]
WARNING: [Vivado_Tcl 4-921] Waiver ID 'CDC-1' -to list should not be empty. [/home/devsounio/darwin-atlas-phase-l/build-authorized/_x/link/vivado/vpl/prj/prj.gen/my_rm/bd/ulp/ip/ulp_memory_subsystem_0/bd_0/ip/ip_18/smartconnect.xdc:34]
WARNING: [Vivado_Tcl 4-921] Waiver ID 'CDC-1' -to list should not be empty. [/home/devsounio/darwin-atlas-phase-l/build-authorized/_x/link/vivado/vpl/prj/prj.gen/my_rm/bd/ulp/ip/ulp_memory_subsystem_0/bd_0/ip/ip_18/smartconnect.xdc:35]
WARNING: [Vivado_Tcl 4-921] Waiver ID 'CDC-1' -to list should not be empty. [/home/devsounio/darwin-atlas-phase-l/build-authorized/_x/link/vivado/vpl/prj/prj.gen/my_rm/bd/ulp/ip/ulp_memory_subsystem_0/bd_0/ip/ip_18/smartconnect.xdc:36]
WARNING: [Vivado_Tcl 4-921] Waiver ID 'CDC-1' -to list should not be empty. [/home/devsounio/darwin-atlas-phase-l/build-authorized/_x/link/vivado/vpl/prj/prj.gen/my_rm/bd/ulp/ip/ulp_memory_subsystem_0/bd_0/ip/ip_18/smartconnect.xdc:37]
WARNING: [Vivado_Tcl 4-921] Waiver ID 'CDC-1' -to list should not be empty. [/home/devsounio/darwin-atlas-phase-l/build-authorized/_x/link/vivado/vpl/prj/prj.gen/my_rm/bd/ulp/ip/ulp_memory_subsystem_0/bd_0/ip/ip_18/smartconnect.xdc:38]
WARNING: [Vivado_Tcl 4-921] Waiver ID 'CDC-1' -to list should not be empty. [/home/devsounio/darwin-atlas-phase-l/build-authorized/_x/link/vivado/vpl/prj/prj.gen/my_rm/bd/ulp/ip/ulp_memory_subsystem_0/bd_0/ip/ip_18/smartconnect.xdc:39]
WARNING: [Vivado_Tcl 4-921] Waiver ID 'CDC-1' -to list should not be empty. [/home/devsounio/darwin-atlas-phase-l/build-authorized/_x/link/vivado/vpl/prj/prj.gen/my_rm/bd/ulp/ip/ulp_memory_subsystem_0/bd_0/ip/ip_18/smartconnect.xdc:40]
WARNING: [Vivado_Tcl 4-921] Waiver ID 'CDC-1' -to list should not be empty. [/home/devsounio/darwin-atlas-phase-l/build-authorized/_x/link/vivado/vpl/prj/prj.gen/my_rm/bd/ulp/ip/ulp_memory_subsystem_0/bd_0/ip/ip_18/smartconnect.xdc:41]
WARNING: [Vivado_Tcl 4-921] Waiver ID 'CDC-2' -to list should not be empty. [/home/devsounio/darwin-atlas-phase-l/build-authorized/_x/link/vivado/vpl/prj/prj.gen/my_rm/bd/ulp/ip/ulp_memory_subsystem_0/bd_0/ip/ip_18/smartconnect.xdc:42]
WARNING: [Vivado_Tcl 4-921] Waiver ID 'CDC-2' -to list should not be empty. [/home/devsounio/darwin-atlas-phase-l/build-authorized/_x/link/vivado/vpl/prj/prj.gen/my_rm/bd/ulp/ip/ulp_memory_subsystem_0/bd_0/ip/ip_18/smartconnect.xdc:43]
WARNING: [Vivado_Tcl 4-921] Waiver ID 'CDC-2' -to list should not be empty. [/home/devsounio/darwin-atlas-phase-l/build-authorized/_x/link/vivado/vpl/prj/prj.gen/my_rm/bd/ulp/ip/ulp_memory_subsystem_0/bd_0/ip/ip_18/smartconnect.xdc:44]
WARNING: [Vivado_Tcl 4-921] Waiver ID 'CDC-10' -to list should not be empty. [/home/devsounio/darwin-atlas-phase-l/build-authorized/_x/link/vivado/vpl/prj/prj.gen/my_rm/bd/ulp/ip/ulp_memory_subsystem_0/bd_0/ip/ip_18/smartconnect.xdc:45]
WARNING: [Vivado_Tcl 4-921] Waiver ID 'CDC-10' -to list should not be empty. [/home/devsounio/darwin-atlas-phase-l/build-authorized/_x/link/vivado/vpl/prj/prj.gen/my_rm/bd/ulp/ip/ulp_memory_subsystem_0/bd_0/ip/ip_18/smartconnect.xdc:46]
WARNING: [Vivado_Tcl 4-921] Waiver ID 'CDC-10' -to list should not be empty. [/home/devsounio/darwin-atlas-phase-l/build-authorized/_x/link/vivado/vpl/prj/prj.gen/my_rm/bd/ulp/ip/ulp_memory_subsystem_0/bd_0/ip/ip_18/smartconnect.xdc:47]
WARNING: [Vivado_Tcl 4-921] Waiver ID 'CDC-4' -to list should not be empty. [/home/devsounio/darwin-atlas-phase-l/build-authorized/_x/link/vivado/vpl/prj/prj.gen/my_rm/bd/ulp/ip/ulp_memory_subsystem_0/bd_0/ip/ip_18/smartconnect.xdc:48]
WARNING: [Vivado_Tcl 4-921] Waiver ID 'CDC-4' -to list should not be empty. [/home/devsounio/darwin-atlas-phase-l/build-authorized/_x/link/vivado/vpl/prj/prj.gen/my_rm/bd/ulp/ip/ulp_memory_subsystem_0/bd_0/ip/ip_18/smartconnect.xdc:49]
WARNING: [Vivado_Tcl 4-921] Waiver ID 'CDC-4' -to list should not be empty. [/home/devsounio/darwin-atlas-phase-l/build-authorized/_x/link/vivado/vpl/prj/prj.gen/my_rm/bd/ulp/ip/ulp_memory_subsystem_0/bd_0/ip/ip_18/smartconnect.xdc:50]
WARNING: [Vivado_Tcl 4-921] Waiver ID 'CDC-13' -to list should not be empty. [/home/devsounio/darwin-atlas-phase-l/build-authorized/_x/link/vivado/vpl/prj/prj.gen/my_rm/bd/ulp/ip/ulp_memory_subsystem_0/bd_0/ip/ip_18/smartconnect.xdc:51]
WARNING: [Vivado_Tcl 4-921] Waiver ID 'CDC-13' -to list should not be empty. [/home/devsounio/darwin-atlas-phase-l/build-authorized/_x/link/vivado/vpl/prj/prj.gen/my_rm/bd/ulp/ip/ulp_memory_subsystem_0/bd_0/ip/ip_18/smartconnect.xdc:52]
WARNING: [Vivado_Tcl 4-919] Waiver ID 'CDC-1' -from list should not be empty. [/home/devsounio/darwin-atlas-phase-l/build-authorized/_x/link/vivado/vpl/prj/prj.gen/my_rm/bd/ulp/ip/ulp_memory_subsystem_0/bd_0/ip/ip_18/smartconnect.xdc:53]
WARNING: [Vivado_Tcl 4-919] Waiver ID 'CDC-13' -from list should not be empty. [/home/devsounio/darwin-atlas-phase-l/build-authorized/_x/link/vivado/vpl/prj/prj.gen/my_rm/bd/ulp/ip/ulp_memory_subsystem_0/bd_0/ip/ip_18/smartconnect.xdc:54]
WARNING: [Vivado_Tcl 4-921] Waiver ID 'CDC-10' -to list should not be empty. [/home/devsounio/darwin-atlas-phase-l/build-authorized/_x/link/vivado/vpl/prj/prj.gen/my_rm/bd/ulp/ip/ulp_memory_subsystem_0/bd_0/ip/ip_18/smartconnect.xdc:55]
WARNING: [Vivado_Tcl 4-921] Waiver ID 'CDC-11' -to list should not be empty. [/home/devsounio/darwin-atlas-phase-l/build-authorized/_x/link/vivado/vpl/prj/prj.gen/my_rm/bd/ulp/ip/ulp_memory_subsystem_0/bd_0/ip/ip_18/smartconnect.xdc:56]
WARNING: [Vivado_Tcl 4-921] Waiver ID 'CDC-2' -to list should not be empty. [/home/devsounio/darwin-atlas-phase-l/build-authorized/_x/link/vivado/vpl/prj/prj.gen/my_rm/bd/ulp/ip/ulp_memory_subsystem_0/bd_0/ip/ip_18/smartconnect.xdc:57]
Finished Parsing XDC File [/home/devsounio/darwin-atlas-phase-l/build-authorized/_x/link/vivado/vpl/prj/prj.gen/my_rm/bd/ulp/ip/ulp_memory_subsystem_0/bd_0/ip/ip_18/smartconnect.xdc] for cell 'level0_i/level1/level1_i/ulp/memory_subsystem/inst/interconnect/interconnect_ddr4_mem01/inst'
Parsing XDC File [/home/devsounio/darwin-atlas-phase-l/build-authorized/_x/link/vivado/vpl/prj/prj.gen/my_rm/bd/ulp/ip/ulp_memory_subsystem_0/bd_3/ip/ip_1/bd_928c_psr0_0_board.xdc] for cell 'level0_i/level1/level1_i/ulp/memory_subsystem/inst/interconnect/interconnect_m00_axi_mem00/inst/clk_map/psr0/U0'
Finished Parsing XDC File [/home/devsounio/darwin-atlas-phase-l/build-authorized/_x/link/vivado/vpl/prj/prj.gen/my_rm/bd/ulp/ip/ulp_memory_subsystem_0/bd_3/ip/ip_1/bd_928c_psr0_0_board.xdc] for cell 'level0_i/level1/level1_i/ulp/memory_subsystem/inst/interconnect/interconnect_m00_axi_mem00/inst/clk_map/psr0/U0'
Parsing XDC File [/home/devsounio/darwin-atlas-phase-l/build-authorized/_x/link/vivado/vpl/prj/prj.gen/my_rm/bd/ulp/ip/ulp_memory_subsystem_0/bd_3/ip/ip_2/bd_928c_psr_aclk_0_board.xdc] for cell 'level0_i/level1/level1_i/ulp/memory_subsystem/inst/interconnect/interconnect_m00_axi_mem00/inst/clk_map/psr_aclk/U0'
Finished Parsing XDC File [/home/devsounio/darwin-atlas-phase-l/build-authorized/_x/link/vivado/vpl/prj/prj.gen/my_rm/bd/ulp/ip/ulp_memory_subsystem_0/bd_3/ip/ip_2/bd_928c_psr_aclk_0_board.xdc] for cell 'level0_i/level1/level1_i/ulp/memory_subsystem/inst/interconnect/interconnect_m00_axi_mem00/inst/clk_map/psr_aclk/U0'
Parsing XDC File [/home/devsounio/darwin-atlas-phase-l/build-authorized/_x/link/vivado/vpl/prj/prj.gen/my_rm/bd/ulp/ip/ulp_memory_subsystem_0/bd_3/ip/ip_3/bd_928c_psr_aclk1_0_board.xdc] for cell 'level0_i/level1/level1_i/ulp/memory_subsystem/inst/interconnect/interconnect_m00_axi_mem00/inst/clk_map/psr_aclk1/U0'
Finished Parsing XDC File [/home/devsounio/darwin-atlas-phase-l/build-authorized/_x/link/vivado/vpl/prj/prj.gen/my_rm/bd/ulp/ip/ulp_memory_subsystem_0/bd_3/ip/ip_3/bd_928c_psr_aclk1_0_board.xdc] for cell 'level0_i/level1/level1_i/ulp/memory_subsystem/inst/interconnect/interconnect_m00_axi_mem00/inst/clk_map/psr_aclk1/U0'
Parsing XDC File [/home/devsounio/darwin-atlas-phase-l/build-authorized/_x/link/vivado/vpl/prj/prj.gen/my_rm/bd/ulp/ip/ulp_memory_subsystem_0/bd_0/ip/ip_19/smartconnect.xdc] for cell 'level0_i/level1/level1_i/ulp/memory_subsystem/inst/interconnect/interconnect_m00_axi_mem00/inst'
WARNING: [Vivado_Tcl 4-919] Waiver ID 'CDC-1' -from list should not be empty. [/home/devsounio/darwin-atlas-phase-l/build-authorized/_x/link/vivado/vpl/prj/prj.gen/my_rm/bd/ulp/ip/ulp_memory_subsystem_0/bd_0/ip/ip_19/smartconnect.xdc:3]
WARNING: [Vivado_Tcl 4-921] Waiver ID 'CDC-1' -to list should not be empty. [/home/devsounio/darwin-atlas-phase-l/build-authorized/_x/link/vivado/vpl/prj/prj.gen/my_rm/bd/ulp/ip/ulp_memory_subsystem_0/bd_0/ip/ip_19/smartconnect.xdc:4]
WARNING: [Vivado_Tcl 4-921] Waiver ID 'CDC-1' -to list should not be empty. [/home/devsounio/darwin-atlas-phase-l/build-authorized/_x/link/vivado/vpl/prj/prj.gen/my_rm/bd/ulp/ip/ulp_memory_subsystem_0/bd_0/ip/ip_19/smartconnect.xdc:5]
WARNING: [Vivado_Tcl 4-921] Waiver ID 'CDC-1' -to list should not be empty. [/home/devsounio/darwin-atlas-phase-l/build-authorized/_x/link/vivado/vpl/prj/prj.gen/my_rm/bd/ulp/ip/ulp_memory_subsystem_0/bd_0/ip/ip_19/smartconnect.xdc:6]
WARNING: [Vivado_Tcl 4-921] Waiver ID 'CDC-1' -to list should not be empty. [/home/devsounio/darwin-atlas-phase-l/build-authorized/_x/link/vivado/vpl/prj/prj.gen/my_rm/bd/ulp/ip/ulp_memory_subsystem_0/bd_0/ip/ip_19/smartconnect.xdc:7]
INFO: [Common 17-14] Message 'Vivado_Tcl 4-921' appears 100 times and further instances of the messages will be disabled. [Vivado_Tcl 4-921:100]
WARNING: [Vivado_Tcl 4-919] Waiver ID 'CDC-1' -from list should not be empty. [/home/devsounio/darwin-atlas-phase-l/build-authorized/_x/link/vivado/vpl/prj/prj.gen/my_rm/bd/ulp/ip/ulp_memory_subsystem_0/bd_0/ip/ip_19/smartconnect.xdc:53]
WARNING: [Vivado_Tcl 4-919] Waiver ID 'CDC-13' -from list should not be empty. [/home/devsounio/darwin-atlas-phase-l/build-authorized/_x/link/vivado/vpl/prj/prj.gen/my_rm/bd/ulp/ip/ulp_memory_subsystem_0/bd_0/ip/ip_19/smartconnect.xdc:54]
Finished Parsing XDC File [/home/devsounio/darwin-atlas-phase-l/build-authorized/_x/link/vivado/vpl/prj/prj.gen/my_rm/bd/ulp/ip/ulp_memory_subsystem_0/bd_0/ip/ip_19/smartconnect.xdc] for cell 'level0_i/level1/level1_i/ulp/memory_subsystem/inst/interconnect/interconnect_m00_axi_mem00/inst'
Parsing XDC File [/home/devsounio/darwin-atlas-phase-l/build-authorized/_x/link/vivado/vpl/prj/prj.gen/my_rm/bd/ulp/ip/ulp_memory_subsystem_0/bd_4/ip/ip_0/bd_2e55_microblaze_I_0.xdc] for cell 'level0_i/level1/level1_i/ulp/memory_subsystem/inst/memory/ddr4_mem00/inst/u_ddr4_mem_intfc/u_ddr_cal_riu/mcs0/inst/microblaze_I/U0'
WARNING: [Vivado_Tcl 4-2057] Waiver ID 'DPIP-1' object list specifies likely unusable hierarchical instance 'level0_i/level1/level1_i/ulp/memory_subsystem/inst/memory/ddr4_mem00/inst/u_ddr4_mem_intfc/u_ddr_cal_riu/mcs0/inst/microblaze_I/U0/MicroBlaze_Core_I/Performance.Core/Data_Flow_I/MUL_Unit_I/Use_HW_MUL.Using_DSP48_Architectures.No_MUL64.dsp_module_I2/Using_DSP48E1.DSP48E1_I1'. [/home/devsounio/darwin-atlas-phase-l/build-authorized/_x/link/vivado/vpl/prj/prj.gen/my_rm/bd/ulp/ip/ulp_memory_subsystem_0/bd_4/ip/ip_0/bd_2e55_microblaze_I_0.xdc:8]
WARNING: [Vivado_Tcl 4-2057] Waiver ID 'DPIP-1' object list specifies likely unusable hierarchical instance 'level0_i/level1/level1_i/ulp/memory_subsystem/inst/memory/ddr4_mem00/inst/u_ddr4_mem_intfc/u_ddr_cal_riu/mcs0/inst/microblaze_I/U0/MicroBlaze_Core_I/Performance.Core/Data_Flow_I/MUL_Unit_I/Use_HW_MUL.Using_DSP48_Architectures.No_MUL64.dsp_module_I3/Using_DSP48E1.DSP48E1_I1'. [/home/devsounio/darwin-atlas-phase-l/build-authorized/_x/link/vivado/vpl/prj/prj.gen/my_rm/bd/ulp/ip/ulp_memory_subsystem_0/bd_4/ip/ip_0/bd_2e55_microblaze_I_0.xdc:8]
WARNING: [Vivado_Tcl 4-2057] Waiver ID 'DPIP-1' object list specifies likely unusable hierarchical instance 'level0_i/level1/level1_i/ulp/memory_subsystem/inst/memory/ddr4_mem00/inst/u_ddr4_mem_intfc/u_ddr_cal_riu/mcs0/inst/microblaze_I/U0/MicroBlaze_Core_I/Performance.Core/Data_Flow_I/MUL_Unit_I/Use_HW_MUL.Using_DSP48_Architectures.dsp_module_I1/Using_DSP48E1.DSP48E1_I1'. [/home/devsounio/darwin-atlas-phase-l/build-authorized/_x/link/vivado/vpl/prj/prj.gen/my_rm/bd/ulp/ip/ulp_memory_subsystem_0/bd_4/ip/ip_0/bd_2e55_microblaze_I_0.xdc:8]
WARNING: [Vivado_Tcl 4-2057] Waiver ID 'DPIP-1' object list specifies likely unusable hierarchical instance 'level0_i/level1/level1_i/ulp/memory_subsystem/inst/memory/ddr4_mem00/inst/u_ddr4_mem_intfc/u_ddr_cal_riu/mcs0/inst/microblaze_I/U0/MicroBlaze_Core_I/Performance.Core/Data_Flow_I/MUL_Unit_I/Use_HW_MUL.Using_DSP48_Architectures.No_MUL64.dsp_module_I2/Using_DSP48E1.DSP48E1_I1'. [/home/devsounio/darwin-atlas-phase-l/build-authorized/_x/link/vivado/vpl/prj/prj.gen/my_rm/bd/ulp/ip/ulp_memory_subsystem_0/bd_4/ip/ip_0/bd_2e55_microblaze_I_0.xdc:11]
WARNING: [Vivado_Tcl 4-2057] Waiver ID 'DPIP-1' object list specifies likely unusable hierarchical instance 'level0_i/level1/level1_i/ulp/memory_subsystem/inst/memory/ddr4_mem00/inst/u_ddr4_mem_intfc/u_ddr_cal_riu/mcs0/inst/microblaze_I/U0/MicroBlaze_Core_I/Performance.Core/Data_Flow_I/MUL_Unit_I/Use_HW_MUL.Using_DSP48_Architectures.No_MUL64.dsp_module_I3/Using_DSP48E1.DSP48E1_I1'. [/home/devsounio/darwin-atlas-phase-l/build-authorized/_x/link/vivado/vpl/prj/prj.gen/my_rm/bd/ulp/ip/ulp_memory_subsystem_0/bd_4/ip/ip_0/bd_2e55_microblaze_I_0.xdc:11]
WARNING: [Vivado_Tcl 4-2057] Waiver ID 'DPIP-1' object list specifies likely unusable hierarchical instance 'level0_i/level1/level1_i/ulp/memory_subsystem/inst/memory/ddr4_mem00/inst/u_ddr4_mem_intfc/u_ddr_cal_riu/mcs0/inst/microblaze_I/U0/MicroBlaze_Core_I/Performance.Core/Data_Flow_I/MUL_Unit_I/Use_HW_MUL.Using_DSP48_Architectures.dsp_module_I1/Using_DSP48E1.DSP48E1_I1'. [/home/devsounio/darwin-atlas-phase-l/build-authorized/_x/link/vivado/vpl/prj/prj.gen/my_rm/bd/ulp/ip/ulp_memory_subsystem_0/bd_4/ip/ip_0/bd_2e55_microblaze_I_0.xdc:11]
WARNING: [Vivado_Tcl 4-2057] Waiver ID 'DPIP-2' object list specifies likely unusable hierarchical instance 'level0_i/level1/level1_i/ulp/memory_subsystem/inst/memory/ddr4_mem00/inst/u_ddr4_mem_intfc/u_ddr_cal_riu/mcs0/inst/microblaze_I/U0/MicroBlaze_Core_I/Performance.Core/Data_Flow_I/MUL_Unit_I/Use_HW_MUL.Using_DSP48_Architectures.No_MUL64.dsp_module_I2/Using_DSP48E1.DSP48E1_I1'. [/home/devsounio/darwin-atlas-phase-l/build-authorized/_x/link/vivado/vpl/prj/prj.gen/my_rm/bd/ulp/ip/ulp_memory_subsystem_0/bd_4/ip/ip_0/bd_2e55_microblaze_I_0.xdc:14]
WARNING: [Vivado_Tcl 4-2057] Waiver ID 'DPIP-2' object list specifies likely unusable hierarchical instance 'level0_i/level1/level1_i/ulp/memory_subsystem/inst/memory/ddr4_mem00/inst/u_ddr4_mem_intfc/u_ddr_cal_riu/mcs0/inst/microblaze_I/U0/MicroBlaze_Core_I/Performance.Core/Data_Flow_I/MUL_Unit_I/Use_HW_MUL.Using_DSP48_Architectures.No_MUL64.dsp_module_I3/Using_DSP48E1.DSP48E1_I1'. [/home/devsounio/darwin-atlas-phase-l/build-authorized/_x/link/vivado/vpl/prj/prj.gen/my_rm/bd/ulp/ip/ulp_memory_subsystem_0/bd_4/ip/ip_0/bd_2e55_microblaze_I_0.xdc:14]
WARNING: [Vivado_Tcl 4-2057] Waiver ID 'DPIP-2' object list specifies likely unusable hierarchical instance 'level0_i/level1/level1_i/ulp/memory_subsystem/inst/memory/ddr4_mem00/inst/u_ddr4_mem_intfc/u_ddr_cal_riu/mcs0/inst/microblaze_I/U0/MicroBlaze_Core_I/Performance.Core/Data_Flow_I/MUL_Unit_I/Use_HW_MUL.Using_DSP48_Architectures.dsp_module_I1/Using_DSP48E1.DSP48E1_I1'. [/home/devsounio/darwin-atlas-phase-l/build-authorized/_x/link/vivado/vpl/prj/prj.gen/my_rm/bd/ulp/ip/ulp_memory_subsystem_0/bd_4/ip/ip_0/bd_2e55_microblaze_I_0.xdc:14]
WARNING: [Vivado_Tcl 4-2057] Waiver ID 'DPIP-2' object list specifies likely unusable hierarchical instance 'level0_i/level1/level1_i/ulp/memory_subsystem/inst/memory/ddr4_mem00/inst/u_ddr4_mem_intfc/u_ddr_cal_riu/mcs0/inst/microblaze_I/U0/MicroBlaze_Core_I/Performance.Core/Data_Flow_I/MUL_Unit_I/Use_HW_MUL.Using_DSP48_Architectures.No_MUL64.dsp_module_I2/Using_DSP48E1.DSP48E1_I1'. [/home/devsounio/darwin-atlas-phase-l/build-authorized/_x/link/vivado/vpl/prj/prj.gen/my_rm/bd/ulp/ip/ulp_memory_subsystem_0/bd_4/ip/ip_0/bd_2e55_microblaze_I_0.xdc:17]
WARNING: [Vivado_Tcl 4-2057] Waiver ID 'DPIP-2' object list specifies likely unusable hierarchical instance 'level0_i/level1/level1_i/ulp/memory_subsystem/inst/memory/ddr4_mem00/inst/u_ddr4_mem_intfc/u_ddr_cal_riu/mcs0/inst/microblaze_I/U0/MicroBlaze_Core_I/Performance.Core/Data_Flow_I/MUL_Unit_I/Use_HW_MUL.Using_DSP48_Architectures.No_MUL64.dsp_module_I3/Using_DSP48E1.DSP48E1_I1'. [/home/devsounio/darwin-atlas-phase-l/build-authorized/_x/link/vivado/vpl/prj/prj.gen/my_rm/bd/ulp/ip/ulp_memory_subsystem_0/bd_4/ip/ip_0/bd_2e55_microblaze_I_0.xdc:17]
WARNING: [Vivado_Tcl 4-2057] Waiver ID 'DPIP-2' object list specifies likely unusable hierarchical instance 'level0_i/level1/level1_i/ulp/memory_subsystem/inst/memory/ddr4_mem00/inst/u_ddr4_mem_intfc/u_ddr_cal_riu/mcs0/inst/microblaze_I/U0/MicroBlaze_Core_I/Performance.Core/Data_Flow_I/MUL_Unit_I/Use_HW_MUL.Using_DSP48_Architectures.dsp_module_I1/Using_DSP48E1.DSP48E1_I1'. [/home/devsounio/darwin-atlas-phase-l/build-authorized/_x/link/vivado/vpl/prj/prj.gen/my_rm/bd/ulp/ip/ulp_memory_subsystem_0/bd_4/ip/ip_0/bd_2e55_microblaze_I_0.xdc:17]
WARNING: [Vivado_Tcl 4-2057] Waiver ID 'DPOP-1' object list specifies likely unusable hierarchical instance 'level0_i/level1/level1_i/ulp/memory_subsystem/inst/memory/ddr4_mem00/inst/u_ddr4_mem_intfc/u_ddr_cal_riu/mcs0/inst/microblaze_I/U0/MicroBlaze_Core_I/Performance.Core/Data_Flow_I/MUL_Unit_I/Use_HW_MUL.Using_DSP48_Architectures.No_MUL64.dsp_module_I2/Using_DSP48E1.DSP48E1_I1'. [/home/devsounio/darwin-atlas-phase-l/build-authorized/_x/link/vivado/vpl/prj/prj.gen/my_rm/bd/ulp/ip/ulp_memory_subsystem_0/bd_4/ip/ip_0/bd_2e55_microblaze_I_0.xdc:20]
WARNING: [Vivado_Tcl 4-2057] Waiver ID 'DPOP-1' object list specifies likely unusable hierarchical instance 'level0_i/level1/level1_i/ulp/memory_subsystem/inst/memory/ddr4_mem00/inst/u_ddr4_mem_intfc/u_ddr_cal_riu/mcs0/inst/microblaze_I/U0/MicroBlaze_Core_I/Performance.Core/Data_Flow_I/MUL_Unit_I/Use_HW_MUL.Using_DSP48_Architectures.No_MUL64.dsp_module_I3/Using_DSP48E1.DSP48E1_I1'. [/home/devsounio/darwin-atlas-phase-l/build-authorized/_x/link/vivado/vpl/prj/prj.gen/my_rm/bd/ulp/ip/ulp_memory_subsystem_0/bd_4/ip/ip_0/bd_2e55_microblaze_I_0.xdc:20]
WARNING: [Vivado_Tcl 4-2057] Waiver ID 'DPOP-1' object list specifies likely unusable hierarchical instance 'level0_i/level1/level1_i/ulp/memory_subsystem/inst/memory/ddr4_mem00/inst/u_ddr4_mem_intfc/u_ddr_cal_riu/mcs0/inst/microblaze_I/U0/MicroBlaze_Core_I/Performance.Core/Data_Flow_I/MUL_Unit_I/Use_HW_MUL.Using_DSP48_Architectures.dsp_module_I1/Using_DSP48E1.DSP48E1_I1'. [/home/devsounio/darwin-atlas-phase-l/build-authorized/_x/link/vivado/vpl/prj/prj.gen/my_rm/bd/ulp/ip/ulp_memory_subsystem_0/bd_4/ip/ip_0/bd_2e55_microblaze_I_0.xdc:20]
WARNING: [Vivado_Tcl 4-2057] Waiver ID 'DPOP-2' object list specifies likely unusable hierarchical instance 'level0_i/level1/level1_i/ulp/memory_subsystem/inst/memory/ddr4_mem00/inst/u_ddr4_mem_intfc/u_ddr_cal_riu/mcs0/inst/microblaze_I/U0/MicroBlaze_Core_I/Performance.Core/Data_Flow_I/MUL_Unit_I/Use_HW_MUL.Using_DSP48_Architectures.No_MUL64.dsp_module_I2/Using_DSP48E1.DSP48E1_I1'. [/home/devsounio/darwin-atlas-phase-l/build-authorized/_x/link/vivado/vpl/prj/prj.gen/my_rm/bd/ulp/ip/ulp_memory_subsystem_0/bd_4/ip/ip_0/bd_2e55_microblaze_I_0.xdc:23]
WARNING: [Vivado_Tcl 4-2057] Waiver ID 'DPOP-2' object list specifies likely unusable hierarchical instance 'level0_i/level1/level1_i/ulp/memory_subsystem/inst/memory/ddr4_mem00/inst/u_ddr4_mem_intfc/u_ddr_cal_riu/mcs0/inst/microblaze_I/U0/MicroBlaze_Core_I/Performance.Core/Data_Flow_I/MUL_Unit_I/Use_HW_MUL.Using_DSP48_Architectures.No_MUL64.dsp_module_I3/Using_DSP48E1.DSP48E1_I1'. [/home/devsounio/darwin-atlas-phase-l/build-authorized/_x/link/vivado/vpl/prj/prj.gen/my_rm/bd/ulp/ip/ulp_memory_subsystem_0/bd_4/ip/ip_0/bd_2e55_microblaze_I_0.xdc:23]
WARNING: [Vivado_Tcl 4-2057] Waiver ID 'DPOP-2' object list specifies likely unusable hierarchical instance 'level0_i/level1/level1_i/ulp/memory_subsystem/inst/memory/ddr4_mem00/inst/u_ddr4_mem_intfc/u_ddr_cal_riu/mcs0/inst/microblaze_I/U0/MicroBlaze_Core_I/Performance.Core/Data_Flow_I/MUL_Unit_I/Use_HW_MUL.Using_DSP48_Architectures.dsp_module_I1/Using_DSP48E1.DSP48E1_I1'. [/home/devsounio/darwin-atlas-phase-l/build-authorized/_x/link/vivado/vpl/prj/prj.gen/my_rm/bd/ulp/ip/ulp_memory_subsystem_0/bd_4/ip/ip_0/bd_2e55_microblaze_I_0.xdc:23]
WARNING: [Vivado_Tcl 4-2057] Waiver ID 'DPOP-3' object list specifies likely unusable hierarchical instance 'level0_i/level1/level1_i/ulp/memory_subsystem/inst/memory/ddr4_mem00/inst/u_ddr4_mem_intfc/u_ddr_cal_riu/mcs0/inst/microblaze_I/U0/MicroBlaze_Core_I/Performance.Core/Data_Flow_I/MUL_Unit_I/Use_HW_MUL.Using_DSP48_Architectures.No_MUL64.dsp_module_I2/Using_DSP48E1.DSP48E1_I1'. [/home/devsounio/darwin-atlas-phase-l/build-authorized/_x/link/vivado/vpl/prj/prj.gen/my_rm/bd/ulp/ip/ulp_memory_subsystem_0/bd_4/ip/ip_0/bd_2e55_microblaze_I_0.xdc:26]
WARNING: [Vivado_Tcl 4-2057] Waiver ID 'DPOP-3' object list specifies likely unusable hierarchical instance 'level0_i/level1/level1_i/ulp/memory_subsystem/inst/memory/ddr4_mem00/inst/u_ddr4_mem_intfc/u_ddr_cal_riu/mcs0/inst/microblaze_I/U0/MicroBlaze_Core_I/Performance.Core/Data_Flow_I/MUL_Unit_I/Use_HW_MUL.Using_DSP48_Architectures.No_MUL64.dsp_module_I3/Using_DSP48E1.DSP48E1_I1'. [/home/devsounio/darwin-atlas-phase-l/build-authorized/_x/link/vivado/vpl/prj/prj.gen/my_rm/bd/ulp/ip/ulp_memory_subsystem_0/bd_4/ip/ip_0/bd_2e55_microblaze_I_0.xdc:26]
WARNING: [Vivado_Tcl 4-2057] Waiver ID 'DPOP-3' object list specifies likely unusable hierarchical instance 'level0_i/level1/level1_i/ulp/memory_subsystem/inst/memory/ddr4_mem00/inst/u_ddr4_mem_intfc/u_ddr_cal_riu/mcs0/inst/microblaze_I/U0/MicroBlaze_Core_I/Performance.Core/Data_Flow_I/MUL_Unit_I/Use_HW_MUL.Using_DSP48_Architectures.dsp_module_I1/Using_DSP48E1.DSP48E1_I1'. [/home/devsounio/darwin-atlas-phase-l/build-authorized/_x/link/vivado/vpl/prj/prj.gen/my_rm/bd/ulp/ip/ulp_memory_subsystem_0/bd_4/ip/ip_0/bd_2e55_microblaze_I_0.xdc:26]
WARNING: [Vivado_Tcl 4-2057] Waiver ID 'DPOP-3' object list specifies likely unusable hierarchical instance 'level0_i/level1/level1_i/ulp/memory_subsystem/inst/memory/ddr4_mem00/inst/u_ddr4_mem_intfc/u_ddr_cal_riu/mcs0/inst/microblaze_I/U0/MicroBlaze_Core_I/Performance.Core/Data_Flow_I/MUL_Unit_I/Use_HW_MUL.Using_DSP48_Architectures.No_MUL64.dsp_module_I2/Using_DSP48E1.DSP48E1_I1'. [/home/devsounio/darwin-atlas-phase-l/build-authorized/_x/link/vivado/vpl/prj/prj.gen/my_rm/bd/ulp/ip/ulp_memory_subsystem_0/bd_4/ip/ip_0/bd_2e55_microblaze_I_0.xdc:29]
WARNING: [Vivado_Tcl 4-2057] Waiver ID 'DPOP-3' object list specifies likely unusable hierarchical instance 'level0_i/level1/level1_i/ulp/memory_subsystem/inst/memory/ddr4_mem00/inst/u_ddr4_mem_intfc/u_ddr_cal_riu/mcs0/inst/microblaze_I/U0/MicroBlaze_Core_I/Performance.Core/Data_Flow_I/MUL_Unit_I/Use_HW_MUL.Using_DSP48_Architectures.No_MUL64.dsp_module_I3/Using_DSP48E1.DSP48E1_I1'. [/home/devsounio/darwin-atlas-phase-l/build-authorized/_x/link/vivado/vpl/prj/prj.gen/my_rm/bd/ulp/ip/ulp_memory_subsystem_0/bd_4/ip/ip_0/bd_2e55_microblaze_I_0.xdc:29]
WARNING: [Vivado_Tcl 4-2057] Waiver ID 'DPOP-3' object list specifies likely unusable hierarchical instance 'level0_i/level1/level1_i/ulp/memory_subsystem/inst/memory/ddr4_mem00/inst/u_ddr4_mem_intfc/u_ddr_cal_riu/mcs0/inst/microblaze_I/U0/MicroBlaze_Core_I/Performance.Core/Data_Flow_I/MUL_Unit_I/Use_HW_MUL.Using_DSP48_Architectures.dsp_module_I1/Using_DSP48E1.DSP48E1_I1'. [/home/devsounio/darwin-atlas-phase-l/build-authorized/_x/link/vivado/vpl/prj/prj.gen/my_rm/bd/ulp/ip/ulp_memory_subsystem_0/bd_4/ip/ip_0/bd_2e55_microblaze_I_0.xdc:29]
WARNING: [Vivado_Tcl 4-935] Waiver ID 'DPOP-3' is a duplicate and will not be added again. [/home/devsounio/darwin-atlas-phase-l/build-authorized/_x/link/vivado/vpl/prj/prj.gen/my_rm/bd/ulp/ip/ulp_memory_subsystem_0/bd_4/ip/ip_0/bd_2e55_microblaze_I_0.xdc:29]
WARNING: [Vivado_Tcl 4-2057] Waiver ID 'DPOP-3' object list specifies likely unusable hierarchical instance 'level0_i/level1/level1_i/ulp/memory_subsystem/inst/memory/ddr4_mem00/inst/u_ddr4_mem_intfc/u_ddr_cal_riu/mcs0/inst/microblaze_I/U0/MicroBlaze_Core_I/Performance.Core/Data_Flow_I/MUL_Unit_I/Use_HW_MUL.Using_DSP48_Architectures.No_MUL64.dsp_module_I2/Using_DSP48E1.DSP48E1_I1'. [/home/devsounio/darwin-atlas-phase-l/build-authorized/_x/link/vivado/vpl/prj/prj.gen/my_rm/bd/ulp/ip/ulp_memory_subsystem_0/bd_4/ip/ip_0/bd_2e55_microblaze_I_0.xdc:32]
WARNING: [Vivado_Tcl 4-2057] Waiver ID 'DPOP-3' object list specifies likely unusable hierarchical instance 'level0_i/level1/level1_i/ulp/memory_subsystem/inst/memory/ddr4_mem00/inst/u_ddr4_mem_intfc/u_ddr_cal_riu/mcs0/inst/microblaze_I/U0/MicroBlaze_Core_I/Performance.Core/Data_Flow_I/MUL_Unit_I/Use_HW_MUL.Using_DSP48_Architectures.No_MUL64.dsp_module_I3/Using_DSP48E1.DSP48E1_I1'. [/home/devsounio/darwin-atlas-phase-l/build-authorized/_x/link/vivado/vpl/prj/prj.gen/my_rm/bd/ulp/ip/ulp_memory_subsystem_0/bd_4/ip/ip_0/bd_2e55_microblaze_I_0.xdc:32]
WARNING: [Vivado_Tcl 4-2057] Waiver ID 'DPOP-3' object list specifies likely unusable hierarchical instance 'level0_i/level1/level1_i/ulp/memory_subsystem/inst/memory/ddr4_mem00/inst/u_ddr4_mem_intfc/u_ddr_cal_riu/mcs0/inst/microblaze_I/U0/MicroBlaze_Core_I/Performance.Core/Data_Flow_I/MUL_Unit_I/Use_HW_MUL.Using_DSP48_Architectures.dsp_module_I1/Using_DSP48E1.DSP48E1_I1'. [/home/devsounio/darwin-atlas-phase-l/build-authorized/_x/link/vivado/vpl/prj/prj.gen/my_rm/bd/ulp/ip/ulp_memory_subsystem_0/bd_4/ip/ip_0/bd_2e55_microblaze_I_0.xdc:32]
WARNING: [Vivado_Tcl 4-2057] Waiver ID 'DPOP-4' object list specifies likely unusable hierarchical instance 'level0_i/level1/level1_i/ulp/memory_subsystem/inst/memory/ddr4_mem00/inst/u_ddr4_mem_intfc/u_ddr_cal_riu/mcs0/inst/microblaze_I/U0/MicroBlaze_Core_I/Performance.Core/Data_Flow_I/MUL_Unit_I/Use_HW_MUL.Using_DSP48_Architectures.No_MUL64.dsp_module_I2/Using_DSP48E1.DSP48E1_I1'. [/home/devsounio/darwin-atlas-phase-l/build-authorized/_x/link/vivado/vpl/prj/prj.gen/my_rm/bd/ulp/ip/ulp_memory_subsystem_0/bd_4/ip/ip_0/bd_2e55_microblaze_I_0.xdc:35]
WARNING: [Vivado_Tcl 4-2057] Waiver ID 'DPOP-4' object list specifies likely unusable hierarchical instance 'level0_i/level1/level1_i/ulp/memory_subsystem/inst/memory/ddr4_mem00/inst/u_ddr4_mem_intfc/u_ddr_cal_riu/mcs0/inst/microblaze_I/U0/MicroBlaze_Core_I/Performance.Core/Data_Flow_I/MUL_Unit_I/Use_HW_MUL.Using_DSP48_Architectures.No_MUL64.dsp_module_I3/Using_DSP48E1.DSP48E1_I1'. [/home/devsounio/darwin-atlas-phase-l/build-authorized/_x/link/vivado/vpl/prj/prj.gen/my_rm/bd/ulp/ip/ulp_memory_subsystem_0/bd_4/ip/ip_0/bd_2e55_microblaze_I_0.xdc:35]
WARNING: [Vivado_Tcl 4-2057] Waiver ID 'DPOP-4' object list specifies likely unusable hierarchical instance 'level0_i/level1/level1_i/ulp/memory_subsystem/inst/memory/ddr4_mem00/inst/u_ddr4_mem_intfc/u_ddr_cal_riu/mcs0/inst/microblaze_I/U0/MicroBlaze_Core_I/Performance.Core/Data_Flow_I/MUL_Unit_I/Use_HW_MUL.Using_DSP48_Architectures.dsp_module_I1/Using_DSP48E1.DSP48E1_I1'. [/home/devsounio/darwin-atlas-phase-l/build-authorized/_x/link/vivado/vpl/prj/prj.gen/my_rm/bd/ulp/ip/ulp_memory_subsystem_0/bd_4/ip/ip_0/bd_2e55_microblaze_I_0.xdc:35]
WARNING: [Vivado_Tcl 4-2057] Waiver ID 'DPOP-4' object list specifies likely unusable hierarchical instance 'level0_i/level1/level1_i/ulp/memory_subsystem/inst/memory/ddr4_mem00/inst/u_ddr4_mem_intfc/u_ddr_cal_riu/mcs0/inst/microblaze_I/U0/MicroBlaze_Core_I/Performance.Core/Data_Flow_I/MUL_Unit_I/Use_HW_MUL.Using_DSP48_Architectures.No_MUL64.dsp_module_I2/Using_DSP48E1.DSP48E1_I1'. [/home/devsounio/darwin-atlas-phase-l/build-authorized/_x/link/vivado/vpl/prj/prj.gen/my_rm/bd/ulp/ip/ulp_memory_subsystem_0/bd_4/ip/ip_0/bd_2e55_microblaze_I_0.xdc:38]
WARNING: [Vivado_Tcl 4-2057] Waiver ID 'DPOP-4' object list specifies likely unusable hierarchical instance 'level0_i/level1/level1_i/ulp/memory_subsystem/inst/memory/ddr4_mem00/inst/u_ddr4_mem_intfc/u_ddr_cal_riu/mcs0/inst/microblaze_I/U0/MicroBlaze_Core_I/Performance.Core/Data_Flow_I/MUL_Unit_I/Use_HW_MUL.Using_DSP48_Architectures.No_MUL64.dsp_module_I3/Using_DSP48E1.DSP48E1_I1'. [/home/devsounio/darwin-atlas-phase-l/build-authorized/_x/link/vivado/vpl/prj/prj.gen/my_rm/bd/ulp/ip/ulp_memory_subsystem_0/bd_4/ip/ip_0/bd_2e55_microblaze_I_0.xdc:38]
WARNING: [Vivado_Tcl 4-2057] Waiver ID 'DPOP-4' object list specifies likely unusable hierarchical instance 'level0_i/level1/level1_i/ulp/memory_subsystem/inst/memory/ddr4_mem00/inst/u_ddr4_mem_intfc/u_ddr_cal_riu/mcs0/inst/microblaze_I/U0/MicroBlaze_Core_I/Performance.Core/Data_Flow_I/MUL_Unit_I/Use_HW_MUL.Using_DSP48_Architectures.dsp_module_I1/Using_DSP48E1.DSP48E1_I1'. [/home/devsounio/darwin-atlas-phase-l/build-authorized/_x/link/vivado/vpl/prj/prj.gen/my_rm/bd/ulp/ip/ulp_memory_subsystem_0/bd_4/ip/ip_0/bd_2e55_microblaze_I_0.xdc:38]
WARNING: [Vivado_Tcl 4-2057] Waiver ID 'DPOP-4' object list specifies likely unusable hierarchical instance 'level0_i/level1/level1_i/ulp/memory_subsystem/inst/memory/ddr4_mem00/inst/u_ddr4_mem_intfc/u_ddr_cal_riu/mcs0/inst/microblaze_I/U0/MicroBlaze_Core_I/Performance.Core/Data_Flow_I/MUL_Unit_I/Use_HW_MUL.Using_DSP48_Architectures.No_MUL64.dsp_module_I2/Using_DSP48E1.DSP48E1_I1'. [/home/devsounio/darwin-atlas-phase-l/build-authorized/_x/link/vivado/vpl/prj/prj.gen/my_rm/bd/ulp/ip/ulp_memory_subsystem_0/bd_4/ip/ip_0/bd_2e55_microblaze_I_0.xdc:41]
WARNING: [Vivado_Tcl 4-2057] Waiver ID 'DPOP-4' object list specifies likely unusable hierarchical instance 'level0_i/level1/level1_i/ulp/memory_subsystem/inst/memory/ddr4_mem00/inst/u_ddr4_mem_intfc/u_ddr_cal_riu/mcs0/inst/microblaze_I/U0/MicroBlaze_Core_I/Performance.Core/Data_Flow_I/MUL_Unit_I/Use_HW_MUL.Using_DSP48_Architectures.No_MUL64.dsp_module_I3/Using_DSP48E1.DSP48E1_I1'. [/home/devsounio/darwin-atlas-phase-l/build-authorized/_x/link/vivado/vpl/prj/prj.gen/my_rm/bd/ulp/ip/ulp_memory_subsystem_0/bd_4/ip/ip_0/bd_2e55_microblaze_I_0.xdc:41]
WARNING: [Vivado_Tcl 4-2057] Waiver ID 'DPOP-4' object list specifies likely unusable hierarchical instance 'level0_i/level1/level1_i/ulp/memory_subsystem/inst/memory/ddr4_mem00/inst/u_ddr4_mem_intfc/u_ddr_cal_riu/mcs0/inst/microblaze_I/U0/MicroBlaze_Core_I/Performance.Core/Data_Flow_I/MUL_Unit_I/Use_HW_MUL.Using_DSP48_Architectures.dsp_module_I1/Using_DSP48E1.DSP48E1_I1'. [/home/devsounio/darwin-atlas-phase-l/build-authorized/_x/link/vivado/vpl/prj/prj.gen/my_rm/bd/ulp/ip/ulp_memory_subsystem_0/bd_4/ip/ip_0/bd_2e55_microblaze_I_0.xdc:41]
Finished Parsing XDC File [/home/devsounio/darwin-atlas-phase-l/build-authorized/_x/link/vivado/vpl/prj/prj.gen/my_rm/bd/ulp/ip/ulp_memory_subsystem_0/bd_4/ip/ip_0/bd_2e55_microblaze_I_0.xdc] for cell 'level0_i/level1/level1_i/ulp/memory_subsystem/inst/memory/ddr4_mem00/inst/u_ddr4_mem_intfc/u_ddr_cal_riu/mcs0/inst/microblaze_I/U0'
Parsing XDC File [/home/devsounio/darwin-atlas-phase-l/build-authorized/_x/link/vivado/vpl/prj/prj.gen/my_rm/bd/ulp/ip/ulp_memory_subsystem_0/bd_4/ip/ip_1/bd_2e55_rst_0_0_board.xdc] for cell 'level0_i/level1/level1_i/ulp/memory_subsystem/inst/memory/ddr4_mem00/inst/u_ddr4_mem_intfc/u_ddr_cal_riu/mcs0/inst/rst_0/U0'
Finished Parsing XDC File [/home/devsounio/darwin-atlas-phase-l/build-authorized/_x/link/vivado/vpl/prj/prj.gen/my_rm/bd/ulp/ip/ulp_memory_subsystem_0/bd_4/ip/ip_1/bd_2e55_rst_0_0_board.xdc] for cell 'level0_i/level1/level1_i/ulp/memory_subsystem/inst/memory/ddr4_mem00/inst/u_ddr4_mem_intfc/u_ddr_cal_riu/mcs0/inst/rst_0/U0'
Parsing XDC File [/home/devsounio/darwin-atlas-phase-l/build-authorized/_x/link/vivado/vpl/prj/prj.gen/my_rm/bd/ulp/ip/ulp_memory_subsystem_0/bd_4/ip/ip_2/bd_2e55_ilmb_0.xdc] for cell 'level0_i/level1/level1_i/ulp/memory_subsystem/inst/memory/ddr4_mem00/inst/u_ddr4_mem_intfc/u_ddr_cal_riu/mcs0/inst/ilmb/U0'
Finished Parsing XDC File [/home/devsounio/darwin-atlas-phase-l/build-authorized/_x/link/vivado/vpl/prj/prj.gen/my_rm/bd/ulp/ip/ulp_memory_subsystem_0/bd_4/ip/ip_2/bd_2e55_ilmb_0.xdc] for cell 'level0_i/level1/level1_i/ulp/memory_subsystem/inst/memory/ddr4_mem00/inst/u_ddr4_mem_intfc/u_ddr_cal_riu/mcs0/inst/ilmb/U0'
Parsing XDC File [/home/devsounio/darwin-atlas-phase-l/build-authorized/_x/link/vivado/vpl/prj/prj.gen/my_rm/bd/ulp/ip/ulp_memory_subsystem_0/bd_4/ip/ip_3/bd_2e55_dlmb_0.xdc] for cell 'level0_i/level1/level1_i/ulp/memory_subsystem/inst/memory/ddr4_mem00/inst/u_ddr4_mem_intfc/u_ddr_cal_riu/mcs0/inst/dlmb/U0'
Finished Parsing XDC File [/home/devsounio/darwin-atlas-phase-l/build-authorized/_x/link/vivado/vpl/prj/prj.gen/my_rm/bd/ulp/ip/ulp_memory_subsystem_0/bd_4/ip/ip_3/bd_2e55_dlmb_0.xdc] for cell 'level0_i/level1/level1_i/ulp/memory_subsystem/inst/memory/ddr4_mem00/inst/u_ddr4_mem_intfc/u_ddr_cal_riu/mcs0/inst/dlmb/U0'
Parsing XDC File [/home/devsounio/darwin-atlas-phase-l/build-authorized/_x/link/vivado/vpl/prj/prj.gen/my_rm/bd/ulp/ip/ulp_memory_subsystem_0/bd_4/ip/ip_10/bd_2e55_iomodule_0_0_board.xdc] for cell 'level0_i/level1/level1_i/ulp/memory_subsystem/inst/memory/ddr4_mem00/inst/u_ddr4_mem_intfc/u_ddr_cal_riu/mcs0/inst/iomodule_0/U0'
Finished Parsing XDC File [/home/devsounio/darwin-atlas-phase-l/build-authorized/_x/link/vivado/vpl/prj/prj.gen/my_rm/bd/ulp/ip/ulp_memory_subsystem_0/bd_4/ip/ip_10/bd_2e55_iomodule_0_0_board.xdc] for cell 'level0_i/level1/level1_i/ulp/memory_subsystem/inst/memory/ddr4_mem00/inst/u_ddr4_mem_intfc/u_ddr_cal_riu/mcs0/inst/iomodule_0/U0'
Parsing XDC File [/home/devsounio/darwin-atlas-phase-l/build-authorized/_x/link/vivado/vpl/prj/prj.gen/my_rm/bd/ulp/ip/ulp_memory_subsystem_0/bd_0/ip/ip_20/ip_0/bd_b35e_ddr4_mem00_0_microblaze_mcs_board.xdc] for cell 'level0_i/level1/level1_i/ulp/memory_subsystem/inst/memory/ddr4_mem00/inst/u_ddr4_mem_intfc/u_ddr_cal_riu/mcs0/inst'
Finished Parsing XDC File [/home/devsounio/darwin-atlas-phase-l/build-authorized/_x/link/vivado/vpl/prj/prj.gen/my_rm/bd/ulp/ip/ulp_memory_subsystem_0/bd_0/ip/ip_20/ip_0/bd_b35e_ddr4_mem00_0_microblaze_mcs_board.xdc] for cell 'level0_i/level1/level1_i/ulp/memory_subsystem/inst/memory/ddr4_mem00/inst/u_ddr4_mem_intfc/u_ddr_cal_riu/mcs0/inst'
Parsing XDC File [/home/devsounio/darwin-atlas-phase-l/build-authorized/_x/link/vivado/vpl/prj/prj.gen/my_rm/bd/ulp/ip/ulp_memory_subsystem_0/bd_0/ip/ip_20/par/bd_b35e_ddr4_mem00_0.xdc] for cell 'level0_i/level1/level1_i/ulp/memory_subsystem/inst/memory/ddr4_mem00/inst'
Finished Parsing XDC File [/home/devsounio/darwin-atlas-phase-l/build-authorized/_x/link/vivado/vpl/prj/prj.gen/my_rm/bd/ulp/ip/ulp_memory_subsystem_0/bd_0/ip/ip_20/par/bd_b35e_ddr4_mem00_0.xdc] for cell 'level0_i/level1/level1_i/ulp/memory_subsystem/inst/memory/ddr4_mem00/inst'
Parsing XDC File [/home/devsounio/darwin-atlas-phase-l/build-authorized/_x/link/vivado/vpl/prj/prj.gen/my_rm/bd/ulp/ip/ulp_memory_subsystem_0/bd_0/ip/ip_21/bd_b35e_psr_ddr4_mem00_0_board.xdc] for cell 'level0_i/level1/level1_i/ulp/memory_subsystem/inst/memory/psr_ddr4_mem00/U0'
Finished Parsing XDC File [/home/devsounio/darwin-atlas-phase-l/build-authorized/_x/link/vivado/vpl/prj/prj.gen/my_rm/bd/ulp/ip/ulp_memory_subsystem_0/bd_0/ip/ip_21/bd_b35e_psr_ddr4_mem00_0_board.xdc] for cell 'level0_i/level1/level1_i/ulp/memory_subsystem/inst/memory/psr_ddr4_mem00/U0'
Parsing XDC File [/home/devsounio/darwin-atlas-phase-l/build-authorized/_x/link/vivado/vpl/prj/prj.gen/my_rm/bd/ulp/ip/ulp_memory_subsystem_0/bd_5/ip/ip_0/bd_7e0c_microblaze_I_0.xdc] for cell 'level0_i/level1/level1_i/ulp/memory_subsystem/inst/memory/ddr4_mem01/inst/u_ddr4_mem_intfc/u_ddr_cal_riu/mcs0/inst/microblaze_I/U0'
WARNING: [Vivado_Tcl 4-2057] Waiver ID 'DPIP-1' object list specifies likely unusable hierarchical instance 'level0_i/level1/level1_i/ulp/memory_subsystem/inst/memory/ddr4_mem01/inst/u_ddr4_mem_intfc/u_ddr_cal_riu/mcs0/inst/microblaze_I/U0/MicroBlaze_Core_I/Performance.Core/Data_Flow_I/MUL_Unit_I/Use_HW_MUL.Using_DSP48_Architectures.No_MUL64.dsp_module_I2/Using_DSP48E1.DSP48E1_I1'. [/home/devsounio/darwin-atlas-phase-l/build-authorized/_x/link/vivado/vpl/prj/prj.gen/my_rm/bd/ulp/ip/ulp_memory_subsystem_0/bd_5/ip/ip_0/bd_7e0c_microblaze_I_0.xdc:8]
WARNING: [Vivado_Tcl 4-2057] Waiver ID 'DPIP-1' object list specifies likely unusable hierarchical instance 'level0_i/level1/level1_i/ulp/memory_subsystem/inst/memory/ddr4_mem01/inst/u_ddr4_mem_intfc/u_ddr_cal_riu/mcs0/inst/microblaze_I/U0/MicroBlaze_Core_I/Performance.Core/Data_Flow_I/MUL_Unit_I/Use_HW_MUL.Using_DSP48_Architectures.No_MUL64.dsp_module_I3/Using_DSP48E1.DSP48E1_I1'. [/home/devsounio/darwin-atlas-phase-l/build-authorized/_x/link/vivado/vpl/prj/prj.gen/my_rm/bd/ulp/ip/ulp_memory_subsystem_0/bd_5/ip/ip_0/bd_7e0c_microblaze_I_0.xdc:8]
WARNING: [Vivado_Tcl 4-2057] Waiver ID 'DPIP-1' object list specifies likely unusable hierarchical instance 'level0_i/level1/level1_i/ulp/memory_subsystem/inst/memory/ddr4_mem01/inst/u_ddr4_mem_intfc/u_ddr_cal_riu/mcs0/inst/microblaze_I/U0/MicroBlaze_Core_I/Performance.Core/Data_Flow_I/MUL_Unit_I/Use_HW_MUL.Using_DSP48_Architectures.dsp_module_I1/Using_DSP48E1.DSP48E1_I1'. [/home/devsounio/darwin-atlas-phase-l/build-authorized/_x/link/vivado/vpl/prj/prj.gen/my_rm/bd/ulp/ip/ulp_memory_subsystem_0/bd_5/ip/ip_0/bd_7e0c_microblaze_I_0.xdc:8]
WARNING: [Vivado_Tcl 4-2057] Waiver ID 'DPIP-1' object list specifies likely unusable hierarchical instance 'level0_i/level1/level1_i/ulp/memory_subsystem/inst/memory/ddr4_mem01/inst/u_ddr4_mem_intfc/u_ddr_cal_riu/mcs0/inst/microblaze_I/U0/MicroBlaze_Core_I/Performance.Core/Data_Flow_I/MUL_Unit_I/Use_HW_MUL.Using_DSP48_Architectures.No_MUL64.dsp_module_I2/Using_DSP48E1.DSP48E1_I1'. [/home/devsounio/darwin-atlas-phase-l/build-authorized/_x/link/vivado/vpl/prj/prj.gen/my_rm/bd/ulp/ip/ulp_memory_subsystem_0/bd_5/ip/ip_0/bd_7e0c_microblaze_I_0.xdc:11]
WARNING: [Vivado_Tcl 4-2057] Waiver ID 'DPIP-1' object list specifies likely unusable hierarchical instance 'level0_i/level1/level1_i/ulp/memory_subsystem/inst/memory/ddr4_mem01/inst/u_ddr4_mem_intfc/u_ddr_cal_riu/mcs0/inst/microblaze_I/U0/MicroBlaze_Core_I/Performance.Core/Data_Flow_I/MUL_Unit_I/Use_HW_MUL.Using_DSP48_Architectures.No_MUL64.dsp_module_I3/Using_DSP48E1.DSP48E1_I1'. [/home/devsounio/darwin-atlas-phase-l/build-authorized/_x/link/vivado/vpl/prj/prj.gen/my_rm/bd/ulp/ip/ulp_memory_subsystem_0/bd_5/ip/ip_0/bd_7e0c_microblaze_I_0.xdc:11]
WARNING: [Vivado_Tcl 4-2057] Waiver ID 'DPIP-1' object list specifies likely unusable hierarchical instance 'level0_i/level1/level1_i/ulp/memory_subsystem/inst/memory/ddr4_mem01/inst/u_ddr4_mem_intfc/u_ddr_cal_riu/mcs0/inst/microblaze_I/U0/MicroBlaze_Core_I/Performance.Core/Data_Flow_I/MUL_Unit_I/Use_HW_MUL.Using_DSP48_Architectures.dsp_module_I1/Using_DSP48E1.DSP48E1_I1'. [/home/devsounio/darwin-atlas-phase-l/build-authorized/_x/link/vivado/vpl/prj/prj.gen/my_rm/bd/ulp/ip/ulp_memory_subsystem_0/bd_5/ip/ip_0/bd_7e0c_microblaze_I_0.xdc:11]
WARNING: [Vivado_Tcl 4-2057] Waiver ID 'DPIP-2' object list specifies likely unusable hierarchical instance 'level0_i/level1/level1_i/ulp/memory_subsystem/inst/memory/ddr4_mem01/inst/u_ddr4_mem_intfc/u_ddr_cal_riu/mcs0/inst/microblaze_I/U0/MicroBlaze_Core_I/Performance.Core/Data_Flow_I/MUL_Unit_I/Use_HW_MUL.Using_DSP48_Architectures.No_MUL64.dsp_module_I2/Using_DSP48E1.DSP48E1_I1'. [/home/devsounio/darwin-atlas-phase-l/build-authorized/_x/link/vivado/vpl/prj/prj.gen/my_rm/bd/ulp/ip/ulp_memory_subsystem_0/bd_5/ip/ip_0/bd_7e0c_microblaze_I_0.xdc:14]
WARNING: [Vivado_Tcl 4-2057] Waiver ID 'DPIP-2' object list specifies likely unusable hierarchical instance 'level0_i/level1/level1_i/ulp/memory_subsystem/inst/memory/ddr4_mem01/inst/u_ddr4_mem_intfc/u_ddr_cal_riu/mcs0/inst/microblaze_I/U0/MicroBlaze_Core_I/Performance.Core/Data_Flow_I/MUL_Unit_I/Use_HW_MUL.Using_DSP48_Architectures.No_MUL64.dsp_module_I3/Using_DSP48E1.DSP48E1_I1'. [/home/devsounio/darwin-atlas-phase-l/build-authorized/_x/link/vivado/vpl/prj/prj.gen/my_rm/bd/ulp/ip/ulp_memory_subsystem_0/bd_5/ip/ip_0/bd_7e0c_microblaze_I_0.xdc:14]
WARNING: [Vivado_Tcl 4-2057] Waiver ID 'DPIP-2' object list specifies likely unusable hierarchical instance 'level0_i/level1/level1_i/ulp/memory_subsystem/inst/memory/ddr4_mem01/inst/u_ddr4_mem_intfc/u_ddr_cal_riu/mcs0/inst/microblaze_I/U0/MicroBlaze_Core_I/Performance.Core/Data_Flow_I/MUL_Unit_I/Use_HW_MUL.Using_DSP48_Architectures.dsp_module_I1/Using_DSP48E1.DSP48E1_I1'. [/home/devsounio/darwin-atlas-phase-l/build-authorized/_x/link/vivado/vpl/prj/prj.gen/my_rm/bd/ulp/ip/ulp_memory_subsystem_0/bd_5/ip/ip_0/bd_7e0c_microblaze_I_0.xdc:14]
WARNING: [Vivado_Tcl 4-2057] Waiver ID 'DPIP-2' object list specifies likely unusable hierarchical instance 'level0_i/level1/level1_i/ulp/memory_subsystem/inst/memory/ddr4_mem01/inst/u_ddr4_mem_intfc/u_ddr_cal_riu/mcs0/inst/microblaze_I/U0/MicroBlaze_Core_I/Performance.Core/Data_Flow_I/MUL_Unit_I/Use_HW_MUL.Using_DSP48_Architectures.No_MUL64.dsp_module_I2/Using_DSP48E1.DSP48E1_I1'. [/home/devsounio/darwin-atlas-phase-l/build-authorized/_x/link/vivado/vpl/prj/prj.gen/my_rm/bd/ulp/ip/ulp_memory_subsystem_0/bd_5/ip/ip_0/bd_7e0c_microblaze_I_0.xdc:17]
WARNING: [Vivado_Tcl 4-2057] Waiver ID 'DPIP-2' object list specifies likely unusable hierarchical instance 'level0_i/level1/level1_i/ulp/memory_subsystem/inst/memory/ddr4_mem01/inst/u_ddr4_mem_intfc/u_ddr_cal_riu/mcs0/inst/microblaze_I/U0/MicroBlaze_Core_I/Performance.Core/Data_Flow_I/MUL_Unit_I/Use_HW_MUL.Using_DSP48_Architectures.No_MUL64.dsp_module_I3/Using_DSP48E1.DSP48E1_I1'. [/home/devsounio/darwin-atlas-phase-l/build-authorized/_x/link/vivado/vpl/prj/prj.gen/my_rm/bd/ulp/ip/ulp_memory_subsystem_0/bd_5/ip/ip_0/bd_7e0c_microblaze_I_0.xdc:17]
WARNING: [Vivado_Tcl 4-2057] Waiver ID 'DPIP-2' object list specifies likely unusable hierarchical instance 'level0_i/level1/level1_i/ulp/memory_subsystem/inst/memory/ddr4_mem01/inst/u_ddr4_mem_intfc/u_ddr_cal_riu/mcs0/inst/microblaze_I/U0/MicroBlaze_Core_I/Performance.Core/Data_Flow_I/MUL_Unit_I/Use_HW_MUL.Using_DSP48_Architectures.dsp_module_I1/Using_DSP48E1.DSP48E1_I1'. [/home/devsounio/darwin-atlas-phase-l/build-authorized/_x/link/vivado/vpl/prj/prj.gen/my_rm/bd/ulp/ip/ulp_memory_subsystem_0/bd_5/ip/ip_0/bd_7e0c_microblaze_I_0.xdc:17]
WARNING: [Vivado_Tcl 4-2057] Waiver ID 'DPOP-1' object list specifies likely unusable hierarchical instance 'level0_i/level1/level1_i/ulp/memory_subsystem/inst/memory/ddr4_mem01/inst/u_ddr4_mem_intfc/u_ddr_cal_riu/mcs0/inst/microblaze_I/U0/MicroBlaze_Core_I/Performance.Core/Data_Flow_I/MUL_Unit_I/Use_HW_MUL.Using_DSP48_Architectures.No_MUL64.dsp_module_I2/Using_DSP48E1.DSP48E1_I1'. [/home/devsounio/darwin-atlas-phase-l/build-authorized/_x/link/vivado/vpl/prj/prj.gen/my_rm/bd/ulp/ip/ulp_memory_subsystem_0/bd_5/ip/ip_0/bd_7e0c_microblaze_I_0.xdc:20]
WARNING: [Vivado_Tcl 4-2057] Waiver ID 'DPOP-1' object list specifies likely unusable hierarchical instance 'level0_i/level1/level1_i/ulp/memory_subsystem/inst/memory/ddr4_mem01/inst/u_ddr4_mem_intfc/u_ddr_cal_riu/mcs0/inst/microblaze_I/U0/MicroBlaze_Core_I/Performance.Core/Data_Flow_I/MUL_Unit_I/Use_HW_MUL.Using_DSP48_Architectures.No_MUL64.dsp_module_I3/Using_DSP48E1.DSP48E1_I1'. [/home/devsounio/darwin-atlas-phase-l/build-authorized/_x/link/vivado/vpl/prj/prj.gen/my_rm/bd/ulp/ip/ulp_memory_subsystem_0/bd_5/ip/ip_0/bd_7e0c_microblaze_I_0.xdc:20]
WARNING: [Vivado_Tcl 4-2057] Waiver ID 'DPOP-1' object list specifies likely unusable hierarchical instance 'level0_i/level1/level1_i/ulp/memory_subsystem/inst/memory/ddr4_mem01/inst/u_ddr4_mem_intfc/u_ddr_cal_riu/mcs0/inst/microblaze_I/U0/MicroBlaze_Core_I/Performance.Core/Data_Flow_I/MUL_Unit_I/Use_HW_MUL.Using_DSP48_Architectures.dsp_module_I1/Using_DSP48E1.DSP48E1_I1'. [/home/devsounio/darwin-atlas-phase-l/build-authorized/_x/link/vivado/vpl/prj/prj.gen/my_rm/bd/ulp/ip/ulp_memory_subsystem_0/bd_5/ip/ip_0/bd_7e0c_microblaze_I_0.xdc:20]
WARNING: [Vivado_Tcl 4-2057] Waiver ID 'DPOP-2' object list specifies likely unusable hierarchical instance 'level0_i/level1/level1_i/ulp/memory_subsystem/inst/memory/ddr4_mem01/inst/u_ddr4_mem_intfc/u_ddr_cal_riu/mcs0/inst/microblaze_I/U0/MicroBlaze_Core_I/Performance.Core/Data_Flow_I/MUL_Unit_I/Use_HW_MUL.Using_DSP48_Architectures.No_MUL64.dsp_module_I2/Using_DSP48E1.DSP48E1_I1'. [/home/devsounio/darwin-atlas-phase-l/build-authorized/_x/link/vivado/vpl/prj/prj.gen/my_rm/bd/ulp/ip/ulp_memory_subsystem_0/bd_5/ip/ip_0/bd_7e0c_microblaze_I_0.xdc:23]
WARNING: [Vivado_Tcl 4-2057] Waiver ID 'DPOP-2' object list specifies likely unusable hierarchical instance 'level0_i/level1/level1_i/ulp/memory_subsystem/inst/memory/ddr4_mem01/inst/u_ddr4_mem_intfc/u_ddr_cal_riu/mcs0/inst/microblaze_I/U0/MicroBlaze_Core_I/Performance.Core/Data_Flow_I/MUL_Unit_I/Use_HW_MUL.Using_DSP48_Architectures.No_MUL64.dsp_module_I3/Using_DSP48E1.DSP48E1_I1'. [/home/devsounio/darwin-atlas-phase-l/build-authorized/_x/link/vivado/vpl/prj/prj.gen/my_rm/bd/ulp/ip/ulp_memory_subsystem_0/bd_5/ip/ip_0/bd_7e0c_microblaze_I_0.xdc:23]
WARNING: [Vivado_Tcl 4-2057] Waiver ID 'DPOP-2' object list specifies likely unusable hierarchical instance 'level0_i/level1/level1_i/ulp/memory_subsystem/inst/memory/ddr4_mem01/inst/u_ddr4_mem_intfc/u_ddr_cal_riu/mcs0/inst/microblaze_I/U0/MicroBlaze_Core_I/Performance.Core/Data_Flow_I/MUL_Unit_I/Use_HW_MUL.Using_DSP48_Architectures.dsp_module_I1/Using_DSP48E1.DSP48E1_I1'. [/home/devsounio/darwin-atlas-phase-l/build-authorized/_x/link/vivado/vpl/prj/prj.gen/my_rm/bd/ulp/ip/ulp_memory_subsystem_0/bd_5/ip/ip_0/bd_7e0c_microblaze_I_0.xdc:23]
WARNING: [Vivado_Tcl 4-2057] Waiver ID 'DPOP-3' object list specifies likely unusable hierarchical instance 'level0_i/level1/level1_i/ulp/memory_subsystem/inst/memory/ddr4_mem01/inst/u_ddr4_mem_intfc/u_ddr_cal_riu/mcs0/inst/microblaze_I/U0/MicroBlaze_Core_I/Performance.Core/Data_Flow_I/MUL_Unit_I/Use_HW_MUL.Using_DSP48_Architectures.No_MUL64.dsp_module_I2/Using_DSP48E1.DSP48E1_I1'. [/home/devsounio/darwin-atlas-phase-l/build-authorized/_x/link/vivado/vpl/prj/prj.gen/my_rm/bd/ulp/ip/ulp_memory_subsystem_0/bd_5/ip/ip_0/bd_7e0c_microblaze_I_0.xdc:26]
WARNING: [Vivado_Tcl 4-2057] Waiver ID 'DPOP-3' object list specifies likely unusable hierarchical instance 'level0_i/level1/level1_i/ulp/memory_subsystem/inst/memory/ddr4_mem01/inst/u_ddr4_mem_intfc/u_ddr_cal_riu/mcs0/inst/microblaze_I/U0/MicroBlaze_Core_I/Performance.Core/Data_Flow_I/MUL_Unit_I/Use_HW_MUL.Using_DSP48_Architectures.No_MUL64.dsp_module_I3/Using_DSP48E1.DSP48E1_I1'. [/home/devsounio/darwin-atlas-phase-l/build-authorized/_x/link/vivado/vpl/prj/prj.gen/my_rm/bd/ulp/ip/ulp_memory_subsystem_0/bd_5/ip/ip_0/bd_7e0c_microblaze_I_0.xdc:26]
WARNING: [Vivado_Tcl 4-2057] Waiver ID 'DPOP-3' object list specifies likely unusable hierarchical instance 'level0_i/level1/level1_i/ulp/memory_subsystem/inst/memory/ddr4_mem01/inst/u_ddr4_mem_intfc/u_ddr_cal_riu/mcs0/inst/microblaze_I/U0/MicroBlaze_Core_I/Performance.Core/Data_Flow_I/MUL_Unit_I/Use_HW_MUL.Using_DSP48_Architectures.dsp_module_I1/Using_DSP48E1.DSP48E1_I1'. [/home/devsounio/darwin-atlas-phase-l/build-authorized/_x/link/vivado/vpl/prj/prj.gen/my_rm/bd/ulp/ip/ulp_memory_subsystem_0/bd_5/ip/ip_0/bd_7e0c_microblaze_I_0.xdc:26]
WARNING: [Vivado_Tcl 4-2057] Waiver ID 'DPOP-3' object list specifies likely unusable hierarchical instance 'level0_i/level1/level1_i/ulp/memory_subsystem/inst/memory/ddr4_mem01/inst/u_ddr4_mem_intfc/u_ddr_cal_riu/mcs0/inst/microblaze_I/U0/MicroBlaze_Core_I/Performance.Core/Data_Flow_I/MUL_Unit_I/Use_HW_MUL.Using_DSP48_Architectures.No_MUL64.dsp_module_I2/Using_DSP48E1.DSP48E1_I1'. [/home/devsounio/darwin-atlas-phase-l/build-authorized/_x/link/vivado/vpl/prj/prj.gen/my_rm/bd/ulp/ip/ulp_memory_subsystem_0/bd_5/ip/ip_0/bd_7e0c_microblaze_I_0.xdc:29]
WARNING: [Vivado_Tcl 4-2057] Waiver ID 'DPOP-3' object list specifies likely unusable hierarchical instance 'level0_i/level1/level1_i/ulp/memory_subsystem/inst/memory/ddr4_mem01/inst/u_ddr4_mem_intfc/u_ddr_cal_riu/mcs0/inst/microblaze_I/U0/MicroBlaze_Core_I/Performance.Core/Data_Flow_I/MUL_Unit_I/Use_HW_MUL.Using_DSP48_Architectures.No_MUL64.dsp_module_I3/Using_DSP48E1.DSP48E1_I1'. [/home/devsounio/darwin-atlas-phase-l/build-authorized/_x/link/vivado/vpl/prj/prj.gen/my_rm/bd/ulp/ip/ulp_memory_subsystem_0/bd_5/ip/ip_0/bd_7e0c_microblaze_I_0.xdc:29]
WARNING: [Vivado_Tcl 4-2057] Waiver ID 'DPOP-3' object list specifies likely unusable hierarchical instance 'level0_i/level1/level1_i/ulp/memory_subsystem/inst/memory/ddr4_mem01/inst/u_ddr4_mem_intfc/u_ddr_cal_riu/mcs0/inst/microblaze_I/U0/MicroBlaze_Core_I/Performance.Core/Data_Flow_I/MUL_Unit_I/Use_HW_MUL.Using_DSP48_Architectures.dsp_module_I1/Using_DSP48E1.DSP48E1_I1'. [/home/devsounio/darwin-atlas-phase-l/build-authorized/_x/link/vivado/vpl/prj/prj.gen/my_rm/bd/ulp/ip/ulp_memory_subsystem_0/bd_5/ip/ip_0/bd_7e0c_microblaze_I_0.xdc:29]
WARNING: [Vivado_Tcl 4-935] Waiver ID 'DPOP-3' is a duplicate and will not be added again. [/home/devsounio/darwin-atlas-phase-l/build-authorized/_x/link/vivado/vpl/prj/prj.gen/my_rm/bd/ulp/ip/ulp_memory_subsystem_0/bd_5/ip/ip_0/bd_7e0c_microblaze_I_0.xdc:29]
WARNING: [Vivado_Tcl 4-2057] Waiver ID 'DPOP-3' object list specifies likely unusable hierarchical instance 'level0_i/level1/level1_i/ulp/memory_subsystem/inst/memory/ddr4_mem01/inst/u_ddr4_mem_intfc/u_ddr_cal_riu/mcs0/inst/microblaze_I/U0/MicroBlaze_Core_I/Performance.Core/Data_Flow_I/MUL_Unit_I/Use_HW_MUL.Using_DSP48_Architectures.No_MUL64.dsp_module_I2/Using_DSP48E1.DSP48E1_I1'. [/home/devsounio/darwin-atlas-phase-l/build-authorized/_x/link/vivado/vpl/prj/prj.gen/my_rm/bd/ulp/ip/ulp_memory_subsystem_0/bd_5/ip/ip_0/bd_7e0c_microblaze_I_0.xdc:32]
WARNING: [Vivado_Tcl 4-2057] Waiver ID 'DPOP-3' object list specifies likely unusable hierarchical instance 'level0_i/level1/level1_i/ulp/memory_subsystem/inst/memory/ddr4_mem01/inst/u_ddr4_mem_intfc/u_ddr_cal_riu/mcs0/inst/microblaze_I/U0/MicroBlaze_Core_I/Performance.Core/Data_Flow_I/MUL_Unit_I/Use_HW_MUL.Using_DSP48_Architectures.No_MUL64.dsp_module_I3/Using_DSP48E1.DSP48E1_I1'. [/home/devsounio/darwin-atlas-phase-l/build-authorized/_x/link/vivado/vpl/prj/prj.gen/my_rm/bd/ulp/ip/ulp_memory_subsystem_0/bd_5/ip/ip_0/bd_7e0c_microblaze_I_0.xdc:32]
WARNING: [Vivado_Tcl 4-2057] Waiver ID 'DPOP-3' object list specifies likely unusable hierarchical instance 'level0_i/level1/level1_i/ulp/memory_subsystem/inst/memory/ddr4_mem01/inst/u_ddr4_mem_intfc/u_ddr_cal_riu/mcs0/inst/microblaze_I/U0/MicroBlaze_Core_I/Performance.Core/Data_Flow_I/MUL_Unit_I/Use_HW_MUL.Using_DSP48_Architectures.dsp_module_I1/Using_DSP48E1.DSP48E1_I1'. [/home/devsounio/darwin-atlas-phase-l/build-authorized/_x/link/vivado/vpl/prj/prj.gen/my_rm/bd/ulp/ip/ulp_memory_subsystem_0/bd_5/ip/ip_0/bd_7e0c_microblaze_I_0.xdc:32]
WARNING: [Vivado_Tcl 4-2057] Waiver ID 'DPOP-4' object list specifies likely unusable hierarchical instance 'level0_i/level1/level1_i/ulp/memory_subsystem/inst/memory/ddr4_mem01/inst/u_ddr4_mem_intfc/u_ddr_cal_riu/mcs0/inst/microblaze_I/U0/MicroBlaze_Core_I/Performance.Core/Data_Flow_I/MUL_Unit_I/Use_HW_MUL.Using_DSP48_Architectures.No_MUL64.dsp_module_I2/Using_DSP48E1.DSP48E1_I1'. [/home/devsounio/darwin-atlas-phase-l/build-authorized/_x/link/vivado/vpl/prj/prj.gen/my_rm/bd/ulp/ip/ulp_memory_subsystem_0/bd_5/ip/ip_0/bd_7e0c_microblaze_I_0.xdc:35]
WARNING: [Vivado_Tcl 4-2057] Waiver ID 'DPOP-4' object list specifies likely unusable hierarchical instance 'level0_i/level1/level1_i/ulp/memory_subsystem/inst/memory/ddr4_mem01/inst/u_ddr4_mem_intfc/u_ddr_cal_riu/mcs0/inst/microblaze_I/U0/MicroBlaze_Core_I/Performance.Core/Data_Flow_I/MUL_Unit_I/Use_HW_MUL.Using_DSP48_Architectures.No_MUL64.dsp_module_I3/Using_DSP48E1.DSP48E1_I1'. [/home/devsounio/darwin-atlas-phase-l/build-authorized/_x/link/vivado/vpl/prj/prj.gen/my_rm/bd/ulp/ip/ulp_memory_subsystem_0/bd_5/ip/ip_0/bd_7e0c_microblaze_I_0.xdc:35]
WARNING: [Vivado_Tcl 4-2057] Waiver ID 'DPOP-4' object list specifies likely unusable hierarchical instance 'level0_i/level1/level1_i/ulp/memory_subsystem/inst/memory/ddr4_mem01/inst/u_ddr4_mem_intfc/u_ddr_cal_riu/mcs0/inst/microblaze_I/U0/MicroBlaze_Core_I/Performance.Core/Data_Flow_I/MUL_Unit_I/Use_HW_MUL.Using_DSP48_Architectures.dsp_module_I1/Using_DSP48E1.DSP48E1_I1'. [/home/devsounio/darwin-atlas-phase-l/build-authorized/_x/link/vivado/vpl/prj/prj.gen/my_rm/bd/ulp/ip/ulp_memory_subsystem_0/bd_5/ip/ip_0/bd_7e0c_microblaze_I_0.xdc:35]
WARNING: [Vivado_Tcl 4-2057] Waiver ID 'DPOP-4' object list specifies likely unusable hierarchical instance 'level0_i/level1/level1_i/ulp/memory_subsystem/inst/memory/ddr4_mem01/inst/u_ddr4_mem_intfc/u_ddr_cal_riu/mcs0/inst/microblaze_I/U0/MicroBlaze_Core_I/Performance.Core/Data_Flow_I/MUL_Unit_I/Use_HW_MUL.Using_DSP48_Architectures.No_MUL64.dsp_module_I2/Using_DSP48E1.DSP48E1_I1'. [/home/devsounio/darwin-atlas-phase-l/build-authorized/_x/link/vivado/vpl/prj/prj.gen/my_rm/bd/ulp/ip/ulp_memory_subsystem_0/bd_5/ip/ip_0/bd_7e0c_microblaze_I_0.xdc:38]
WARNING: [Vivado_Tcl 4-2057] Waiver ID 'DPOP-4' object list specifies likely unusable hierarchical instance 'level0_i/level1/level1_i/ulp/memory_subsystem/inst/memory/ddr4_mem01/inst/u_ddr4_mem_intfc/u_ddr_cal_riu/mcs0/inst/microblaze_I/U0/MicroBlaze_Core_I/Performance.Core/Data_Flow_I/MUL_Unit_I/Use_HW_MUL.Using_DSP48_Architectures.No_MUL64.dsp_module_I3/Using_DSP48E1.DSP48E1_I1'. [/home/devsounio/darwin-atlas-phase-l/build-authorized/_x/link/vivado/vpl/prj/prj.gen/my_rm/bd/ulp/ip/ulp_memory_subsystem_0/bd_5/ip/ip_0/bd_7e0c_microblaze_I_0.xdc:38]
WARNING: [Vivado_Tcl 4-2057] Waiver ID 'DPOP-4' object list specifies likely unusable hierarchical instance 'level0_i/level1/level1_i/ulp/memory_subsystem/inst/memory/ddr4_mem01/inst/u_ddr4_mem_intfc/u_ddr_cal_riu/mcs0/inst/microblaze_I/U0/MicroBlaze_Core_I/Performance.Core/Data_Flow_I/MUL_Unit_I/Use_HW_MUL.Using_DSP48_Architectures.dsp_module_I1/Using_DSP48E1.DSP48E1_I1'. [/home/devsounio/darwin-atlas-phase-l/build-authorized/_x/link/vivado/vpl/prj/prj.gen/my_rm/bd/ulp/ip/ulp_memory_subsystem_0/bd_5/ip/ip_0/bd_7e0c_microblaze_I_0.xdc:38]
WARNING: [Vivado_Tcl 4-2057] Waiver ID 'DPOP-4' object list specifies likely unusable hierarchical instance 'level0_i/level1/level1_i/ulp/memory_subsystem/inst/memory/ddr4_mem01/inst/u_ddr4_mem_intfc/u_ddr_cal_riu/mcs0/inst/microblaze_I/U0/MicroBlaze_Core_I/Performance.Core/Data_Flow_I/MUL_Unit_I/Use_HW_MUL.Using_DSP48_Architectures.No_MUL64.dsp_module_I2/Using_DSP48E1.DSP48E1_I1'. [/home/devsounio/darwin-atlas-phase-l/build-authorized/_x/link/vivado/vpl/prj/prj.gen/my_rm/bd/ulp/ip/ulp_memory_subsystem_0/bd_5/ip/ip_0/bd_7e0c_microblaze_I_0.xdc:41]
WARNING: [Vivado_Tcl 4-2057] Waiver ID 'DPOP-4' object list specifies likely unusable hierarchical instance 'level0_i/level1/level1_i/ulp/memory_subsystem/inst/memory/ddr4_mem01/inst/u_ddr4_mem_intfc/u_ddr_cal_riu/mcs0/inst/microblaze_I/U0/MicroBlaze_Core_I/Performance.Core/Data_Flow_I/MUL_Unit_I/Use_HW_MUL.Using_DSP48_Architectures.No_MUL64.dsp_module_I3/Using_DSP48E1.DSP48E1_I1'. [/home/devsounio/darwin-atlas-phase-l/build-authorized/_x/link/vivado/vpl/prj/prj.gen/my_rm/bd/ulp/ip/ulp_memory_subsystem_0/bd_5/ip/ip_0/bd_7e0c_microblaze_I_0.xdc:41]
WARNING: [Vivado_Tcl 4-2057] Waiver ID 'DPOP-4' object list specifies likely unusable hierarchical instance 'level0_i/level1/level1_i/ulp/memory_subsystem/inst/memory/ddr4_mem01/inst/u_ddr4_mem_intfc/u_ddr_cal_riu/mcs0/inst/microblaze_I/U0/MicroBlaze_Core_I/Performance.Core/Data_Flow_I/MUL_Unit_I/Use_HW_MUL.Using_DSP48_Architectures.dsp_module_I1/Using_DSP48E1.DSP48E1_I1'. [/home/devsounio/darwin-atlas-phase-l/build-authorized/_x/link/vivado/vpl/prj/prj.gen/my_rm/bd/ulp/ip/ulp_memory_subsystem_0/bd_5/ip/ip_0/bd_7e0c_microblaze_I_0.xdc:41]
Finished Parsing XDC File [/home/devsounio/darwin-atlas-phase-l/build-authorized/_x/link/vivado/vpl/prj/prj.gen/my_rm/bd/ulp/ip/ulp_memory_subsystem_0/bd_5/ip/ip_0/bd_7e0c_microblaze_I_0.xdc] for cell 'level0_i/level1/level1_i/ulp/memory_subsystem/inst/memory/ddr4_mem01/inst/u_ddr4_mem_intfc/u_ddr_cal_riu/mcs0/inst/microblaze_I/U0'
Parsing XDC File [/home/devsounio/darwin-atlas-phase-l/build-authorized/_x/link/vivado/vpl/prj/prj.gen/my_rm/bd/ulp/ip/ulp_memory_subsystem_0/bd_5/ip/ip_1/bd_7e0c_rst_0_0_board.xdc] for cell 'level0_i/level1/level1_i/ulp/memory_subsystem/inst/memory/ddr4_mem01/inst/u_ddr4_mem_intfc/u_ddr_cal_riu/mcs0/inst/rst_0/U0'
Finished Parsing XDC File [/home/devsounio/darwin-atlas-phase-l/build-authorized/_x/link/vivado/vpl/prj/prj.gen/my_rm/bd/ulp/ip/ulp_memory_subsystem_0/bd_5/ip/ip_1/bd_7e0c_rst_0_0_board.xdc] for cell 'level0_i/level1/level1_i/ulp/memory_subsystem/inst/memory/ddr4_mem01/inst/u_ddr4_mem_intfc/u_ddr_cal_riu/mcs0/inst/rst_0/U0'
Parsing XDC File [/home/devsounio/darwin-atlas-phase-l/build-authorized/_x/link/vivado/vpl/prj/prj.gen/my_rm/bd/ulp/ip/ulp_memory_subsystem_0/bd_5/ip/ip_2/bd_7e0c_ilmb_0.xdc] for cell 'level0_i/level1/level1_i/ulp/memory_subsystem/inst/memory/ddr4_mem01/inst/u_ddr4_mem_intfc/u_ddr_cal_riu/mcs0/inst/ilmb/U0'
Finished Parsing XDC File [/home/devsounio/darwin-atlas-phase-l/build-authorized/_x/link/vivado/vpl/prj/prj.gen/my_rm/bd/ulp/ip/ulp_memory_subsystem_0/bd_5/ip/ip_2/bd_7e0c_ilmb_0.xdc] for cell 'level0_i/level1/level1_i/ulp/memory_subsystem/inst/memory/ddr4_mem01/inst/u_ddr4_mem_intfc/u_ddr_cal_riu/mcs0/inst/ilmb/U0'
Parsing XDC File [/home/devsounio/darwin-atlas-phase-l/build-authorized/_x/link/vivado/vpl/prj/prj.gen/my_rm/bd/ulp/ip/ulp_memory_subsystem_0/bd_5/ip/ip_3/bd_7e0c_dlmb_0.xdc] for cell 'level0_i/level1/level1_i/ulp/memory_subsystem/inst/memory/ddr4_mem01/inst/u_ddr4_mem_intfc/u_ddr_cal_riu/mcs0/inst/dlmb/U0'
Finished Parsing XDC File [/home/devsounio/darwin-atlas-phase-l/build-authorized/_x/link/vivado/vpl/prj/prj.gen/my_rm/bd/ulp/ip/ulp_memory_subsystem_0/bd_5/ip/ip_3/bd_7e0c_dlmb_0.xdc] for cell 'level0_i/level1/level1_i/ulp/memory_subsystem/inst/memory/ddr4_mem01/inst/u_ddr4_mem_intfc/u_ddr_cal_riu/mcs0/inst/dlmb/U0'
Parsing XDC File [/home/devsounio/darwin-atlas-phase-l/build-authorized/_x/link/vivado/vpl/prj/prj.gen/my_rm/bd/ulp/ip/ulp_memory_subsystem_0/bd_5/ip/ip_10/bd_7e0c_iomodule_0_0_board.xdc] for cell 'level0_i/level1/level1_i/ulp/memory_subsystem/inst/memory/ddr4_mem01/inst/u_ddr4_mem_intfc/u_ddr_cal_riu/mcs0/inst/iomodule_0/U0'
Finished Parsing XDC File [/home/devsounio/darwin-atlas-phase-l/build-authorized/_x/link/vivado/vpl/prj/prj.gen/my_rm/bd/ulp/ip/ulp_memory_subsystem_0/bd_5/ip/ip_10/bd_7e0c_iomodule_0_0_board.xdc] for cell 'level0_i/level1/level1_i/ulp/memory_subsystem/inst/memory/ddr4_mem01/inst/u_ddr4_mem_intfc/u_ddr_cal_riu/mcs0/inst/iomodule_0/U0'
Parsing XDC File [/home/devsounio/darwin-atlas-phase-l/build-authorized/_x/link/vivado/vpl/prj/prj.gen/my_rm/bd/ulp/ip/ulp_memory_subsystem_0/bd_0/ip/ip_23/ip_0/bd_b35e_ddr4_mem01_0_microblaze_mcs_board.xdc] for cell 'level0_i/level1/level1_i/ulp/memory_subsystem/inst/memory/ddr4_mem01/inst/u_ddr4_mem_intfc/u_ddr_cal_riu/mcs0/inst'
Finished Parsing XDC File [/home/devsounio/darwin-atlas-phase-l/build-authorized/_x/link/vivado/vpl/prj/prj.gen/my_rm/bd/ulp/ip/ulp_memory_subsystem_0/bd_0/ip/ip_23/ip_0/bd_b35e_ddr4_mem01_0_microblaze_mcs_board.xdc] for cell 'level0_i/level1/level1_i/ulp/memory_subsystem/inst/memory/ddr4_mem01/inst/u_ddr4_mem_intfc/u_ddr_cal_riu/mcs0/inst'
Parsing XDC File [/home/devsounio/darwin-atlas-phase-l/build-authorized/_x/link/vivado/vpl/prj/prj.gen/my_rm/bd/ulp/ip/ulp_memory_subsystem_0/bd_0/ip/ip_23/par/bd_b35e_ddr4_mem01_0.xdc] for cell 'level0_i/level1/level1_i/ulp/memory_subsystem/inst/memory/ddr4_mem01/inst'
Finished Parsing XDC File [/home/devsounio/darwin-atlas-phase-l/build-authorized/_x/link/vivado/vpl/prj/prj.gen/my_rm/bd/ulp/ip/ulp_memory_subsystem_0/bd_0/ip/ip_23/par/bd_b35e_ddr4_mem01_0.xdc] for cell 'level0_i/level1/level1_i/ulp/memory_subsystem/inst/memory/ddr4_mem01/inst'
Parsing XDC File [/home/devsounio/darwin-atlas-phase-l/build-authorized/_x/link/vivado/vpl/prj/prj.gen/my_rm/bd/ulp/ip/ulp_memory_subsystem_0/bd_0/ip/ip_24/bd_b35e_psr_ddr4_mem01_0_board.xdc] for cell 'level0_i/level1/level1_i/ulp/memory_subsystem/inst/memory/psr_ddr4_mem01/U0'
Finished Parsing XDC File [/home/devsounio/darwin-atlas-phase-l/build-authorized/_x/link/vivado/vpl/prj/prj.gen/my_rm/bd/ulp/ip/ulp_memory_subsystem_0/bd_0/ip/ip_24/bd_b35e_psr_ddr4_mem01_0_board.xdc] for cell 'level0_i/level1/level1_i/ulp/memory_subsystem/inst/memory/psr_ddr4_mem01/U0'
Parsing XDC File [/home/devsounio/darwin-atlas-phase-l/build-authorized/_x/link/vivado/vpl/prj/prj.gen/my_rm/bd/ulp/ip/ulp_memory_subsystem_0/bd_0/ip/ip_16/bd_b35e_psr_ctrl_interconnect_0_board.xdc] for cell 'level0_i/level1/level1_i/ulp/memory_subsystem/inst/memory/psr_ctrl_interconnect/U0'
Finished Parsing XDC File [/home/devsounio/darwin-atlas-phase-l/build-authorized/_x/link/vivado/vpl/prj/prj.gen/my_rm/bd/ulp/ip/ulp_memory_subsystem_0/bd_0/ip/ip_16/bd_b35e_psr_ctrl_interconnect_0_board.xdc] for cell 'level0_i/level1/level1_i/ulp/memory_subsystem/inst/memory/psr_ctrl_interconnect/U0'
Parsing XDC File [/home/devsounio/darwin-atlas-phase-l/build-authorized/_x/link/vivado/vpl/prj/prj.gen/my_rm/bd/ulp/ip/ulp_shell_cmp_subsystem_0_0/bd_1/ip/ip_2/constraints/bs_switch.xdc] for cell 'level0_i/level1/level1_i/ulp/shell_cmp_subsystem_0/inst/user_debug_bridge/inst/bs_switch_1/inst'
Finished Parsing XDC File [/home/devsounio/darwin-atlas-phase-l/build-authorized/_x/link/vivado/vpl/prj/prj.gen/my_rm/bd/ulp/ip/ulp_shell_cmp_subsystem_0_0/bd_1/ip/ip_2/constraints/bs_switch.xdc] for cell 'level0_i/level1/level1_i/ulp/shell_cmp_subsystem_0/inst/user_debug_bridge/inst/bs_switch_1/inst'
Parsing XDC File [/home/devsounio/darwin-atlas-phase-l/build-authorized/_x/link/vivado/vpl/prj/prj.gen/my_rm/bd/ulp/ip/ulp_ss_ucs_0/bd_0/ip/ip_6/bd_1361_gpio_gapping_demand_0_board.xdc] for cell 'level0_i/level1/level1_i/ulp/ss_ucs/inst/gapping_demand/gpio_gapping_demand/U0'
Finished Parsing XDC File [/home/devsounio/darwin-atlas-phase-l/build-authorized/_x/link/vivado/vpl/prj/prj.gen/my_rm/bd/ulp/ip/ulp_ss_ucs_0/bd_0/ip/ip_6/bd_1361_gpio_gapping_demand_0_board.xdc] for cell 'level0_i/level1/level1_i/ulp/ss_ucs/inst/gapping_demand/gpio_gapping_demand/U0'
Parsing XDC File [/home/devsounio/darwin-atlas-phase-l/build-authorized/_x/link/vivado/vpl/prj/prj.gen/my_rm/bd/ulp/ip/ulp_ss_ucs_0/bd_0/ip/ip_14/bd_1361_gpio_ucs_control_status_0_board.xdc] for cell 'level0_i/level1/level1_i/ulp/ss_ucs/inst/ucs_control_status/gpio_ucs_control_status/U0'
Finished Parsing XDC File [/home/devsounio/darwin-atlas-phase-l/build-authorized/_x/link/vivado/vpl/prj/prj.gen/my_rm/bd/ulp/ip/ulp_ss_ucs_0/bd_0/ip/ip_14/bd_1361_gpio_ucs_control_status_0_board.xdc] for cell 'level0_i/level1/level1_i/ulp/ss_ucs/inst/ucs_control_status/gpio_ucs_control_status/U0'
Parsing XDC File [/home/devsounio/darwin-atlas-phase-l/build-authorized/_x/link/vivado/vpl/prj/prj.gen/my_rm/bd/ulp/ip/ulp_ss_ucs_0/bd_0/ip/ip_62/bd_1361_psreset_aclk_freerun_0_board.xdc] for cell 'level0_i/level1/level1_i/ulp/ss_ucs/inst/frequency_counters/psreset_aclk_freerun/U0'
Finished Parsing XDC File [/home/devsounio/darwin-atlas-phase-l/build-authorized/_x/link/vivado/vpl/prj/prj.gen/my_rm/bd/ulp/ip/ulp_ss_ucs_0/bd_0/ip/ip_62/bd_1361_psreset_aclk_freerun_0_board.xdc] for cell 'level0_i/level1/level1_i/ulp/ss_ucs/inst/frequency_counters/psreset_aclk_freerun/U0'
Parsing XDC File [/home/devsounio/darwin-atlas-phase-l/build-authorized/_x/link/vivado/vpl/prj/prj.gen/my_rm/bd/ulp/ip/ulp_ss_ucs_0/bd_0/ip/ip_65/bd_1361_clkwiz_aclk_kernel_00_0_board.xdc] for cell 'level0_i/level1/level1_i/ulp/ss_ucs/inst/aclk_kernel_00_hierarchy/clkwiz_aclk_kernel_00/inst'
Finished Parsing XDC File [/home/devsounio/darwin-atlas-phase-l/build-authorized/_x/link/vivado/vpl/prj/prj.gen/my_rm/bd/ulp/ip/ulp_ss_ucs_0/bd_0/ip/ip_65/bd_1361_clkwiz_aclk_kernel_00_0_board.xdc] for cell 'level0_i/level1/level1_i/ulp/ss_ucs/inst/aclk_kernel_00_hierarchy/clkwiz_aclk_kernel_00/inst'
Parsing XDC File [/home/devsounio/darwin-atlas-phase-l/build-authorized/_x/link/vivado/vpl/prj/prj.gen/my_rm/bd/ulp/ip/ulp_ss_ucs_0/bd_0/ip/ip_65/bd_1361_clkwiz_aclk_kernel_00_0.xdc] for cell 'level0_i/level1/level1_i/ulp/ss_ucs/inst/aclk_kernel_00_hierarchy/clkwiz_aclk_kernel_00/inst'
Finished Parsing XDC File [/home/devsounio/darwin-atlas-phase-l/build-authorized/_x/link/vivado/vpl/prj/prj.gen/my_rm/bd/ulp/ip/ulp_ss_ucs_0/bd_0/ip/ip_65/bd_1361_clkwiz_aclk_kernel_00_0.xdc] for cell 'level0_i/level1/level1_i/ulp/ss_ucs/inst/aclk_kernel_00_hierarchy/clkwiz_aclk_kernel_00/inst'
Parsing XDC File [/home/devsounio/darwin-atlas-phase-l/build-authorized/_x/link/vivado/vpl/prj/prj.gen/my_rm/bd/ulp/ip/ulp_ss_ucs_0/bd_0/ip/ip_86/bd_1361_psreset_kernel_00_0_board.xdc] for cell 'level0_i/level1/level1_i/ulp/ss_ucs/inst/aclk_kernel_00_hierarchy/psreset_kernel_00/U0'
Finished Parsing XDC File [/home/devsounio/darwin-atlas-phase-l/build-authorized/_x/link/vivado/vpl/prj/prj.gen/my_rm/bd/ulp/ip/ulp_ss_ucs_0/bd_0/ip/ip_86/bd_1361_psreset_kernel_00_0_board.xdc] for cell 'level0_i/level1/level1_i/ulp/ss_ucs/inst/aclk_kernel_00_hierarchy/psreset_kernel_00/U0'
Parsing XDC File [/home/devsounio/darwin-atlas-phase-l/build-authorized/_x/link/vivado/vpl/prj/prj.gen/my_rm/bd/ulp/ip/ulp_ss_ucs_0/bd_0/ip/ip_89/bd_1361_clkwiz_aclk_kernel_01_0_board.xdc] for cell 'level0_i/level1/level1_i/ulp/ss_ucs/inst/aclk_kernel_01_hierarchy/clkwiz_aclk_kernel_01/inst'
Finished Parsing XDC File [/home/devsounio/darwin-atlas-phase-l/build-authorized/_x/link/vivado/vpl/prj/prj.gen/my_rm/bd/ulp/ip/ulp_ss_ucs_0/bd_0/ip/ip_89/bd_1361_clkwiz_aclk_kernel_01_0_board.xdc] for cell 'level0_i/level1/level1_i/ulp/ss_ucs/inst/aclk_kernel_01_hierarchy/clkwiz_aclk_kernel_01/inst'
Parsing XDC File [/home/devsounio/darwin-atlas-phase-l/build-authorized/_x/link/vivado/vpl/prj/prj.gen/my_rm/bd/ulp/ip/ulp_ss_ucs_0/bd_0/ip/ip_89/bd_1361_clkwiz_aclk_kernel_01_0.xdc] for cell 'level0_i/level1/level1_i/ulp/ss_ucs/inst/aclk_kernel_01_hierarchy/clkwiz_aclk_kernel_01/inst'
Finished Parsing XDC File [/home/devsounio/darwin-atlas-phase-l/build-authorized/_x/link/vivado/vpl/prj/prj.gen/my_rm/bd/ulp/ip/ulp_ss_ucs_0/bd_0/ip/ip_89/bd_1361_clkwiz_aclk_kernel_01_0.xdc] for cell 'level0_i/level1/level1_i/ulp/ss_ucs/inst/aclk_kernel_01_hierarchy/clkwiz_aclk_kernel_01/inst'
Parsing XDC File [/home/devsounio/darwin-atlas-phase-l/build-authorized/_x/link/vivado/vpl/prj/prj.gen/my_rm/bd/ulp/ip/ulp_ss_ucs_0/bd_0/ip/ip_110/bd_1361_psreset_kernel_01_0_board.xdc] for cell 'level0_i/level1/level1_i/ulp/ss_ucs/inst/aclk_kernel_01_hierarchy/psreset_kernel_01/U0'
Finished Parsing XDC File [/home/devsounio/darwin-atlas-phase-l/build-authorized/_x/link/vivado/vpl/prj/prj.gen/my_rm/bd/ulp/ip/ulp_ss_ucs_0/bd_0/ip/ip_110/bd_1361_psreset_kernel_01_0_board.xdc] for cell 'level0_i/level1/level1_i/ulp/ss_ucs/inst/aclk_kernel_01_hierarchy/psreset_kernel_01/U0'
Parsing XDC File [/home/devsounio/darwin-atlas-phase-l/build-authorized/_x/link/vivado/vpl/prj/prj.gen/my_rm/bd/ulp/ip/ulp_ii_level1_wire_0/uuid_stamp.xdc] for cell 'level0_i/level1/level1_i/ulp/ii_level1_wire/inst'
Finished Parsing XDC File [/home/devsounio/darwin-atlas-phase-l/build-authorized/_x/link/vivado/vpl/prj/prj.gen/my_rm/bd/ulp/ip/ulp_ii_level1_wire_0/uuid_stamp.xdc] for cell 'level0_i/level1/level1_i/ulp/ii_level1_wire/inst'
Parsing XDC File [/home/devsounio/darwin-atlas-phase-l/build-authorized/_x/link/vivado/vpl/prj/prj.gen/my_rm/bd/ulp/ip/ulp_memory_subsystem_0/bd_0/ip/ip_0/bd_b35e_psr_aclk_SLR0_0_board.xdc] for cell 'level0_i/level1/level1_i/ulp/memory_subsystem/inst/reset/psr_aclk_SLR0/U0'
Finished Parsing XDC File [/home/devsounio/darwin-atlas-phase-l/build-authorized/_x/link/vivado/vpl/prj/prj.gen/my_rm/bd/ulp/ip/ulp_memory_subsystem_0/bd_0/ip/ip_0/bd_b35e_psr_aclk_SLR0_0_board.xdc] for cell 'level0_i/level1/level1_i/ulp/memory_subsystem/inst/reset/psr_aclk_SLR0/U0'
Parsing XDC File [/home/devsounio/darwin-atlas-phase-l/build-authorized/_x/link/vivado/vpl/prj/prj.gen/my_rm/bd/ulp/ip/ulp_memory_subsystem_0/bd_0/ip/ip_2/bd_b35e_psr_aclk_SLR2_0_board.xdc] for cell 'level0_i/level1/level1_i/ulp/memory_subsystem/inst/reset/psr_aclk_SLR2/U0'
Finished Parsing XDC File [/home/devsounio/darwin-atlas-phase-l/build-authorized/_x/link/vivado/vpl/prj/prj.gen/my_rm/bd/ulp/ip/ulp_memory_subsystem_0/bd_0/ip/ip_2/bd_b35e_psr_aclk_SLR2_0_board.xdc] for cell 'level0_i/level1/level1_i/ulp/memory_subsystem/inst/reset/psr_aclk_SLR2/U0'
Parsing XDC File [/home/devsounio/darwin-atlas-phase-l/build-authorized/_x/link/vivado/vpl/prj/prj.gen/my_rm/bd/ulp/ip/ulp_memory_subsystem_0/bd_0/ip/ip_4/bd_b35e_psr_aclk1_SLR0_0_board.xdc] for cell 'level0_i/level1/level1_i/ulp/memory_subsystem/inst/reset/psr_aclk1_SLR0/U0'
Finished Parsing XDC File [/home/devsounio/darwin-atlas-phase-l/build-authorized/_x/link/vivado/vpl/prj/prj.gen/my_rm/bd/ulp/ip/ulp_memory_subsystem_0/bd_0/ip/ip_4/bd_b35e_psr_aclk1_SLR0_0_board.xdc] for cell 'level0_i/level1/level1_i/ulp/memory_subsystem/inst/reset/psr_aclk1_SLR0/U0'
Parsing XDC File [/home/devsounio/darwin-atlas-phase-l/build-authorized/_x/link/vivado/vpl/prj/prj.gen/my_rm/bd/ulp/ip/ulp_memory_subsystem_0/bd_0/ip/ip_5/bd_b35e_psr_aclk1_SLR1_0_board.xdc] for cell 'level0_i/level1/level1_i/ulp/memory_subsystem/inst/reset/psr_aclk1_SLR1/U0'
Finished Parsing XDC File [/home/devsounio/darwin-atlas-phase-l/build-authorized/_x/link/vivado/vpl/prj/prj.gen/my_rm/bd/ulp/ip/ulp_memory_subsystem_0/bd_0/ip/ip_5/bd_b35e_psr_aclk1_SLR1_0_board.xdc] for cell 'level0_i/level1/level1_i/ulp/memory_subsystem/inst/reset/psr_aclk1_SLR1/U0'
Parsing XDC File [/home/devsounio/darwin-atlas-phase-l/build-authorized/_x/link/vivado/vpl/prj/prj.gen/my_rm/bd/ulp/ip/ulp_memory_subsystem_0/bd_0/ip/ip_6/bd_b35e_psr_aclk1_SLR2_0_board.xdc] for cell 'level0_i/level1/level1_i/ulp/memory_subsystem/inst/reset/psr_aclk1_SLR2/U0'
Finished Parsing XDC File [/home/devsounio/darwin-atlas-phase-l/build-authorized/_x/link/vivado/vpl/prj/prj.gen/my_rm/bd/ulp/ip/ulp_memory_subsystem_0/bd_0/ip/ip_6/bd_b35e_psr_aclk1_SLR2_0_board.xdc] for cell 'level0_i/level1/level1_i/ulp/memory_subsystem/inst/reset/psr_aclk1_SLR2/U0'
Parsing XDC File [/home/devsounio/darwin-atlas-phase-l/build-authorized/_x/link/vivado/vpl/prj/prj.gen/my_rm/bd/ulp/ip/ulp_memory_subsystem_0/bd_0/ip/ip_13/bd_b35e_psr_aclk3_SLR1_0_board.xdc] for cell 'level0_i/level1/level1_i/ulp/memory_subsystem/inst/reset/psr_aclk3_SLR1/U0'
Finished Parsing XDC File [/home/devsounio/darwin-atlas-phase-l/build-authorized/_x/link/vivado/vpl/prj/prj.gen/my_rm/bd/ulp/ip/ulp_memory_subsystem_0/bd_0/ip/ip_13/bd_b35e_psr_aclk3_SLR1_0_board.xdc] for cell 'level0_i/level1/level1_i/ulp/memory_subsystem/inst/reset/psr_aclk3_SLR1/U0'
Parsing XDC File [/home/devsounio/darwin-atlas-phase-l/build-authorized/_x/link/vivado/vpl/prj/prj.gen/my_rm/bd/ulp/ip/ulp_memory_subsystem_0/bd_1/ip/ip_1/bd_fe25_psr0_0_board.xdc] for cell 'level0_i/level1/level1_i/ulp/memory_subsystem/inst/interconnect/interconnect_ddr4_mem00/inst/clk_map/psr0/U0'
Finished Parsing XDC File [/home/devsounio/darwin-atlas-phase-l/build-authorized/_x/link/vivado/vpl/prj/prj.gen/my_rm/bd/ulp/ip/ulp_memory_subsystem_0/bd_1/ip/ip_1/bd_fe25_psr0_0_board.xdc] for cell 'level0_i/level1/level1_i/ulp/memory_subsystem/inst/interconnect/interconnect_ddr4_mem00/inst/clk_map/psr0/U0'
Parsing XDC File [/home/devsounio/darwin-atlas-phase-l/build-authorized/_x/link/vivado/vpl/prj/prj.gen/my_rm/bd/ulp/ip/ulp_memory_subsystem_0/bd_1/ip/ip_2/bd_fe25_psr_aclk_0_board.xdc] for cell 'level0_i/level1/level1_i/ulp/memory_subsystem/inst/interconnect/interconnect_ddr4_mem00/inst/clk_map/psr_aclk/U0'
Finished Parsing XDC File [/home/devsounio/darwin-atlas-phase-l/build-authorized/_x/link/vivado/vpl/prj/prj.gen/my_rm/bd/ulp/ip/ulp_memory_subsystem_0/bd_1/ip/ip_2/bd_fe25_psr_aclk_0_board.xdc] for cell 'level0_i/level1/level1_i/ulp/memory_subsystem/inst/interconnect/interconnect_ddr4_mem00/inst/clk_map/psr_aclk/U0'
Parsing XDC File [/home/devsounio/darwin-atlas-phase-l/build-authorized/_x/link/vivado/vpl/prj/prj.gen/my_rm/bd/ulp/ip/ulp_memory_subsystem_0/bd_1/ip/ip_3/bd_fe25_psr_aclk1_0_board.xdc] for cell 'level0_i/level1/level1_i/ulp/memory_subsystem/inst/interconnect/interconnect_ddr4_mem00/inst/clk_map/psr_aclk1/U0'
Finished Parsing XDC File [/home/devsounio/darwin-atlas-phase-l/build-authorized/_x/link/vivado/vpl/prj/prj.gen/my_rm/bd/ulp/ip/ulp_memory_subsystem_0/bd_1/ip/ip_3/bd_fe25_psr_aclk1_0_board.xdc] for cell 'level0_i/level1/level1_i/ulp/memory_subsystem/inst/interconnect/interconnect_ddr4_mem00/inst/clk_map/psr_aclk1/U0'
Parsing XDC File [/home/devsounio/darwin-atlas-phase-l/build-authorized/_x/link/vivado/vpl/prj/prj.gen/my_rm/bd/ulp/ip/ulp_memory_subsystem_0/bd_0/ip/ip_17/smartconnect.xdc] for cell 'level0_i/level1/level1_i/ulp/memory_subsystem/inst/interconnect/interconnect_ddr4_mem00/inst'
WARNING: [Vivado_Tcl 4-935] Waiver ID 'CDC-11' is a duplicate and will not be added again. [/home/devsounio/darwin-atlas-phase-l/build-authorized/_x/link/vivado/vpl/prj/prj.gen/my_rm/bd/ulp/ip/ulp_memory_subsystem_0/bd_0/ip/ip_17/smartconnect.xdc:2]
WARNING: [Vivado_Tcl 4-919] Waiver ID 'CDC-1' -from list should not be empty. [/home/devsounio/darwin-atlas-phase-l/build-authorized/_x/link/vivado/vpl/prj/prj.gen/my_rm/bd/ulp/ip/ulp_memory_subsystem_0/bd_0/ip/ip_17/smartconnect.xdc:3]
WARNING: [Vivado_Tcl 4-935] Waiver ID 'CDC-1' is a duplicate and will not be added again. [/home/devsounio/darwin-atlas-phase-l/build-authorized/_x/link/vivado/vpl/prj/prj.gen/my_rm/bd/ulp/ip/ulp_memory_subsystem_0/bd_0/ip/ip_17/smartconnect.xdc:21]
WARNING: [Vivado_Tcl 4-935] Waiver ID 'CDC-1' is a duplicate and will not be added again. [/home/devsounio/darwin-atlas-phase-l/build-authorized/_x/link/vivado/vpl/prj/prj.gen/my_rm/bd/ulp/ip/ulp_memory_subsystem_0/bd_0/ip/ip_17/smartconnect.xdc:30]
WARNING: [Vivado_Tcl 4-935] Waiver ID 'CDC-1' is a duplicate and will not be added again. [/home/devsounio/darwin-atlas-phase-l/build-authorized/_x/link/vivado/vpl/prj/prj.gen/my_rm/bd/ulp/ip/ulp_memory_subsystem_0/bd_0/ip/ip_17/smartconnect.xdc:32]
WARNING: [Vivado_Tcl 4-919] Waiver ID 'CDC-1' -from list should not be empty. [/home/devsounio/darwin-atlas-phase-l/build-authorized/_x/link/vivado/vpl/prj/prj.gen/my_rm/bd/ulp/ip/ulp_memory_subsystem_0/bd_0/ip/ip_17/smartconnect.xdc:53]
WARNING: [Vivado_Tcl 4-919] Waiver ID 'CDC-13' -from list should not be empty. [/home/devsounio/darwin-atlas-phase-l/build-authorized/_x/link/vivado/vpl/prj/prj.gen/my_rm/bd/ulp/ip/ulp_memory_subsystem_0/bd_0/ip/ip_17/smartconnect.xdc:54]
Finished Parsing XDC File [/home/devsounio/darwin-atlas-phase-l/build-authorized/_x/link/vivado/vpl/prj/prj.gen/my_rm/bd/ulp/ip/ulp_memory_subsystem_0/bd_0/ip/ip_17/smartconnect.xdc] for cell 'level0_i/level1/level1_i/ulp/memory_subsystem/inst/interconnect/interconnect_ddr4_mem00/inst'
Parsing XDC File [/home/devsounio/darwin-atlas-phase-l/build-authorized/_x/link/vivado/vpl/prj/prj.gen/my_rm/bd/ulp/ip/ulp_memory_subsystem_0/bd_2/ip/ip_1/bd_3e74_psr0_0_board.xdc] for cell 'level0_i/level1/level1_i/ulp/memory_subsystem/inst/interconnect/interconnect_ddr4_mem01/inst/clk_map/psr0/U0'
Finished Parsing XDC File [/home/devsounio/darwin-atlas-phase-l/build-authorized/_x/link/vivado/vpl/prj/prj.gen/my_rm/bd/ulp/ip/ulp_memory_subsystem_0/bd_2/ip/ip_1/bd_3e74_psr0_0_board.xdc] for cell 'level0_i/level1/level1_i/ulp/memory_subsystem/inst/interconnect/interconnect_ddr4_mem01/inst/clk_map/psr0/U0'
Parsing XDC File [/home/devsounio/darwin-atlas-phase-l/build-authorized/_x/link/vivado/vpl/prj/prj.gen/my_rm/bd/ulp/ip/ulp_memory_subsystem_0/bd_2/ip/ip_2/bd_3e74_psr_aclk_0_board.xdc] for cell 'level0_i/level1/level1_i/ulp/memory_subsystem/inst/interconnect/interconnect_ddr4_mem01/inst/clk_map/psr_aclk/U0'
Finished Parsing XDC File [/home/devsounio/darwin-atlas-phase-l/build-authorized/_x/link/vivado/vpl/prj/prj.gen/my_rm/bd/ulp/ip/ulp_memory_subsystem_0/bd_2/ip/ip_2/bd_3e74_psr_aclk_0_board.xdc] for cell 'level0_i/level1/level1_i/ulp/memory_subsystem/inst/interconnect/interconnect_ddr4_mem01/inst/clk_map/psr_aclk/U0'
Parsing XDC File [/home/devsounio/darwin-atlas-phase-l/build-authorized/_x/link/vivado/vpl/prj/prj.gen/my_rm/bd/ulp/ip/ulp_memory_subsystem_0/bd_2/ip/ip_3/bd_3e74_psr_aclk1_0_board.xdc] for cell 'level0_i/level1/level1_i/ulp/memory_subsystem/inst/interconnect/interconnect_ddr4_mem01/inst/clk_map/psr_aclk1/U0'
Finished Parsing XDC File [/home/devsounio/darwin-atlas-phase-l/build-authorized/_x/link/vivado/vpl/prj/prj.gen/my_rm/bd/ulp/ip/ulp_memory_subsystem_0/bd_2/ip/ip_3/bd_3e74_psr_aclk1_0_board.xdc] for cell 'level0_i/level1/level1_i/ulp/memory_subsystem/inst/interconnect/interconnect_ddr4_mem01/inst/clk_map/psr_aclk1/U0'
Parsing XDC File [/home/devsounio/darwin-atlas-phase-l/build-authorized/_x/link/vivado/vpl/prj/prj.gen/my_rm/bd/ulp/ip/ulp_memory_subsystem_0/bd_0/ip/ip_18/smartconnect.xdc] for cell 'level0_i/level1/level1_i/ulp/memory_subsystem/inst/interconnect/interconnect_ddr4_mem01/inst'
WARNING: [Vivado_Tcl 4-935] Waiver ID 'CDC-11' is a duplicate and will not be added again. [/home/devsounio/darwin-atlas-phase-l/build-authorized/_x/link/vivado/vpl/prj/prj.gen/my_rm/bd/ulp/ip/ulp_memory_subsystem_0/bd_0/ip/ip_18/smartconnect.xdc:2]
WARNING: [Vivado_Tcl 4-919] Waiver ID 'CDC-1' -from list should not be empty. [/home/devsounio/darwin-atlas-phase-l/build-authorized/_x/link/vivado/vpl/prj/prj.gen/my_rm/bd/ulp/ip/ulp_memory_subsystem_0/bd_0/ip/ip_18/smartconnect.xdc:3]
WARNING: [Vivado_Tcl 4-935] Waiver ID 'CDC-1' is a duplicate and will not be added again. [/home/devsounio/darwin-atlas-phase-l/build-authorized/_x/link/vivado/vpl/prj/prj.gen/my_rm/bd/ulp/ip/ulp_memory_subsystem_0/bd_0/ip/ip_18/smartconnect.xdc:21]
WARNING: [Vivado_Tcl 4-935] Waiver ID 'CDC-1' is a duplicate and will not be added again. [/home/devsounio/darwin-atlas-phase-l/build-authorized/_x/link/vivado/vpl/prj/prj.gen/my_rm/bd/ulp/ip/ulp_memory_subsystem_0/bd_0/ip/ip_18/smartconnect.xdc:30]
WARNING: [Vivado_Tcl 4-935] Waiver ID 'CDC-1' is a duplicate and will not be added again. [/home/devsounio/darwin-atlas-phase-l/build-authorized/_x/link/vivado/vpl/prj/prj.gen/my_rm/bd/ulp/ip/ulp_memory_subsystem_0/bd_0/ip/ip_18/smartconnect.xdc:32]
WARNING: [Vivado_Tcl 4-919] Waiver ID 'CDC-1' -from list should not be empty. [/home/devsounio/darwin-atlas-phase-l/build-authorized/_x/link/vivado/vpl/prj/prj.gen/my_rm/bd/ulp/ip/ulp_memory_subsystem_0/bd_0/ip/ip_18/smartconnect.xdc:53]
WARNING: [Vivado_Tcl 4-919] Waiver ID 'CDC-13' -from list should not be empty. [/home/devsounio/darwin-atlas-phase-l/build-authorized/_x/link/vivado/vpl/prj/prj.gen/my_rm/bd/ulp/ip/ulp_memory_subsystem_0/bd_0/ip/ip_18/smartconnect.xdc:54]
Finished Parsing XDC File [/home/devsounio/darwin-atlas-phase-l/build-authorized/_x/link/vivado/vpl/prj/prj.gen/my_rm/bd/ulp/ip/ulp_memory_subsystem_0/bd_0/ip/ip_18/smartconnect.xdc] for cell 'level0_i/level1/level1_i/ulp/memory_subsystem/inst/interconnect/interconnect_ddr4_mem01/inst'
Parsing XDC File [/home/devsounio/darwin-atlas-phase-l/build-authorized/_x/link/vivado/vpl/prj/prj.gen/my_rm/bd/ulp/ip/ulp_memory_subsystem_0/bd_3/ip/ip_1/bd_928c_psr0_0_board.xdc] for cell 'level0_i/level1/level1_i/ulp/memory_subsystem/inst/interconnect/interconnect_m00_axi_mem00/inst/clk_map/psr0/U0'
Finished Parsing XDC File [/home/devsounio/darwin-atlas-phase-l/build-authorized/_x/link/vivado/vpl/prj/prj.gen/my_rm/bd/ulp/ip/ulp_memory_subsystem_0/bd_3/ip/ip_1/bd_928c_psr0_0_board.xdc] for cell 'level0_i/level1/level1_i/ulp/memory_subsystem/inst/interconnect/interconnect_m00_axi_mem00/inst/clk_map/psr0/U0'
Parsing XDC File [/home/devsounio/darwin-atlas-phase-l/build-authorized/_x/link/vivado/vpl/prj/prj.gen/my_rm/bd/ulp/ip/ulp_memory_subsystem_0/bd_3/ip/ip_2/bd_928c_psr_aclk_0_board.xdc] for cell 'level0_i/level1/level1_i/ulp/memory_subsystem/inst/interconnect/interconnect_m00_axi_mem00/inst/clk_map/psr_aclk/U0'
Finished Parsing XDC File [/home/devsounio/darwin-atlas-phase-l/build-authorized/_x/link/vivado/vpl/prj/prj.gen/my_rm/bd/ulp/ip/ulp_memory_subsystem_0/bd_3/ip/ip_2/bd_928c_psr_aclk_0_board.xdc] for cell 'level0_i/level1/level1_i/ulp/memory_subsystem/inst/interconnect/interconnect_m00_axi_mem00/inst/clk_map/psr_aclk/U0'
Parsing XDC File [/home/devsounio/darwin-atlas-phase-l/build-authorized/_x/link/vivado/vpl/prj/prj.gen/my_rm/bd/ulp/ip/ulp_memory_subsystem_0/bd_3/ip/ip_3/bd_928c_psr_aclk1_0_board.xdc] for cell 'level0_i/level1/level1_i/ulp/memory_subsystem/inst/interconnect/interconnect_m00_axi_mem00/inst/clk_map/psr_aclk1/U0'
Finished Parsing XDC File [/home/devsounio/darwin-atlas-phase-l/build-authorized/_x/link/vivado/vpl/prj/prj.gen/my_rm/bd/ulp/ip/ulp_memory_subsystem_0/bd_3/ip/ip_3/bd_928c_psr_aclk1_0_board.xdc] for cell 'level0_i/level1/level1_i/ulp/memory_subsystem/inst/interconnect/interconnect_m00_axi_mem00/inst/clk_map/psr_aclk1/U0'
Parsing XDC File [/home/devsounio/darwin-atlas-phase-l/build-authorized/_x/link/vivado/vpl/prj/prj.gen/my_rm/bd/ulp/ip/ulp_memory_subsystem_0/bd_0/ip/ip_19/smartconnect.xdc] for cell 'level0_i/level1/level1_i/ulp/memory_subsystem/inst/interconnect/interconnect_m00_axi_mem00/inst'
WARNING: [Vivado_Tcl 4-935] Waiver ID 'CDC-11' is a duplicate and will not be added again. [/home/devsounio/darwin-atlas-phase-l/build-authorized/_x/link/vivado/vpl/prj/prj.gen/my_rm/bd/ulp/ip/ulp_memory_subsystem_0/bd_0/ip/ip_19/smartconnect.xdc:2]
WARNING: [Vivado_Tcl 4-919] Waiver ID 'CDC-1' -from list should not be empty. [/home/devsounio/darwin-atlas-phase-l/build-authorized/_x/link/vivado/vpl/prj/prj.gen/my_rm/bd/ulp/ip/ulp_memory_subsystem_0/bd_0/ip/ip_19/smartconnect.xdc:3]
WARNING: [Vivado_Tcl 4-935] Waiver ID 'CDC-1' is a duplicate and will not be added again. [/home/devsounio/darwin-atlas-phase-l/build-authorized/_x/link/vivado/vpl/prj/prj.gen/my_rm/bd/ulp/ip/ulp_memory_subsystem_0/bd_0/ip/ip_19/smartconnect.xdc:21]
WARNING: [Vivado_Tcl 4-935] Waiver ID 'CDC-1' is a duplicate and will not be added again. [/home/devsounio/darwin-atlas-phase-l/build-authorized/_x/link/vivado/vpl/prj/prj.gen/my_rm/bd/ulp/ip/ulp_memory_subsystem_0/bd_0/ip/ip_19/smartconnect.xdc:22]
WARNING: [Vivado_Tcl 4-935] Waiver ID 'CDC-1' is a duplicate and will not be added again. [/home/devsounio/darwin-atlas-phase-l/build-authorized/_x/link/vivado/vpl/prj/prj.gen/my_rm/bd/ulp/ip/ulp_memory_subsystem_0/bd_0/ip/ip_19/smartconnect.xdc:30]
WARNING: [Vivado_Tcl 4-935] Waiver ID 'CDC-1' is a duplicate and will not be added again. [/home/devsounio/darwin-atlas-phase-l/build-authorized/_x/link/vivado/vpl/prj/prj.gen/my_rm/bd/ulp/ip/ulp_memory_subsystem_0/bd_0/ip/ip_19/smartconnect.xdc:32]
WARNING: [Vivado_Tcl 4-935] Waiver ID 'CDC-1' is a duplicate and will not be added again. [/home/devsounio/darwin-atlas-phase-l/build-authorized/_x/link/vivado/vpl/prj/prj.gen/my_rm/bd/ulp/ip/ulp_memory_subsystem_0/bd_0/ip/ip_19/smartconnect.xdc:35]
WARNING: [Vivado_Tcl 4-935] Waiver ID 'CDC-1' is a duplicate and will not be added again. [/home/devsounio/darwin-atlas-phase-l/build-authorized/_x/link/vivado/vpl/prj/prj.gen/my_rm/bd/ulp/ip/ulp_memory_subsystem_0/bd_0/ip/ip_19/smartconnect.xdc:37]
WARNING: [Vivado_Tcl 4-935] Waiver ID 'CDC-1' is a duplicate and will not be added again. [/home/devsounio/darwin-atlas-phase-l/build-authorized/_x/link/vivado/vpl/prj/prj.gen/my_rm/bd/ulp/ip/ulp_memory_subsystem_0/bd_0/ip/ip_19/smartconnect.xdc:38]
WARNING: [Vivado_Tcl 4-935] Waiver ID 'CDC-1' is a duplicate and will not be added again. [/home/devsounio/darwin-atlas-phase-l/build-authorized/_x/link/vivado/vpl/prj/prj.gen/my_rm/bd/ulp/ip/ulp_memory_subsystem_0/bd_0/ip/ip_19/smartconnect.xdc:39]
WARNING: [Vivado_Tcl 4-919] Waiver ID 'CDC-1' -from list should not be empty. [/home/devsounio/darwin-atlas-phase-l/build-authorized/_x/link/vivado/vpl/prj/prj.gen/my_rm/bd/ulp/ip/ulp_memory_subsystem_0/bd_0/ip/ip_19/smartconnect.xdc:53]
WARNING: [Vivado_Tcl 4-919] Waiver ID 'CDC-13' -from list should not be empty. [/home/devsounio/darwin-atlas-phase-l/build-authorized/_x/link/vivado/vpl/prj/prj.gen/my_rm/bd/ulp/ip/ulp_memory_subsystem_0/bd_0/ip/ip_19/smartconnect.xdc:54]
Finished Parsing XDC File [/home/devsounio/darwin-atlas-phase-l/build-authorized/_x/link/vivado/vpl/prj/prj.gen/my_rm/bd/ulp/ip/ulp_memory_subsystem_0/bd_0/ip/ip_19/smartconnect.xdc] for cell 'level0_i/level1/level1_i/ulp/memory_subsystem/inst/interconnect/interconnect_m00_axi_mem00/inst'
Parsing XDC File [/home/devsounio/darwin-atlas-phase-l/build-authorized/_x/link/vivado/vpl/prj/prj.gen/my_rm/bd/ulp/ip/ulp_memory_subsystem_0/bd_4/ip/ip_0/bd_2e55_microblaze_I_0.xdc] for cell 'level0_i/level1/level1_i/ulp/memory_subsystem/inst/memory/ddr4_mem00/inst/u_ddr4_mem_intfc/u_ddr_cal_riu/mcs0/inst/microblaze_I/U0'
WARNING: [Vivado_Tcl 4-2057] Waiver ID 'DPIP-1' object list specifies likely unusable hierarchical instance 'level0_i/level1/level1_i/ulp/memory_subsystem/inst/memory/ddr4_mem00/inst/u_ddr4_mem_intfc/u_ddr_cal_riu/mcs0/inst/microblaze_I/U0/MicroBlaze_Core_I/Performance.Core/Data_Flow_I/MUL_Unit_I/Use_HW_MUL.Using_DSP48_Architectures.No_MUL64.dsp_module_I2/Using_DSP48E1.DSP48E1_I1'. [/home/devsounio/darwin-atlas-phase-l/build-authorized/_x/link/vivado/vpl/prj/prj.gen/my_rm/bd/ulp/ip/ulp_memory_subsystem_0/bd_4/ip/ip_0/bd_2e55_microblaze_I_0.xdc:8]
WARNING: [Vivado_Tcl 4-2057] Waiver ID 'DPIP-1' object list specifies likely unusable hierarchical instance 'level0_i/level1/level1_i/ulp/memory_subsystem/inst/memory/ddr4_mem00/inst/u_ddr4_mem_intfc/u_ddr_cal_riu/mcs0/inst/microblaze_I/U0/MicroBlaze_Core_I/Performance.Core/Data_Flow_I/MUL_Unit_I/Use_HW_MUL.Using_DSP48_Architectures.No_MUL64.dsp_module_I3/Using_DSP48E1.DSP48E1_I1'. [/home/devsounio/darwin-atlas-phase-l/build-authorized/_x/link/vivado/vpl/prj/prj.gen/my_rm/bd/ulp/ip/ulp_memory_subsystem_0/bd_4/ip/ip_0/bd_2e55_microblaze_I_0.xdc:8]
WARNING: [Vivado_Tcl 4-2057] Waiver ID 'DPIP-1' object list specifies likely unusable hierarchical instance 'level0_i/level1/level1_i/ulp/memory_subsystem/inst/memory/ddr4_mem00/inst/u_ddr4_mem_intfc/u_ddr_cal_riu/mcs0/inst/microblaze_I/U0/MicroBlaze_Core_I/Performance.Core/Data_Flow_I/MUL_Unit_I/Use_HW_MUL.Using_DSP48_Architectures.dsp_module_I1/Using_DSP48E1.DSP48E1_I1'. [/home/devsounio/darwin-atlas-phase-l/build-authorized/_x/link/vivado/vpl/prj/prj.gen/my_rm/bd/ulp/ip/ulp_memory_subsystem_0/bd_4/ip/ip_0/bd_2e55_microblaze_I_0.xdc:8]
WARNING: [Vivado_Tcl 4-935] Waiver ID 'DPIP-1' is a duplicate and will not be added again. [/home/devsounio/darwin-atlas-phase-l/build-authorized/_x/link/vivado/vpl/prj/prj.gen/my_rm/bd/ulp/ip/ulp_memory_subsystem_0/bd_4/ip/ip_0/bd_2e55_microblaze_I_0.xdc:8]
WARNING: [Vivado_Tcl 4-2057] Waiver ID 'DPIP-1' object list specifies likely unusable hierarchical instance 'level0_i/level1/level1_i/ulp/memory_subsystem/inst/memory/ddr4_mem00/inst/u_ddr4_mem_intfc/u_ddr_cal_riu/mcs0/inst/microblaze_I/U0/MicroBlaze_Core_I/Performance.Core/Data_Flow_I/MUL_Unit_I/Use_HW_MUL.Using_DSP48_Architectures.No_MUL64.dsp_module_I2/Using_DSP48E1.DSP48E1_I1'. [/home/devsounio/darwin-atlas-phase-l/build-authorized/_x/link/vivado/vpl/prj/prj.gen/my_rm/bd/ulp/ip/ulp_memory_subsystem_0/bd_4/ip/ip_0/bd_2e55_microblaze_I_0.xdc:11]
WARNING: [Vivado_Tcl 4-2057] Waiver ID 'DPIP-1' object list specifies likely unusable hierarchical instance 'level0_i/level1/level1_i/ulp/memory_subsystem/inst/memory/ddr4_mem00/inst/u_ddr4_mem_intfc/u_ddr_cal_riu/mcs0/inst/microblaze_I/U0/MicroBlaze_Core_I/Performance.Core/Data_Flow_I/MUL_Unit_I/Use_HW_MUL.Using_DSP48_Architectures.No_MUL64.dsp_module_I3/Using_DSP48E1.DSP48E1_I1'. [/home/devsounio/darwin-atlas-phase-l/build-authorized/_x/link/vivado/vpl/prj/prj.gen/my_rm/bd/ulp/ip/ulp_memory_subsystem_0/bd_4/ip/ip_0/bd_2e55_microblaze_I_0.xdc:11]
WARNING: [Vivado_Tcl 4-2057] Waiver ID 'DPIP-1' object list specifies likely unusable hierarchical instance 'level0_i/level1/level1_i/ulp/memory_subsystem/inst/memory/ddr4_mem00/inst/u_ddr4_mem_intfc/u_ddr_cal_riu/mcs0/inst/microblaze_I/U0/MicroBlaze_Core_I/Performance.Core/Data_Flow_I/MUL_Unit_I/Use_HW_MUL.Using_DSP48_Architectures.dsp_module_I1/Using_DSP48E1.DSP48E1_I1'. [/home/devsounio/darwin-atlas-phase-l/build-authorized/_x/link/vivado/vpl/prj/prj.gen/my_rm/bd/ulp/ip/ulp_memory_subsystem_0/bd_4/ip/ip_0/bd_2e55_microblaze_I_0.xdc:11]
WARNING: [Vivado_Tcl 4-935] Waiver ID 'DPIP-1' is a duplicate and will not be added again. [/home/devsounio/darwin-atlas-phase-l/build-authorized/_x/link/vivado/vpl/prj/prj.gen/my_rm/bd/ulp/ip/ulp_memory_subsystem_0/bd_4/ip/ip_0/bd_2e55_microblaze_I_0.xdc:11]
WARNING: [Vivado_Tcl 4-2057] Waiver ID 'DPIP-2' object list specifies likely unusable hierarchical instance 'level0_i/level1/level1_i/ulp/memory_subsystem/inst/memory/ddr4_mem00/inst/u_ddr4_mem_intfc/u_ddr_cal_riu/mcs0/inst/microblaze_I/U0/MicroBlaze_Core_I/Performance.Core/Data_Flow_I/MUL_Unit_I/Use_HW_MUL.Using_DSP48_Architectures.No_MUL64.dsp_module_I2/Using_DSP48E1.DSP48E1_I1'. [/home/devsounio/darwin-atlas-phase-l/build-authorized/_x/link/vivado/vpl/prj/prj.gen/my_rm/bd/ulp/ip/ulp_memory_subsystem_0/bd_4/ip/ip_0/bd_2e55_microblaze_I_0.xdc:14]
WARNING: [Vivado_Tcl 4-2057] Waiver ID 'DPIP-2' object list specifies likely unusable hierarchical instance 'level0_i/level1/level1_i/ulp/memory_subsystem/inst/memory/ddr4_mem00/inst/u_ddr4_mem_intfc/u_ddr_cal_riu/mcs0/inst/microblaze_I/U0/MicroBlaze_Core_I/Performance.Core/Data_Flow_I/MUL_Unit_I/Use_HW_MUL.Using_DSP48_Architectures.No_MUL64.dsp_module_I3/Using_DSP48E1.DSP48E1_I1'. [/home/devsounio/darwin-atlas-phase-l/build-authorized/_x/link/vivado/vpl/prj/prj.gen/my_rm/bd/ulp/ip/ulp_memory_subsystem_0/bd_4/ip/ip_0/bd_2e55_microblaze_I_0.xdc:14]
WARNING: [Vivado_Tcl 4-2057] Waiver ID 'DPIP-2' object list specifies likely unusable hierarchical instance 'level0_i/level1/level1_i/ulp/memory_subsystem/inst/memory/ddr4_mem00/inst/u_ddr4_mem_intfc/u_ddr_cal_riu/mcs0/inst/microblaze_I/U0/MicroBlaze_Core_I/Performance.Core/Data_Flow_I/MUL_Unit_I/Use_HW_MUL.Using_DSP48_Architectures.dsp_module_I1/Using_DSP48E1.DSP48E1_I1'. [/home/devsounio/darwin-atlas-phase-l/build-authorized/_x/link/vivado/vpl/prj/prj.gen/my_rm/bd/ulp/ip/ulp_memory_subsystem_0/bd_4/ip/ip_0/bd_2e55_microblaze_I_0.xdc:14]
WARNING: [Vivado_Tcl 4-935] Waiver ID 'DPIP-2' is a duplicate and will not be added again. [/home/devsounio/darwin-atlas-phase-l/build-authorized/_x/link/vivado/vpl/prj/prj.gen/my_rm/bd/ulp/ip/ulp_memory_subsystem_0/bd_4/ip/ip_0/bd_2e55_microblaze_I_0.xdc:14]
WARNING: [Vivado_Tcl 4-2057] Waiver ID 'DPIP-2' object list specifies likely unusable hierarchical instance 'level0_i/level1/level1_i/ulp/memory_subsystem/inst/memory/ddr4_mem00/inst/u_ddr4_mem_intfc/u_ddr_cal_riu/mcs0/inst/microblaze_I/U0/MicroBlaze_Core_I/Performance.Core/Data_Flow_I/MUL_Unit_I/Use_HW_MUL.Using_DSP48_Architectures.No_MUL64.dsp_module_I2/Using_DSP48E1.DSP48E1_I1'. [/home/devsounio/darwin-atlas-phase-l/build-authorized/_x/link/vivado/vpl/prj/prj.gen/my_rm/bd/ulp/ip/ulp_memory_subsystem_0/bd_4/ip/ip_0/bd_2e55_microblaze_I_0.xdc:17]
WARNING: [Vivado_Tcl 4-2057] Waiver ID 'DPIP-2' object list specifies likely unusable hierarchical instance 'level0_i/level1/level1_i/ulp/memory_subsystem/inst/memory/ddr4_mem00/inst/u_ddr4_mem_intfc/u_ddr_cal_riu/mcs0/inst/microblaze_I/U0/MicroBlaze_Core_I/Performance.Core/Data_Flow_I/MUL_Unit_I/Use_HW_MUL.Using_DSP48_Architectures.No_MUL64.dsp_module_I3/Using_DSP48E1.DSP48E1_I1'. [/home/devsounio/darwin-atlas-phase-l/build-authorized/_x/link/vivado/vpl/prj/prj.gen/my_rm/bd/ulp/ip/ulp_memory_subsystem_0/bd_4/ip/ip_0/bd_2e55_microblaze_I_0.xdc:17]
WARNING: [Vivado_Tcl 4-2057] Waiver ID 'DPIP-2' object list specifies likely unusable hierarchical instance 'level0_i/level1/level1_i/ulp/memory_subsystem/inst/memory/ddr4_mem00/inst/u_ddr4_mem_intfc/u_ddr_cal_riu/mcs0/inst/microblaze_I/U0/MicroBlaze_Core_I/Performance.Core/Data_Flow_I/MUL_Unit_I/Use_HW_MUL.Using_DSP48_Architectures.dsp_module_I1/Using_DSP48E1.DSP48E1_I1'. [/home/devsounio/darwin-atlas-phase-l/build-authorized/_x/link/vivado/vpl/prj/prj.gen/my_rm/bd/ulp/ip/ulp_memory_subsystem_0/bd_4/ip/ip_0/bd_2e55_microblaze_I_0.xdc:17]
WARNING: [Vivado_Tcl 4-935] Waiver ID 'DPIP-2' is a duplicate and will not be added again. [/home/devsounio/darwin-atlas-phase-l/build-authorized/_x/link/vivado/vpl/prj/prj.gen/my_rm/bd/ulp/ip/ulp_memory_subsystem_0/bd_4/ip/ip_0/bd_2e55_microblaze_I_0.xdc:17]
WARNING: [Vivado_Tcl 4-2057] Waiver ID 'DPOP-1' object list specifies likely unusable hierarchical instance 'level0_i/level1/level1_i/ulp/memory_subsystem/inst/memory/ddr4_mem00/inst/u_ddr4_mem_intfc/u_ddr_cal_riu/mcs0/inst/microblaze_I/U0/MicroBlaze_Core_I/Performance.Core/Data_Flow_I/MUL_Unit_I/Use_HW_MUL.Using_DSP48_Architectures.No_MUL64.dsp_module_I2/Using_DSP48E1.DSP48E1_I1'. [/home/devsounio/darwin-atlas-phase-l/build-authorized/_x/link/vivado/vpl/prj/prj.gen/my_rm/bd/ulp/ip/ulp_memory_subsystem_0/bd_4/ip/ip_0/bd_2e55_microblaze_I_0.xdc:20]
WARNING: [Vivado_Tcl 4-2057] Waiver ID 'DPOP-1' object list specifies likely unusable hierarchical instance 'level0_i/level1/level1_i/ulp/memory_subsystem/inst/memory/ddr4_mem00/inst/u_ddr4_mem_intfc/u_ddr_cal_riu/mcs0/inst/microblaze_I/U0/MicroBlaze_Core_I/Performance.Core/Data_Flow_I/MUL_Unit_I/Use_HW_MUL.Using_DSP48_Architectures.No_MUL64.dsp_module_I3/Using_DSP48E1.DSP48E1_I1'. [/home/devsounio/darwin-atlas-phase-l/build-authorized/_x/link/vivado/vpl/prj/prj.gen/my_rm/bd/ulp/ip/ulp_memory_subsystem_0/bd_4/ip/ip_0/bd_2e55_microblaze_I_0.xdc:20]
WARNING: [Vivado_Tcl 4-2057] Waiver ID 'DPOP-1' object list specifies likely unusable hierarchical instance 'level0_i/level1/level1_i/ulp/memory_subsystem/inst/memory/ddr4_mem00/inst/u_ddr4_mem_intfc/u_ddr_cal_riu/mcs0/inst/microblaze_I/U0/MicroBlaze_Core_I/Performance.Core/Data_Flow_I/MUL_Unit_I/Use_HW_MUL.Using_DSP48_Architectures.dsp_module_I1/Using_DSP48E1.DSP48E1_I1'. [/home/devsounio/darwin-atlas-phase-l/build-authorized/_x/link/vivado/vpl/prj/prj.gen/my_rm/bd/ulp/ip/ulp_memory_subsystem_0/bd_4/ip/ip_0/bd_2e55_microblaze_I_0.xdc:20]
WARNING: [Vivado_Tcl 4-935] Waiver ID 'DPOP-1' is a duplicate and will not be added again. [/home/devsounio/darwin-atlas-phase-l/build-authorized/_x/link/vivado/vpl/prj/prj.gen/my_rm/bd/ulp/ip/ulp_memory_subsystem_0/bd_4/ip/ip_0/bd_2e55_microblaze_I_0.xdc:20]
WARNING: [Vivado_Tcl 4-2057] Waiver ID 'DPOP-2' object list specifies likely unusable hierarchical instance 'level0_i/level1/level1_i/ulp/memory_subsystem/inst/memory/ddr4_mem00/inst/u_ddr4_mem_intfc/u_ddr_cal_riu/mcs0/inst/microblaze_I/U0/MicroBlaze_Core_I/Performance.Core/Data_Flow_I/MUL_Unit_I/Use_HW_MUL.Using_DSP48_Architectures.No_MUL64.dsp_module_I2/Using_DSP48E1.DSP48E1_I1'. [/home/devsounio/darwin-atlas-phase-l/build-authorized/_x/link/vivado/vpl/prj/prj.gen/my_rm/bd/ulp/ip/ulp_memory_subsystem_0/bd_4/ip/ip_0/bd_2e55_microblaze_I_0.xdc:23]
WARNING: [Vivado_Tcl 4-2057] Waiver ID 'DPOP-2' object list specifies likely unusable hierarchical instance 'level0_i/level1/level1_i/ulp/memory_subsystem/inst/memory/ddr4_mem00/inst/u_ddr4_mem_intfc/u_ddr_cal_riu/mcs0/inst/microblaze_I/U0/MicroBlaze_Core_I/Performance.Core/Data_Flow_I/MUL_Unit_I/Use_HW_MUL.Using_DSP48_Architectures.No_MUL64.dsp_module_I3/Using_DSP48E1.DSP48E1_I1'. [/home/devsounio/darwin-atlas-phase-l/build-authorized/_x/link/vivado/vpl/prj/prj.gen/my_rm/bd/ulp/ip/ulp_memory_subsystem_0/bd_4/ip/ip_0/bd_2e55_microblaze_I_0.xdc:23]
WARNING: [Vivado_Tcl 4-2057] Waiver ID 'DPOP-2' object list specifies likely unusable hierarchical instance 'level0_i/level1/level1_i/ulp/memory_subsystem/inst/memory/ddr4_mem00/inst/u_ddr4_mem_intfc/u_ddr_cal_riu/mcs0/inst/microblaze_I/U0/MicroBlaze_Core_I/Performance.Core/Data_Flow_I/MUL_Unit_I/Use_HW_MUL.Using_DSP48_Architectures.dsp_module_I1/Using_DSP48E1.DSP48E1_I1'. [/home/devsounio/darwin-atlas-phase-l/build-authorized/_x/link/vivado/vpl/prj/prj.gen/my_rm/bd/ulp/ip/ulp_memory_subsystem_0/bd_4/ip/ip_0/bd_2e55_microblaze_I_0.xdc:23]
WARNING: [Vivado_Tcl 4-935] Waiver ID 'DPOP-2' is a duplicate and will not be added again. [/home/devsounio/darwin-atlas-phase-l/build-authorized/_x/link/vivado/vpl/prj/prj.gen/my_rm/bd/ulp/ip/ulp_memory_subsystem_0/bd_4/ip/ip_0/bd_2e55_microblaze_I_0.xdc:23]
WARNING: [Vivado_Tcl 4-2057] Waiver ID 'DPOP-3' object list specifies likely unusable hierarchical instance 'level0_i/level1/level1_i/ulp/memory_subsystem/inst/memory/ddr4_mem00/inst/u_ddr4_mem_intfc/u_ddr_cal_riu/mcs0/inst/microblaze_I/U0/MicroBlaze_Core_I/Performance.Core/Data_Flow_I/MUL_Unit_I/Use_HW_MUL.Using_DSP48_Architectures.No_MUL64.dsp_module_I2/Using_DSP48E1.DSP48E1_I1'. [/home/devsounio/darwin-atlas-phase-l/build-authorized/_x/link/vivado/vpl/prj/prj.gen/my_rm/bd/ulp/ip/ulp_memory_subsystem_0/bd_4/ip/ip_0/bd_2e55_microblaze_I_0.xdc:26]
WARNING: [Vivado_Tcl 4-2057] Waiver ID 'DPOP-3' object list specifies likely unusable hierarchical instance 'level0_i/level1/level1_i/ulp/memory_subsystem/inst/memory/ddr4_mem00/inst/u_ddr4_mem_intfc/u_ddr_cal_riu/mcs0/inst/microblaze_I/U0/MicroBlaze_Core_I/Performance.Core/Data_Flow_I/MUL_Unit_I/Use_HW_MUL.Using_DSP48_Architectures.No_MUL64.dsp_module_I3/Using_DSP48E1.DSP48E1_I1'. [/home/devsounio/darwin-atlas-phase-l/build-authorized/_x/link/vivado/vpl/prj/prj.gen/my_rm/bd/ulp/ip/ulp_memory_subsystem_0/bd_4/ip/ip_0/bd_2e55_microblaze_I_0.xdc:26]
WARNING: [Vivado_Tcl 4-2057] Waiver ID 'DPOP-3' object list specifies likely unusable hierarchical instance 'level0_i/level1/level1_i/ulp/memory_subsystem/inst/memory/ddr4_mem00/inst/u_ddr4_mem_intfc/u_ddr_cal_riu/mcs0/inst/microblaze_I/U0/MicroBlaze_Core_I/Performance.Core/Data_Flow_I/MUL_Unit_I/Use_HW_MUL.Using_DSP48_Architectures.dsp_module_I1/Using_DSP48E1.DSP48E1_I1'. [/home/devsounio/darwin-atlas-phase-l/build-authorized/_x/link/vivado/vpl/prj/prj.gen/my_rm/bd/ulp/ip/ulp_memory_subsystem_0/bd_4/ip/ip_0/bd_2e55_microblaze_I_0.xdc:26]
WARNING: [Vivado_Tcl 4-935] Waiver ID 'DPOP-3' is a duplicate and will not be added again. [/home/devsounio/darwin-atlas-phase-l/build-authorized/_x/link/vivado/vpl/prj/prj.gen/my_rm/bd/ulp/ip/ulp_memory_subsystem_0/bd_4/ip/ip_0/bd_2e55_microblaze_I_0.xdc:26]
WARNING: [Vivado_Tcl 4-2057] Waiver ID 'DPOP-3' object list specifies likely unusable hierarchical instance 'level0_i/level1/level1_i/ulp/memory_subsystem/inst/memory/ddr4_mem00/inst/u_ddr4_mem_intfc/u_ddr_cal_riu/mcs0/inst/microblaze_I/U0/MicroBlaze_Core_I/Performance.Core/Data_Flow_I/MUL_Unit_I/Use_HW_MUL.Using_DSP48_Architectures.No_MUL64.dsp_module_I2/Using_DSP48E1.DSP48E1_I1'. [/home/devsounio/darwin-atlas-phase-l/build-authorized/_x/link/vivado/vpl/prj/prj.gen/my_rm/bd/ulp/ip/ulp_memory_subsystem_0/bd_4/ip/ip_0/bd_2e55_microblaze_I_0.xdc:29]
WARNING: [Vivado_Tcl 4-2057] Waiver ID 'DPOP-3' object list specifies likely unusable hierarchical instance 'level0_i/level1/level1_i/ulp/memory_subsystem/inst/memory/ddr4_mem00/inst/u_ddr4_mem_intfc/u_ddr_cal_riu/mcs0/inst/microblaze_I/U0/MicroBlaze_Core_I/Performance.Core/Data_Flow_I/MUL_Unit_I/Use_HW_MUL.Using_DSP48_Architectures.No_MUL64.dsp_module_I3/Using_DSP48E1.DSP48E1_I1'. [/home/devsounio/darwin-atlas-phase-l/build-authorized/_x/link/vivado/vpl/prj/prj.gen/my_rm/bd/ulp/ip/ulp_memory_subsystem_0/bd_4/ip/ip_0/bd_2e55_microblaze_I_0.xdc:29]
WARNING: [Vivado_Tcl 4-2057] Waiver ID 'DPOP-3' object list specifies likely unusable hierarchical instance 'level0_i/level1/level1_i/ulp/memory_subsystem/inst/memory/ddr4_mem00/inst/u_ddr4_mem_intfc/u_ddr_cal_riu/mcs0/inst/microblaze_I/U0/MicroBlaze_Core_I/Performance.Core/Data_Flow_I/MUL_Unit_I/Use_HW_MUL.Using_DSP48_Architectures.dsp_module_I1/Using_DSP48E1.DSP48E1_I1'. [/home/devsounio/darwin-atlas-phase-l/build-authorized/_x/link/vivado/vpl/prj/prj.gen/my_rm/bd/ulp/ip/ulp_memory_subsystem_0/bd_4/ip/ip_0/bd_2e55_microblaze_I_0.xdc:29]
WARNING: [Vivado_Tcl 4-935] Waiver ID 'DPOP-3' is a duplicate and will not be added again. [/home/devsounio/darwin-atlas-phase-l/build-authorized/_x/link/vivado/vpl/prj/prj.gen/my_rm/bd/ulp/ip/ulp_memory_subsystem_0/bd_4/ip/ip_0/bd_2e55_microblaze_I_0.xdc:29]
WARNING: [Vivado_Tcl 4-2057] Waiver ID 'DPOP-3' object list specifies likely unusable hierarchical instance 'level0_i/level1/level1_i/ulp/memory_subsystem/inst/memory/ddr4_mem00/inst/u_ddr4_mem_intfc/u_ddr_cal_riu/mcs0/inst/microblaze_I/U0/MicroBlaze_Core_I/Performance.Core/Data_Flow_I/MUL_Unit_I/Use_HW_MUL.Using_DSP48_Architectures.No_MUL64.dsp_module_I2/Using_DSP48E1.DSP48E1_I1'. [/home/devsounio/darwin-atlas-phase-l/build-authorized/_x/link/vivado/vpl/prj/prj.gen/my_rm/bd/ulp/ip/ulp_memory_subsystem_0/bd_4/ip/ip_0/bd_2e55_microblaze_I_0.xdc:32]
WARNING: [Vivado_Tcl 4-2057] Waiver ID 'DPOP-3' object list specifies likely unusable hierarchical instance 'level0_i/level1/level1_i/ulp/memory_subsystem/inst/memory/ddr4_mem00/inst/u_ddr4_mem_intfc/u_ddr_cal_riu/mcs0/inst/microblaze_I/U0/MicroBlaze_Core_I/Performance.Core/Data_Flow_I/MUL_Unit_I/Use_HW_MUL.Using_DSP48_Architectures.No_MUL64.dsp_module_I3/Using_DSP48E1.DSP48E1_I1'. [/home/devsounio/darwin-atlas-phase-l/build-authorized/_x/link/vivado/vpl/prj/prj.gen/my_rm/bd/ulp/ip/ulp_memory_subsystem_0/bd_4/ip/ip_0/bd_2e55_microblaze_I_0.xdc:32]
WARNING: [Vivado_Tcl 4-2057] Waiver ID 'DPOP-3' object list specifies likely unusable hierarchical instance 'level0_i/level1/level1_i/ulp/memory_subsystem/inst/memory/ddr4_mem00/inst/u_ddr4_mem_intfc/u_ddr_cal_riu/mcs0/inst/microblaze_I/U0/MicroBlaze_Core_I/Performance.Core/Data_Flow_I/MUL_Unit_I/Use_HW_MUL.Using_DSP48_Architectures.dsp_module_I1/Using_DSP48E1.DSP48E1_I1'. [/home/devsounio/darwin-atlas-phase-l/build-authorized/_x/link/vivado/vpl/prj/prj.gen/my_rm/bd/ulp/ip/ulp_memory_subsystem_0/bd_4/ip/ip_0/bd_2e55_microblaze_I_0.xdc:32]
WARNING: [Vivado_Tcl 4-935] Waiver ID 'DPOP-3' is a duplicate and will not be added again. [/home/devsounio/darwin-atlas-phase-l/build-authorized/_x/link/vivado/vpl/prj/prj.gen/my_rm/bd/ulp/ip/ulp_memory_subsystem_0/bd_4/ip/ip_0/bd_2e55_microblaze_I_0.xdc:32]
WARNING: [Vivado_Tcl 4-2057] Waiver ID 'DPOP-4' object list specifies likely unusable hierarchical instance 'level0_i/level1/level1_i/ulp/memory_subsystem/inst/memory/ddr4_mem00/inst/u_ddr4_mem_intfc/u_ddr_cal_riu/mcs0/inst/microblaze_I/U0/MicroBlaze_Core_I/Performance.Core/Data_Flow_I/MUL_Unit_I/Use_HW_MUL.Using_DSP48_Architectures.No_MUL64.dsp_module_I2/Using_DSP48E1.DSP48E1_I1'. [/home/devsounio/darwin-atlas-phase-l/build-authorized/_x/link/vivado/vpl/prj/prj.gen/my_rm/bd/ulp/ip/ulp_memory_subsystem_0/bd_4/ip/ip_0/bd_2e55_microblaze_I_0.xdc:35]
INFO: [Common 17-14] Message 'Vivado_Tcl 4-2057' appears 100 times and further instances of the messages will be disabled. [Vivado_Tcl 4-2057:100]
WARNING: [Vivado_Tcl 4-935] Waiver ID 'DPOP-4' is a duplicate and will not be added again. [/home/devsounio/darwin-atlas-phase-l/build-authorized/_x/link/vivado/vpl/prj/prj.gen/my_rm/bd/ulp/ip/ulp_memory_subsystem_0/bd_4/ip/ip_0/bd_2e55_microblaze_I_0.xdc:35]
WARNING: [Vivado_Tcl 4-935] Waiver ID 'DPOP-4' is a duplicate and will not be added again. [/home/devsounio/darwin-atlas-phase-l/build-authorized/_x/link/vivado/vpl/prj/prj.gen/my_rm/bd/ulp/ip/ulp_memory_subsystem_0/bd_4/ip/ip_0/bd_2e55_microblaze_I_0.xdc:38]
WARNING: [Vivado_Tcl 4-935] Waiver ID 'DPOP-4' is a duplicate and will not be added again. [/home/devsounio/darwin-atlas-phase-l/build-authorized/_x/link/vivado/vpl/prj/prj.gen/my_rm/bd/ulp/ip/ulp_memory_subsystem_0/bd_4/ip/ip_0/bd_2e55_microblaze_I_0.xdc:41]
Finished Parsing XDC File [/home/devsounio/darwin-atlas-phase-l/build-authorized/_x/link/vivado/vpl/prj/prj.gen/my_rm/bd/ulp/ip/ulp_memory_subsystem_0/bd_4/ip/ip_0/bd_2e55_microblaze_I_0.xdc] for cell 'level0_i/level1/level1_i/ulp/memory_subsystem/inst/memory/ddr4_mem00/inst/u_ddr4_mem_intfc/u_ddr_cal_riu/mcs0/inst/microblaze_I/U0'
Parsing XDC File [/home/devsounio/darwin-atlas-phase-l/build-authorized/_x/link/vivado/vpl/prj/prj.gen/my_rm/bd/ulp/ip/ulp_memory_subsystem_0/bd_4/ip/ip_1/bd_2e55_rst_0_0_board.xdc] for cell 'level0_i/level1/level1_i/ulp/memory_subsystem/inst/memory/ddr4_mem00/inst/u_ddr4_mem_intfc/u_ddr_cal_riu/mcs0/inst/rst_0/U0'
Finished Parsing XDC File [/home/devsounio/darwin-atlas-phase-l/build-authorized/_x/link/vivado/vpl/prj/prj.gen/my_rm/bd/ulp/ip/ulp_memory_subsystem_0/bd_4/ip/ip_1/bd_2e55_rst_0_0_board.xdc] for cell 'level0_i/level1/level1_i/ulp/memory_subsystem/inst/memory/ddr4_mem00/inst/u_ddr4_mem_intfc/u_ddr_cal_riu/mcs0/inst/rst_0/U0'
Parsing XDC File [/home/devsounio/darwin-atlas-phase-l/build-authorized/_x/link/vivado/vpl/prj/prj.gen/my_rm/bd/ulp/ip/ulp_memory_subsystem_0/bd_4/ip/ip_2/bd_2e55_ilmb_0.xdc] for cell 'level0_i/level1/level1_i/ulp/memory_subsystem/inst/memory/ddr4_mem00/inst/u_ddr4_mem_intfc/u_ddr_cal_riu/mcs0/inst/ilmb/U0'
Finished Parsing XDC File [/home/devsounio/darwin-atlas-phase-l/build-authorized/_x/link/vivado/vpl/prj/prj.gen/my_rm/bd/ulp/ip/ulp_memory_subsystem_0/bd_4/ip/ip_2/bd_2e55_ilmb_0.xdc] for cell 'level0_i/level1/level1_i/ulp/memory_subsystem/inst/memory/ddr4_mem00/inst/u_ddr4_mem_intfc/u_ddr_cal_riu/mcs0/inst/ilmb/U0'
Parsing XDC File [/home/devsounio/darwin-atlas-phase-l/build-authorized/_x/link/vivado/vpl/prj/prj.gen/my_rm/bd/ulp/ip/ulp_memory_subsystem_0/bd_4/ip/ip_3/bd_2e55_dlmb_0.xdc] for cell 'level0_i/level1/level1_i/ulp/memory_subsystem/inst/memory/ddr4_mem00/inst/u_ddr4_mem_intfc/u_ddr_cal_riu/mcs0/inst/dlmb/U0'
Finished Parsing XDC File [/home/devsounio/darwin-atlas-phase-l/build-authorized/_x/link/vivado/vpl/prj/prj.gen/my_rm/bd/ulp/ip/ulp_memory_subsystem_0/bd_4/ip/ip_3/bd_2e55_dlmb_0.xdc] for cell 'level0_i/level1/level1_i/ulp/memory_subsystem/inst/memory/ddr4_mem00/inst/u_ddr4_mem_intfc/u_ddr_cal_riu/mcs0/inst/dlmb/U0'
Parsing XDC File [/home/devsounio/darwin-atlas-phase-l/build-authorized/_x/link/vivado/vpl/prj/prj.gen/my_rm/bd/ulp/ip/ulp_memory_subsystem_0/bd_4/ip/ip_10/bd_2e55_iomodule_0_0_board.xdc] for cell 'level0_i/level1/level1_i/ulp/memory_subsystem/inst/memory/ddr4_mem00/inst/u_ddr4_mem_intfc/u_ddr_cal_riu/mcs0/inst/iomodule_0/U0'
Finished Parsing XDC File [/home/devsounio/darwin-atlas-phase-l/build-authorized/_x/link/vivado/vpl/prj/prj.gen/my_rm/bd/ulp/ip/ulp_memory_subsystem_0/bd_4/ip/ip_10/bd_2e55_iomodule_0_0_board.xdc] for cell 'level0_i/level1/level1_i/ulp/memory_subsystem/inst/memory/ddr4_mem00/inst/u_ddr4_mem_intfc/u_ddr_cal_riu/mcs0/inst/iomodule_0/U0'
Parsing XDC File [/home/devsounio/darwin-atlas-phase-l/build-authorized/_x/link/vivado/vpl/prj/prj.gen/my_rm/bd/ulp/ip/ulp_memory_subsystem_0/bd_0/ip/ip_20/ip_0/bd_b35e_ddr4_mem00_0_microblaze_mcs_board.xdc] for cell 'level0_i/level1/level1_i/ulp/memory_subsystem/inst/memory/ddr4_mem00/inst/u_ddr4_mem_intfc/u_ddr_cal_riu/mcs0/inst'
Finished Parsing XDC File [/home/devsounio/darwin-atlas-phase-l/build-authorized/_x/link/vivado/vpl/prj/prj.gen/my_rm/bd/ulp/ip/ulp_memory_subsystem_0/bd_0/ip/ip_20/ip_0/bd_b35e_ddr4_mem00_0_microblaze_mcs_board.xdc] for cell 'level0_i/level1/level1_i/ulp/memory_subsystem/inst/memory/ddr4_mem00/inst/u_ddr4_mem_intfc/u_ddr_cal_riu/mcs0/inst'
Parsing XDC File [/home/devsounio/darwin-atlas-phase-l/build-authorized/_x/link/vivado/vpl/prj/prj.gen/my_rm/bd/ulp/ip/ulp_memory_subsystem_0/bd_0/ip/ip_20/par/bd_b35e_ddr4_mem00_0.xdc] for cell 'level0_i/level1/level1_i/ulp/memory_subsystem/inst/memory/ddr4_mem00/inst'
WARNING: [Constraints 18-619] A clock with name 'io_clk_ddr4_00_clk_p' already exists, overwriting the previous clock with the same name. [/home/devsounio/darwin-atlas-phase-l/build-authorized/_x/link/vivado/vpl/prj/prj.gen/my_rm/bd/ulp/ip/ulp_memory_subsystem_0/bd_0/ip/ip_20/par/bd_b35e_ddr4_mem00_0.xdc:7]
WARNING: [Vivado_Tcl 4-935] Waiver ID 'CLKC-55' is a duplicate and will not be added again. [/home/devsounio/darwin-atlas-phase-l/build-authorized/_x/link/vivado/vpl/prj/prj.gen/my_rm/bd/ulp/ip/ulp_memory_subsystem_0/bd_0/ip/ip_20/par/bd_b35e_ddr4_mem00_0.xdc:347]
WARNING: [Vivado_Tcl 4-935] Waiver ID 'CLKC-56' is a duplicate and will not be added again. [/home/devsounio/darwin-atlas-phase-l/build-authorized/_x/link/vivado/vpl/prj/prj.gen/my_rm/bd/ulp/ip/ulp_memory_subsystem_0/bd_0/ip/ip_20/par/bd_b35e_ddr4_mem00_0.xdc:348]
WARNING: [Vivado_Tcl 4-935] Waiver ID 'CLKC-57' is a duplicate and will not be added again. [/home/devsounio/darwin-atlas-phase-l/build-authorized/_x/link/vivado/vpl/prj/prj.gen/my_rm/bd/ulp/ip/ulp_memory_subsystem_0/bd_0/ip/ip_20/par/bd_b35e_ddr4_mem00_0.xdc:349]
WARNING: [Vivado_Tcl 4-935] Waiver ID 'CLKC-58' is a duplicate and will not be added again. [/home/devsounio/darwin-atlas-phase-l/build-authorized/_x/link/vivado/vpl/prj/prj.gen/my_rm/bd/ulp/ip/ulp_memory_subsystem_0/bd_0/ip/ip_20/par/bd_b35e_ddr4_mem00_0.xdc:350]
WARNING: [Vivado_Tcl 4-935] Waiver ID 'CLKC-40' is a duplicate and will not be added again. [/home/devsounio/darwin-atlas-phase-l/build-authorized/_x/link/vivado/vpl/prj/prj.gen/my_rm/bd/ulp/ip/ulp_memory_subsystem_0/bd_0/ip/ip_20/par/bd_b35e_ddr4_mem00_0.xdc:351]
Finished Parsing XDC File [/home/devsounio/darwin-atlas-phase-l/build-authorized/_x/link/vivado/vpl/prj/prj.gen/my_rm/bd/ulp/ip/ulp_memory_subsystem_0/bd_0/ip/ip_20/par/bd_b35e_ddr4_mem00_0.xdc] for cell 'level0_i/level1/level1_i/ulp/memory_subsystem/inst/memory/ddr4_mem00/inst'
Parsing XDC File [/home/devsounio/darwin-atlas-phase-l/build-authorized/_x/link/vivado/vpl/prj/prj.gen/my_rm/bd/ulp/ip/ulp_memory_subsystem_0/bd_0/ip/ip_21/bd_b35e_psr_ddr4_mem00_0_board.xdc] for cell 'level0_i/level1/level1_i/ulp/memory_subsystem/inst/memory/psr_ddr4_mem00/U0'
Finished Parsing XDC File [/home/devsounio/darwin-atlas-phase-l/build-authorized/_x/link/vivado/vpl/prj/prj.gen/my_rm/bd/ulp/ip/ulp_memory_subsystem_0/bd_0/ip/ip_21/bd_b35e_psr_ddr4_mem00_0_board.xdc] for cell 'level0_i/level1/level1_i/ulp/memory_subsystem/inst/memory/psr_ddr4_mem00/U0'
Parsing XDC File [/home/devsounio/darwin-atlas-phase-l/build-authorized/_x/link/vivado/vpl/prj/prj.gen/my_rm/bd/ulp/ip/ulp_memory_subsystem_0/bd_5/ip/ip_0/bd_7e0c_microblaze_I_0.xdc] for cell 'level0_i/level1/level1_i/ulp/memory_subsystem/inst/memory/ddr4_mem01/inst/u_ddr4_mem_intfc/u_ddr_cal_riu/mcs0/inst/microblaze_I/U0'
WARNING: [Vivado_Tcl 4-935] Waiver ID 'DPIP-1' is a duplicate and will not be added again. [/home/devsounio/darwin-atlas-phase-l/build-authorized/_x/link/vivado/vpl/prj/prj.gen/my_rm/bd/ulp/ip/ulp_memory_subsystem_0/bd_5/ip/ip_0/bd_7e0c_microblaze_I_0.xdc:8]
WARNING: [Vivado_Tcl 4-935] Waiver ID 'DPIP-1' is a duplicate and will not be added again. [/home/devsounio/darwin-atlas-phase-l/build-authorized/_x/link/vivado/vpl/prj/prj.gen/my_rm/bd/ulp/ip/ulp_memory_subsystem_0/bd_5/ip/ip_0/bd_7e0c_microblaze_I_0.xdc:11]
WARNING: [Vivado_Tcl 4-935] Waiver ID 'DPIP-2' is a duplicate and will not be added again. [/home/devsounio/darwin-atlas-phase-l/build-authorized/_x/link/vivado/vpl/prj/prj.gen/my_rm/bd/ulp/ip/ulp_memory_subsystem_0/bd_5/ip/ip_0/bd_7e0c_microblaze_I_0.xdc:14]
WARNING: [Vivado_Tcl 4-935] Waiver ID 'DPIP-2' is a duplicate and will not be added again. [/home/devsounio/darwin-atlas-phase-l/build-authorized/_x/link/vivado/vpl/prj/prj.gen/my_rm/bd/ulp/ip/ulp_memory_subsystem_0/bd_5/ip/ip_0/bd_7e0c_microblaze_I_0.xdc:17]
WARNING: [Vivado_Tcl 4-935] Waiver ID 'DPOP-1' is a duplicate and will not be added again. [/home/devsounio/darwin-atlas-phase-l/build-authorized/_x/link/vivado/vpl/prj/prj.gen/my_rm/bd/ulp/ip/ulp_memory_subsystem_0/bd_5/ip/ip_0/bd_7e0c_microblaze_I_0.xdc:20]
WARNING: [Vivado_Tcl 4-935] Waiver ID 'DPOP-2' is a duplicate and will not be added again. [/home/devsounio/darwin-atlas-phase-l/build-authorized/_x/link/vivado/vpl/prj/prj.gen/my_rm/bd/ulp/ip/ulp_memory_subsystem_0/bd_5/ip/ip_0/bd_7e0c_microblaze_I_0.xdc:23]
WARNING: [Vivado_Tcl 4-935] Waiver ID 'DPOP-3' is a duplicate and will not be added again. [/home/devsounio/darwin-atlas-phase-l/build-authorized/_x/link/vivado/vpl/prj/prj.gen/my_rm/bd/ulp/ip/ulp_memory_subsystem_0/bd_5/ip/ip_0/bd_7e0c_microblaze_I_0.xdc:26]
WARNING: [Vivado_Tcl 4-935] Waiver ID 'DPOP-3' is a duplicate and will not be added again. [/home/devsounio/darwin-atlas-phase-l/build-authorized/_x/link/vivado/vpl/prj/prj.gen/my_rm/bd/ulp/ip/ulp_memory_subsystem_0/bd_5/ip/ip_0/bd_7e0c_microblaze_I_0.xdc:29]
WARNING: [Vivado_Tcl 4-935] Waiver ID 'DPOP-3' is a duplicate and will not be added again. [/home/devsounio/darwin-atlas-phase-l/build-authorized/_x/link/vivado/vpl/prj/prj.gen/my_rm/bd/ulp/ip/ulp_memory_subsystem_0/bd_5/ip/ip_0/bd_7e0c_microblaze_I_0.xdc:32]
WARNING: [Vivado_Tcl 4-935] Waiver ID 'DPOP-4' is a duplicate and will not be added again. [/home/devsounio/darwin-atlas-phase-l/build-authorized/_x/link/vivado/vpl/prj/prj.gen/my_rm/bd/ulp/ip/ulp_memory_subsystem_0/bd_5/ip/ip_0/bd_7e0c_microblaze_I_0.xdc:35]
WARNING: [Vivado_Tcl 4-935] Waiver ID 'DPOP-4' is a duplicate and will not be added again. [/home/devsounio/darwin-atlas-phase-l/build-authorized/_x/link/vivado/vpl/prj/prj.gen/my_rm/bd/ulp/ip/ulp_memory_subsystem_0/bd_5/ip/ip_0/bd_7e0c_microblaze_I_0.xdc:38]
WARNING: [Vivado_Tcl 4-935] Waiver ID 'DPOP-4' is a duplicate and will not be added again. [/home/devsounio/darwin-atlas-phase-l/build-authorized/_x/link/vivado/vpl/prj/prj.gen/my_rm/bd/ulp/ip/ulp_memory_subsystem_0/bd_5/ip/ip_0/bd_7e0c_microblaze_I_0.xdc:41]
Finished Parsing XDC File [/home/devsounio/darwin-atlas-phase-l/build-authorized/_x/link/vivado/vpl/prj/prj.gen/my_rm/bd/ulp/ip/ulp_memory_subsystem_0/bd_5/ip/ip_0/bd_7e0c_microblaze_I_0.xdc] for cell 'level0_i/level1/level1_i/ulp/memory_subsystem/inst/memory/ddr4_mem01/inst/u_ddr4_mem_intfc/u_ddr_cal_riu/mcs0/inst/microblaze_I/U0'
Parsing XDC File [/home/devsounio/darwin-atlas-phase-l/build-authorized/_x/link/vivado/vpl/prj/prj.gen/my_rm/bd/ulp/ip/ulp_memory_subsystem_0/bd_5/ip/ip_1/bd_7e0c_rst_0_0_board.xdc] for cell 'level0_i/level1/level1_i/ulp/memory_subsystem/inst/memory/ddr4_mem01/inst/u_ddr4_mem_intfc/u_ddr_cal_riu/mcs0/inst/rst_0/U0'
Finished Parsing XDC File [/home/devsounio/darwin-atlas-phase-l/build-authorized/_x/link/vivado/vpl/prj/prj.gen/my_rm/bd/ulp/ip/ulp_memory_subsystem_0/bd_5/ip/ip_1/bd_7e0c_rst_0_0_board.xdc] for cell 'level0_i/level1/level1_i/ulp/memory_subsystem/inst/memory/ddr4_mem01/inst/u_ddr4_mem_intfc/u_ddr_cal_riu/mcs0/inst/rst_0/U0'
Parsing XDC File [/home/devsounio/darwin-atlas-phase-l/build-authorized/_x/link/vivado/vpl/prj/prj.gen/my_rm/bd/ulp/ip/ulp_memory_subsystem_0/bd_5/ip/ip_2/bd_7e0c_ilmb_0.xdc] for cell 'level0_i/level1/level1_i/ulp/memory_subsystem/inst/memory/ddr4_mem01/inst/u_ddr4_mem_intfc/u_ddr_cal_riu/mcs0/inst/ilmb/U0'
Finished Parsing XDC File [/home/devsounio/darwin-atlas-phase-l/build-authorized/_x/link/vivado/vpl/prj/prj.gen/my_rm/bd/ulp/ip/ulp_memory_subsystem_0/bd_5/ip/ip_2/bd_7e0c_ilmb_0.xdc] for cell 'level0_i/level1/level1_i/ulp/memory_subsystem/inst/memory/ddr4_mem01/inst/u_ddr4_mem_intfc/u_ddr_cal_riu/mcs0/inst/ilmb/U0'
Parsing XDC File [/home/devsounio/darwin-atlas-phase-l/build-authorized/_x/link/vivado/vpl/prj/prj.gen/my_rm/bd/ulp/ip/ulp_memory_subsystem_0/bd_5/ip/ip_3/bd_7e0c_dlmb_0.xdc] for cell 'level0_i/level1/level1_i/ulp/memory_subsystem/inst/memory/ddr4_mem01/inst/u_ddr4_mem_intfc/u_ddr_cal_riu/mcs0/inst/dlmb/U0'
Finished Parsing XDC File [/home/devsounio/darwin-atlas-phase-l/build-authorized/_x/link/vivado/vpl/prj/prj.gen/my_rm/bd/ulp/ip/ulp_memory_subsystem_0/bd_5/ip/ip_3/bd_7e0c_dlmb_0.xdc] for cell 'level0_i/level1/level1_i/ulp/memory_subsystem/inst/memory/ddr4_mem01/inst/u_ddr4_mem_intfc/u_ddr_cal_riu/mcs0/inst/dlmb/U0'
Parsing XDC File [/home/devsounio/darwin-atlas-phase-l/build-authorized/_x/link/vivado/vpl/prj/prj.gen/my_rm/bd/ulp/ip/ulp_memory_subsystem_0/bd_5/ip/ip_10/bd_7e0c_iomodule_0_0_board.xdc] for cell 'level0_i/level1/level1_i/ulp/memory_subsystem/inst/memory/ddr4_mem01/inst/u_ddr4_mem_intfc/u_ddr_cal_riu/mcs0/inst/iomodule_0/U0'
Finished Parsing XDC File [/home/devsounio/darwin-atlas-phase-l/build-authorized/_x/link/vivado/vpl/prj/prj.gen/my_rm/bd/ulp/ip/ulp_memory_subsystem_0/bd_5/ip/ip_10/bd_7e0c_iomodule_0_0_board.xdc] for cell 'level0_i/level1/level1_i/ulp/memory_subsystem/inst/memory/ddr4_mem01/inst/u_ddr4_mem_intfc/u_ddr_cal_riu/mcs0/inst/iomodule_0/U0'
Parsing XDC File [/home/devsounio/darwin-atlas-phase-l/build-authorized/_x/link/vivado/vpl/prj/prj.gen/my_rm/bd/ulp/ip/ulp_memory_subsystem_0/bd_0/ip/ip_23/ip_0/bd_b35e_ddr4_mem01_0_microblaze_mcs_board.xdc] for cell 'level0_i/level1/level1_i/ulp/memory_subsystem/inst/memory/ddr4_mem01/inst/u_ddr4_mem_intfc/u_ddr_cal_riu/mcs0/inst'
Finished Parsing XDC File [/home/devsounio/darwin-atlas-phase-l/build-authorized/_x/link/vivado/vpl/prj/prj.gen/my_rm/bd/ulp/ip/ulp_memory_subsystem_0/bd_0/ip/ip_23/ip_0/bd_b35e_ddr4_mem01_0_microblaze_mcs_board.xdc] for cell 'level0_i/level1/level1_i/ulp/memory_subsystem/inst/memory/ddr4_mem01/inst/u_ddr4_mem_intfc/u_ddr_cal_riu/mcs0/inst'
Parsing XDC File [/home/devsounio/darwin-atlas-phase-l/build-authorized/_x/link/vivado/vpl/prj/prj.gen/my_rm/bd/ulp/ip/ulp_memory_subsystem_0/bd_0/ip/ip_23/par/bd_b35e_ddr4_mem01_0.xdc] for cell 'level0_i/level1/level1_i/ulp/memory_subsystem/inst/memory/ddr4_mem01/inst'
WARNING: [Constraints 18-619] A clock with name 'io_clk_ddr4_02_clk_p' already exists, overwriting the previous clock with the same name. [/home/devsounio/darwin-atlas-phase-l/build-authorized/_x/link/vivado/vpl/prj/prj.gen/my_rm/bd/ulp/ip/ulp_memory_subsystem_0/bd_0/ip/ip_23/par/bd_b35e_ddr4_mem01_0.xdc:7]
WARNING: [Vivado_Tcl 4-935] Waiver ID 'CLKC-55' is a duplicate and will not be added again. [/home/devsounio/darwin-atlas-phase-l/build-authorized/_x/link/vivado/vpl/prj/prj.gen/my_rm/bd/ulp/ip/ulp_memory_subsystem_0/bd_0/ip/ip_23/par/bd_b35e_ddr4_mem01_0.xdc:347]
WARNING: [Vivado_Tcl 4-935] Waiver ID 'CLKC-56' is a duplicate and will not be added again. [/home/devsounio/darwin-atlas-phase-l/build-authorized/_x/link/vivado/vpl/prj/prj.gen/my_rm/bd/ulp/ip/ulp_memory_subsystem_0/bd_0/ip/ip_23/par/bd_b35e_ddr4_mem01_0.xdc:348]
WARNING: [Vivado_Tcl 4-935] Waiver ID 'CLKC-57' is a duplicate and will not be added again. [/home/devsounio/darwin-atlas-phase-l/build-authorized/_x/link/vivado/vpl/prj/prj.gen/my_rm/bd/ulp/ip/ulp_memory_subsystem_0/bd_0/ip/ip_23/par/bd_b35e_ddr4_mem01_0.xdc:349]
WARNING: [Vivado_Tcl 4-935] Waiver ID 'CLKC-58' is a duplicate and will not be added again. [/home/devsounio/darwin-atlas-phase-l/build-authorized/_x/link/vivado/vpl/prj/prj.gen/my_rm/bd/ulp/ip/ulp_memory_subsystem_0/bd_0/ip/ip_23/par/bd_b35e_ddr4_mem01_0.xdc:350]
WARNING: [Vivado_Tcl 4-935] Waiver ID 'CLKC-40' is a duplicate and will not be added again. [/home/devsounio/darwin-atlas-phase-l/build-authorized/_x/link/vivado/vpl/prj/prj.gen/my_rm/bd/ulp/ip/ulp_memory_subsystem_0/bd_0/ip/ip_23/par/bd_b35e_ddr4_mem01_0.xdc:351]
Finished Parsing XDC File [/home/devsounio/darwin-atlas-phase-l/build-authorized/_x/link/vivado/vpl/prj/prj.gen/my_rm/bd/ulp/ip/ulp_memory_subsystem_0/bd_0/ip/ip_23/par/bd_b35e_ddr4_mem01_0.xdc] for cell 'level0_i/level1/level1_i/ulp/memory_subsystem/inst/memory/ddr4_mem01/inst'
Parsing XDC File [/home/devsounio/darwin-atlas-phase-l/build-authorized/_x/link/vivado/vpl/prj/prj.gen/my_rm/bd/ulp/ip/ulp_memory_subsystem_0/bd_0/ip/ip_24/bd_b35e_psr_ddr4_mem01_0_board.xdc] for cell 'level0_i/level1/level1_i/ulp/memory_subsystem/inst/memory/psr_ddr4_mem01/U0'
Finished Parsing XDC File [/home/devsounio/darwin-atlas-phase-l/build-authorized/_x/link/vivado/vpl/prj/prj.gen/my_rm/bd/ulp/ip/ulp_memory_subsystem_0/bd_0/ip/ip_24/bd_b35e_psr_ddr4_mem01_0_board.xdc] for cell 'level0_i/level1/level1_i/ulp/memory_subsystem/inst/memory/psr_ddr4_mem01/U0'
Parsing XDC File [/home/devsounio/darwin-atlas-phase-l/build-authorized/_x/link/vivado/vpl/prj/prj.gen/my_rm/bd/ulp/ip/ulp_memory_subsystem_0/bd_0/ip/ip_16/bd_b35e_psr_ctrl_interconnect_0_board.xdc] for cell 'level0_i/level1/level1_i/ulp/memory_subsystem/inst/memory/psr_ctrl_interconnect/U0'
Finished Parsing XDC File [/home/devsounio/darwin-atlas-phase-l/build-authorized/_x/link/vivado/vpl/prj/prj.gen/my_rm/bd/ulp/ip/ulp_memory_subsystem_0/bd_0/ip/ip_16/bd_b35e_psr_ctrl_interconnect_0_board.xdc] for cell 'level0_i/level1/level1_i/ulp/memory_subsystem/inst/memory/psr_ctrl_interconnect/U0'
Parsing XDC File [/home/devsounio/darwin-atlas-phase-l/build-authorized/_x/link/vivado/vpl/prj/prj.gen/my_rm/bd/ulp/ip/ulp_ss_ucs_0/bd_0/ip/ip_6/bd_1361_gpio_gapping_demand_0_board.xdc] for cell 'level0_i/level1/level1_i/ulp/ss_ucs/inst/gapping_demand/gpio_gapping_demand/U0'
Finished Parsing XDC File [/home/devsounio/darwin-atlas-phase-l/build-authorized/_x/link/vivado/vpl/prj/prj.gen/my_rm/bd/ulp/ip/ulp_ss_ucs_0/bd_0/ip/ip_6/bd_1361_gpio_gapping_demand_0_board.xdc] for cell 'level0_i/level1/level1_i/ulp/ss_ucs/inst/gapping_demand/gpio_gapping_demand/U0'
Parsing XDC File [/home/devsounio/darwin-atlas-phase-l/build-authorized/_x/link/vivado/vpl/prj/prj.gen/my_rm/bd/ulp/ip/ulp_ss_ucs_0/bd_0/ip/ip_14/bd_1361_gpio_ucs_control_status_0_board.xdc] for cell 'level0_i/level1/level1_i/ulp/ss_ucs/inst/ucs_control_status/gpio_ucs_control_status/U0'
Finished Parsing XDC File [/home/devsounio/darwin-atlas-phase-l/build-authorized/_x/link/vivado/vpl/prj/prj.gen/my_rm/bd/ulp/ip/ulp_ss_ucs_0/bd_0/ip/ip_14/bd_1361_gpio_ucs_control_status_0_board.xdc] for cell 'level0_i/level1/level1_i/ulp/ss_ucs/inst/ucs_control_status/gpio_ucs_control_status/U0'
Parsing XDC File [/home/devsounio/darwin-atlas-phase-l/build-authorized/_x/link/vivado/vpl/prj/prj.gen/my_rm/bd/ulp/ip/ulp_ss_ucs_0/bd_0/ip/ip_62/bd_1361_psreset_aclk_freerun_0_board.xdc] for cell 'level0_i/level1/level1_i/ulp/ss_ucs/inst/frequency_counters/psreset_aclk_freerun/U0'
Finished Parsing XDC File [/home/devsounio/darwin-atlas-phase-l/build-authorized/_x/link/vivado/vpl/prj/prj.gen/my_rm/bd/ulp/ip/ulp_ss_ucs_0/bd_0/ip/ip_62/bd_1361_psreset_aclk_freerun_0_board.xdc] for cell 'level0_i/level1/level1_i/ulp/ss_ucs/inst/frequency_counters/psreset_aclk_freerun/U0'
Parsing XDC File [/home/devsounio/darwin-atlas-phase-l/build-authorized/_x/link/vivado/vpl/prj/prj.gen/my_rm/bd/ulp/ip/ulp_ss_ucs_0/bd_0/ip/ip_65/bd_1361_clkwiz_aclk_kernel_00_0_board.xdc] for cell 'level0_i/level1/level1_i/ulp/ss_ucs/inst/aclk_kernel_00_hierarchy/clkwiz_aclk_kernel_00/inst'
Finished Parsing XDC File [/home/devsounio/darwin-atlas-phase-l/build-authorized/_x/link/vivado/vpl/prj/prj.gen/my_rm/bd/ulp/ip/ulp_ss_ucs_0/bd_0/ip/ip_65/bd_1361_clkwiz_aclk_kernel_00_0_board.xdc] for cell 'level0_i/level1/level1_i/ulp/ss_ucs/inst/aclk_kernel_00_hierarchy/clkwiz_aclk_kernel_00/inst'
Parsing XDC File [/home/devsounio/darwin-atlas-phase-l/build-authorized/_x/link/vivado/vpl/prj/prj.gen/my_rm/bd/ulp/ip/ulp_ss_ucs_0/bd_0/ip/ip_65/bd_1361_clkwiz_aclk_kernel_00_0.xdc] for cell 'level0_i/level1/level1_i/ulp/ss_ucs/inst/aclk_kernel_00_hierarchy/clkwiz_aclk_kernel_00/inst'
Finished Parsing XDC File [/home/devsounio/darwin-atlas-phase-l/build-authorized/_x/link/vivado/vpl/prj/prj.gen/my_rm/bd/ulp/ip/ulp_ss_ucs_0/bd_0/ip/ip_65/bd_1361_clkwiz_aclk_kernel_00_0.xdc] for cell 'level0_i/level1/level1_i/ulp/ss_ucs/inst/aclk_kernel_00_hierarchy/clkwiz_aclk_kernel_00/inst'
Parsing XDC File [/home/devsounio/darwin-atlas-phase-l/build-authorized/_x/link/vivado/vpl/prj/prj.gen/my_rm/bd/ulp/ip/ulp_ss_ucs_0/bd_0/ip/ip_86/bd_1361_psreset_kernel_00_0_board.xdc] for cell 'level0_i/level1/level1_i/ulp/ss_ucs/inst/aclk_kernel_00_hierarchy/psreset_kernel_00/U0'
Finished Parsing XDC File [/home/devsounio/darwin-atlas-phase-l/build-authorized/_x/link/vivado/vpl/prj/prj.gen/my_rm/bd/ulp/ip/ulp_ss_ucs_0/bd_0/ip/ip_86/bd_1361_psreset_kernel_00_0_board.xdc] for cell 'level0_i/level1/level1_i/ulp/ss_ucs/inst/aclk_kernel_00_hierarchy/psreset_kernel_00/U0'
Parsing XDC File [/home/devsounio/darwin-atlas-phase-l/build-authorized/_x/link/vivado/vpl/prj/prj.gen/my_rm/bd/ulp/ip/ulp_ss_ucs_0/bd_0/ip/ip_89/bd_1361_clkwiz_aclk_kernel_01_0_board.xdc] for cell 'level0_i/level1/level1_i/ulp/ss_ucs/inst/aclk_kernel_01_hierarchy/clkwiz_aclk_kernel_01/inst'
Finished Parsing XDC File [/home/devsounio/darwin-atlas-phase-l/build-authorized/_x/link/vivado/vpl/prj/prj.gen/my_rm/bd/ulp/ip/ulp_ss_ucs_0/bd_0/ip/ip_89/bd_1361_clkwiz_aclk_kernel_01_0_board.xdc] for cell 'level0_i/level1/level1_i/ulp/ss_ucs/inst/aclk_kernel_01_hierarchy/clkwiz_aclk_kernel_01/inst'
Parsing XDC File [/home/devsounio/darwin-atlas-phase-l/build-authorized/_x/link/vivado/vpl/prj/prj.gen/my_rm/bd/ulp/ip/ulp_ss_ucs_0/bd_0/ip/ip_89/bd_1361_clkwiz_aclk_kernel_01_0.xdc] for cell 'level0_i/level1/level1_i/ulp/ss_ucs/inst/aclk_kernel_01_hierarchy/clkwiz_aclk_kernel_01/inst'
Finished Parsing XDC File [/home/devsounio/darwin-atlas-phase-l/build-authorized/_x/link/vivado/vpl/prj/prj.gen/my_rm/bd/ulp/ip/ulp_ss_ucs_0/bd_0/ip/ip_89/bd_1361_clkwiz_aclk_kernel_01_0.xdc] for cell 'level0_i/level1/level1_i/ulp/ss_ucs/inst/aclk_kernel_01_hierarchy/clkwiz_aclk_kernel_01/inst'
Parsing XDC File [/home/devsounio/darwin-atlas-phase-l/build-authorized/_x/link/vivado/vpl/prj/prj.gen/my_rm/bd/ulp/ip/ulp_ss_ucs_0/bd_0/ip/ip_110/bd_1361_psreset_kernel_01_0_board.xdc] for cell 'level0_i/level1/level1_i/ulp/ss_ucs/inst/aclk_kernel_01_hierarchy/psreset_kernel_01/U0'
Finished Parsing XDC File [/home/devsounio/darwin-atlas-phase-l/build-authorized/_x/link/vivado/vpl/prj/prj.gen/my_rm/bd/ulp/ip/ulp_ss_ucs_0/bd_0/ip/ip_110/bd_1361_psreset_kernel_01_0_board.xdc] for cell 'level0_i/level1/level1_i/ulp/ss_ucs/inst/aclk_kernel_01_hierarchy/psreset_kernel_01/U0'
Parsing XDC File [/home/devsounio/darwin-atlas-phase-l/build-authorized/_x/link/vivado/vpl/prj/prj.gen/my_rm/bd/ulp/ip/ulp_shell_cmp_subsystem_0_0/bd_1/ip/ip_2/constraints/bs_switch.xdc] for cell 'level0_i/level1/level1_i/ulp/shell_cmp_subsystem_0/inst/user_debug_bridge/inst/bs_switch_1/inst'
WARNING: [Vivado_Tcl 4-935] Waiver ID 'TIMING-14' is a duplicate and will not be added again. [/home/devsounio/darwin-atlas-phase-l/build-authorized/_x/link/vivado/vpl/prj/prj.gen/my_rm/bd/ulp/ip/ulp_shell_cmp_subsystem_0_0/bd_1/ip/ip_2/constraints/bs_switch.xdc:11]
Finished Parsing XDC File [/home/devsounio/darwin-atlas-phase-l/build-authorized/_x/link/vivado/vpl/prj/prj.gen/my_rm/bd/ulp/ip/ulp_shell_cmp_subsystem_0_0/bd_1/ip/ip_2/constraints/bs_switch.xdc] for cell 'level0_i/level1/level1_i/ulp/shell_cmp_subsystem_0/inst/user_debug_bridge/inst/bs_switch_1/inst'
Parsing XDC File [/home/devsounio/darwin-atlas-phase-l/build-authorized/_x/link/vivado/vpl/prj/prj.gen/my_rm/bd/ulp/ip/ulp_ip_gpio_debug_axi_ctrl_mgmt_00_0/ulp_ip_gpio_debug_axi_ctrl_mgmt_00_0_board.xdc] for cell 'level0_i/level1/level1_i/ulp/ip_gpio_debug_axi_ctrl_mgmt_00/U0'
Finished Parsing XDC File [/home/devsounio/darwin-atlas-phase-l/build-authorized/_x/link/vivado/vpl/prj/prj.gen/my_rm/bd/ulp/ip/ulp_ip_gpio_debug_axi_ctrl_mgmt_00_0/ulp_ip_gpio_debug_axi_ctrl_mgmt_00_0_board.xdc] for cell 'level0_i/level1/level1_i/ulp/ip_gpio_debug_axi_ctrl_mgmt_00/U0'
Parsing XDC File [/home/devsounio/darwin-atlas-phase-l/build-authorized/_x/link/vivado/vpl/prj/prj.gen/my_rm/bd/ulp/ip/ulp_ip_gpio_debug_axi_ctrl_mgmt_01_0/ulp_ip_gpio_debug_axi_ctrl_mgmt_01_0_board.xdc] for cell 'level0_i/level1/level1_i/ulp/ip_gpio_debug_axi_ctrl_mgmt_01/U0'
Finished Parsing XDC File [/home/devsounio/darwin-atlas-phase-l/build-authorized/_x/link/vivado/vpl/prj/prj.gen/my_rm/bd/ulp/ip/ulp_ip_gpio_debug_axi_ctrl_mgmt_01_0/ulp_ip_gpio_debug_axi_ctrl_mgmt_01_0_board.xdc] for cell 'level0_i/level1/level1_i/ulp/ip_gpio_debug_axi_ctrl_mgmt_01/U0'
Parsing XDC File [/home/devsounio/darwin-atlas-phase-l/build-authorized/_x/link/vivado/vpl/prj/prj.gen/my_rm/bd/ulp/ip/ulp_ip_gpio_debug_axi_ctrl_user_00_0/ulp_ip_gpio_debug_axi_ctrl_user_00_0_board.xdc] for cell 'level0_i/level1/level1_i/ulp/ip_gpio_debug_axi_ctrl_user_00/U0'
Finished Parsing XDC File [/home/devsounio/darwin-atlas-phase-l/build-authorized/_x/link/vivado/vpl/prj/prj.gen/my_rm/bd/ulp/ip/ulp_ip_gpio_debug_axi_ctrl_user_00_0/ulp_ip_gpio_debug_axi_ctrl_user_00_0_board.xdc] for cell 'level0_i/level1/level1_i/ulp/ip_gpio_debug_axi_ctrl_user_00/U0'
Parsing XDC File [/home/devsounio/darwin-atlas-phase-l/build-authorized/_x/link/vivado/vpl/prj/prj.gen/my_rm/bd/ulp/ip/ulp_ip_gpio_debug_axi_ctrl_user_01_0/ulp_ip_gpio_debug_axi_ctrl_user_01_0_board.xdc] for cell 'level0_i/level1/level1_i/ulp/ip_gpio_debug_axi_ctrl_user_01/U0'
Finished Parsing XDC File [/home/devsounio/darwin-atlas-phase-l/build-authorized/_x/link/vivado/vpl/prj/prj.gen/my_rm/bd/ulp/ip/ulp_ip_gpio_debug_axi_ctrl_user_01_0/ulp_ip_gpio_debug_axi_ctrl_user_01_0_board.xdc] for cell 'level0_i/level1/level1_i/ulp/ip_gpio_debug_axi_ctrl_user_01/U0'
Parsing XDC File [/home/devsounio/darwin-atlas-phase-l/build-authorized/_x/link/vivado/vpl/prj/prj.gen/my_rm/bd/ulp/ip/ulp_ip_gpio_debug_axi_ctrl_user_02_0/ulp_ip_gpio_debug_axi_ctrl_user_02_0_board.xdc] for cell 'level0_i/level1/level1_i/ulp/ip_gpio_debug_axi_ctrl_user_02/U0'
Finished Parsing XDC File [/home/devsounio/darwin-atlas-phase-l/build-authorized/_x/link/vivado/vpl/prj/prj.gen/my_rm/bd/ulp/ip/ulp_ip_gpio_debug_axi_ctrl_user_02_0/ulp_ip_gpio_debug_axi_ctrl_user_02_0_board.xdc] for cell 'level0_i/level1/level1_i/ulp/ip_gpio_debug_axi_ctrl_user_02/U0'
Parsing XDC File [/home/devsounio/darwin-atlas-phase-l/build-authorized/_x/link/vivado/vpl/prj/prj.gen/my_rm/bd/ulp/ip/ulp_ip_gpio_debug_axi_ctrl_user_03_0/ulp_ip_gpio_debug_axi_ctrl_user_03_0_board.xdc] for cell 'level0_i/level1/level1_i/ulp/ip_gpio_debug_axi_ctrl_user_03/U0'
Finished Parsing XDC File [/home/devsounio/darwin-atlas-phase-l/build-authorized/_x/link/vivado/vpl/prj/prj.gen/my_rm/bd/ulp/ip/ulp_ip_gpio_debug_axi_ctrl_user_03_0/ulp_ip_gpio_debug_axi_ctrl_user_03_0_board.xdc] for cell 'level0_i/level1/level1_i/ulp/ip_gpio_debug_axi_ctrl_user_03/U0'
Parsing XDC File [/home/devsounio/darwin-atlas-phase-l/build-authorized/_x/link/vivado/vpl/prj/prj.gen/my_rm/bd/ulp/ip/ulp_ip_gpio_debug_axi_ctrl_user_debug_00_0/ulp_ip_gpio_debug_axi_ctrl_user_debug_00_0_board.xdc] for cell 'level0_i/level1/level1_i/ulp/ip_gpio_debug_axi_ctrl_user_debug_00/U0'
Finished Parsing XDC File [/home/devsounio/darwin-atlas-phase-l/build-authorized/_x/link/vivado/vpl/prj/prj.gen/my_rm/bd/ulp/ip/ulp_ip_gpio_debug_axi_ctrl_user_debug_00_0/ulp_ip_gpio_debug_axi_ctrl_user_debug_00_0_board.xdc] for cell 'level0_i/level1/level1_i/ulp/ip_gpio_debug_axi_ctrl_user_debug_00/U0'
Parsing XDC File [/home/devsounio/darwin-atlas-phase-l/build-authorized/_x/link/vivado/vpl/prj/prj.gen/my_rm/bd/ulp/ip/ulp_ip_gpio_debug_axi_data_h2c_01_0/ulp_ip_gpio_debug_axi_data_h2c_01_0_board.xdc] for cell 'level0_i/level1/level1_i/ulp/ip_gpio_debug_axi_data_h2c_01/U0'
Finished Parsing XDC File [/home/devsounio/darwin-atlas-phase-l/build-authorized/_x/link/vivado/vpl/prj/prj.gen/my_rm/bd/ulp/ip/ulp_ip_gpio_debug_axi_data_h2c_01_0/ulp_ip_gpio_debug_axi_data_h2c_01_0_board.xdc] for cell 'level0_i/level1/level1_i/ulp/ip_gpio_debug_axi_data_h2c_01/U0'
Parsing XDC File [/home/devsounio/darwin-atlas-phase-l/build-authorized/_x/link/vivado/vpl/prj/prj.gen/my_rm/bd/ulp/ip/ulp_ip_psr_aresetn_ctrl_slr0_0/ulp_ip_psr_aresetn_ctrl_slr0_0_board.xdc] for cell 'level0_i/level1/level1_i/ulp/ip_psr_aresetn_ctrl_slr0/U0'
Finished Parsing XDC File [/home/devsounio/darwin-atlas-phase-l/build-authorized/_x/link/vivado/vpl/prj/prj.gen/my_rm/bd/ulp/ip/ulp_ip_psr_aresetn_ctrl_slr0_0/ulp_ip_psr_aresetn_ctrl_slr0_0_board.xdc] for cell 'level0_i/level1/level1_i/ulp/ip_psr_aresetn_ctrl_slr0/U0'
Parsing XDC File [/home/devsounio/darwin-atlas-phase-l/build-authorized/_x/link/vivado/vpl/prj/prj.gen/my_rm/bd/ulp/ip/ulp_ip_psr_aresetn_ctrl_slr1_0/ulp_ip_psr_aresetn_ctrl_slr1_0_board.xdc] for cell 'level0_i/level1/level1_i/ulp/ip_psr_aresetn_ctrl_slr1/U0'
Finished Parsing XDC File [/home/devsounio/darwin-atlas-phase-l/build-authorized/_x/link/vivado/vpl/prj/prj.gen/my_rm/bd/ulp/ip/ulp_ip_psr_aresetn_ctrl_slr1_0/ulp_ip_psr_aresetn_ctrl_slr1_0_board.xdc] for cell 'level0_i/level1/level1_i/ulp/ip_psr_aresetn_ctrl_slr1/U0'
Parsing XDC File [/home/devsounio/darwin-atlas-phase-l/build-authorized/_x/link/vivado/vpl/prj/prj.gen/my_rm/bd/ulp/ip/ulp_ip_psr_aresetn_ctrl_slr2_0/ulp_ip_psr_aresetn_ctrl_slr2_0_board.xdc] for cell 'level0_i/level1/level1_i/ulp/ip_psr_aresetn_ctrl_slr2/U0'
Finished Parsing XDC File [/home/devsounio/darwin-atlas-phase-l/build-authorized/_x/link/vivado/vpl/prj/prj.gen/my_rm/bd/ulp/ip/ulp_ip_psr_aresetn_ctrl_slr2_0/ulp_ip_psr_aresetn_ctrl_slr2_0_board.xdc] for cell 'level0_i/level1/level1_i/ulp/ip_psr_aresetn_ctrl_slr2/U0'
Parsing XDC File [/home/devsounio/darwin-atlas-phase-l/build-authorized/_x/link/vivado/vpl/prj/prj.gen/my_rm/bd/ulp/ip/ulp_ip_psr_aresetn_ctrl_slr3_0/ulp_ip_psr_aresetn_ctrl_slr3_0_board.xdc] for cell 'level0_i/level1/level1_i/ulp/ip_psr_aresetn_ctrl_slr3/U0'
Finished Parsing XDC File [/home/devsounio/darwin-atlas-phase-l/build-authorized/_x/link/vivado/vpl/prj/prj.gen/my_rm/bd/ulp/ip/ulp_ip_psr_aresetn_ctrl_slr3_0/ulp_ip_psr_aresetn_ctrl_slr3_0_board.xdc] for cell 'level0_i/level1/level1_i/ulp/ip_psr_aresetn_ctrl_slr3/U0'
Parsing XDC File [/home/devsounio/darwin-atlas-phase-l/build-authorized/_x/link/vivado/vpl/prj/prj.gen/my_rm/bd/ulp/ip/ulp_ip_psr_aresetn_kernel_00_slr0_0/ulp_ip_psr_aresetn_kernel_00_slr0_0_board.xdc] for cell 'level0_i/level1/level1_i/ulp/ip_psr_aresetn_kernel_00_slr0/U0'
Finished Parsing XDC File [/home/devsounio/darwin-atlas-phase-l/build-authorized/_x/link/vivado/vpl/prj/prj.gen/my_rm/bd/ulp/ip/ulp_ip_psr_aresetn_kernel_00_slr0_0/ulp_ip_psr_aresetn_kernel_00_slr0_0_board.xdc] for cell 'level0_i/level1/level1_i/ulp/ip_psr_aresetn_kernel_00_slr0/U0'
Parsing XDC File [/home/devsounio/darwin-atlas-phase-l/build-authorized/_x/link/vivado/vpl/prj/prj.gen/my_rm/bd/ulp/ip/ulp_ip_psr_aresetn_kernel_00_slr1_0/ulp_ip_psr_aresetn_kernel_00_slr1_0_board.xdc] for cell 'level0_i/level1/level1_i/ulp/ip_psr_aresetn_kernel_00_slr1/U0'
Finished Parsing XDC File [/home/devsounio/darwin-atlas-phase-l/build-authorized/_x/link/vivado/vpl/prj/prj.gen/my_rm/bd/ulp/ip/ulp_ip_psr_aresetn_kernel_00_slr1_0/ulp_ip_psr_aresetn_kernel_00_slr1_0_board.xdc] for cell 'level0_i/level1/level1_i/ulp/ip_psr_aresetn_kernel_00_slr1/U0'
Parsing XDC File [/home/devsounio/darwin-atlas-phase-l/build-authorized/_x/link/vivado/vpl/prj/prj.gen/my_rm/bd/ulp/ip/ulp_ip_psr_aresetn_kernel_00_slr2_0/ulp_ip_psr_aresetn_kernel_00_slr2_0_board.xdc] for cell 'level0_i/level1/level1_i/ulp/ip_psr_aresetn_kernel_00_slr2/U0'
Finished Parsing XDC File [/home/devsounio/darwin-atlas-phase-l/build-authorized/_x/link/vivado/vpl/prj/prj.gen/my_rm/bd/ulp/ip/ulp_ip_psr_aresetn_kernel_00_slr2_0/ulp_ip_psr_aresetn_kernel_00_slr2_0_board.xdc] for cell 'level0_i/level1/level1_i/ulp/ip_psr_aresetn_kernel_00_slr2/U0'
Parsing XDC File [/home/devsounio/darwin-atlas-phase-l/build-authorized/_x/link/vivado/vpl/prj/prj.gen/my_rm/bd/ulp/ip/ulp_ip_psr_aresetn_kernel_00_slr3_0/ulp_ip_psr_aresetn_kernel_00_slr3_0_board.xdc] for cell 'level0_i/level1/level1_i/ulp/ip_psr_aresetn_kernel_00_slr3/U0'
Finished Parsing XDC File [/home/devsounio/darwin-atlas-phase-l/build-authorized/_x/link/vivado/vpl/prj/prj.gen/my_rm/bd/ulp/ip/ulp_ip_psr_aresetn_kernel_00_slr3_0/ulp_ip_psr_aresetn_kernel_00_slr3_0_board.xdc] for cell 'level0_i/level1/level1_i/ulp/ip_psr_aresetn_kernel_00_slr3/U0'
Parsing XDC File [/home/devsounio/darwin-atlas-phase-l/build-authorized/_x/link/vivado/vpl/prj/prj.gen/my_rm/bd/ulp/ip/ulp_ip_psr_aresetn_kernel_01_slr0_0/ulp_ip_psr_aresetn_kernel_01_slr0_0_board.xdc] for cell 'level0_i/level1/level1_i/ulp/ip_psr_aresetn_kernel_01_slr0/U0'
Finished Parsing XDC File [/home/devsounio/darwin-atlas-phase-l/build-authorized/_x/link/vivado/vpl/prj/prj.gen/my_rm/bd/ulp/ip/ulp_ip_psr_aresetn_kernel_01_slr0_0/ulp_ip_psr_aresetn_kernel_01_slr0_0_board.xdc] for cell 'level0_i/level1/level1_i/ulp/ip_psr_aresetn_kernel_01_slr0/U0'
Parsing XDC File [/home/devsounio/darwin-atlas-phase-l/build-authorized/_x/link/vivado/vpl/prj/prj.gen/my_rm/bd/ulp/ip/ulp_ip_psr_aresetn_kernel_01_slr1_0/ulp_ip_psr_aresetn_kernel_01_slr1_0_board.xdc] for cell 'level0_i/level1/level1_i/ulp/ip_psr_aresetn_kernel_01_slr1/U0'
Finished Parsing XDC File [/home/devsounio/darwin-atlas-phase-l/build-authorized/_x/link/vivado/vpl/prj/prj.gen/my_rm/bd/ulp/ip/ulp_ip_psr_aresetn_kernel_01_slr1_0/ulp_ip_psr_aresetn_kernel_01_slr1_0_board.xdc] for cell 'level0_i/level1/level1_i/ulp/ip_psr_aresetn_kernel_01_slr1/U0'
Parsing XDC File [/home/devsounio/darwin-atlas-phase-l/build-authorized/_x/link/vivado/vpl/prj/prj.gen/my_rm/bd/ulp/ip/ulp_ip_psr_aresetn_kernel_01_slr2_0/ulp_ip_psr_aresetn_kernel_01_slr2_0_board.xdc] for cell 'level0_i/level1/level1_i/ulp/ip_psr_aresetn_kernel_01_slr2/U0'
Finished Parsing XDC File [/home/devsounio/darwin-atlas-phase-l/build-authorized/_x/link/vivado/vpl/prj/prj.gen/my_rm/bd/ulp/ip/ulp_ip_psr_aresetn_kernel_01_slr2_0/ulp_ip_psr_aresetn_kernel_01_slr2_0_board.xdc] for cell 'level0_i/level1/level1_i/ulp/ip_psr_aresetn_kernel_01_slr2/U0'
Parsing XDC File [/home/devsounio/darwin-atlas-phase-l/build-authorized/_x/link/vivado/vpl/prj/prj.gen/my_rm/bd/ulp/ip/ulp_ip_psr_aresetn_kernel_01_slr3_0/ulp_ip_psr_aresetn_kernel_01_slr3_0_board.xdc] for cell 'level0_i/level1/level1_i/ulp/ip_psr_aresetn_kernel_01_slr3/U0'
Finished Parsing XDC File [/home/devsounio/darwin-atlas-phase-l/build-authorized/_x/link/vivado/vpl/prj/prj.gen/my_rm/bd/ulp/ip/ulp_ip_psr_aresetn_kernel_01_slr3_0/ulp_ip_psr_aresetn_kernel_01_slr3_0_board.xdc] for cell 'level0_i/level1/level1_i/ulp/ip_psr_aresetn_kernel_01_slr3/U0'
Parsing XDC File [/home/devsounio/darwin-atlas-phase-l/build-authorized/_x/link/vivado/vpl/prj/prj.gen/my_rm/bd/ulp/ip/ulp_ip_psr_aresetn_pcie_slr0_0/ulp_ip_psr_aresetn_pcie_slr0_0_board.xdc] for cell 'level0_i/level1/level1_i/ulp/ip_psr_aresetn_pcie_slr0/U0'
Finished Parsing XDC File [/home/devsounio/darwin-atlas-phase-l/build-authorized/_x/link/vivado/vpl/prj/prj.gen/my_rm/bd/ulp/ip/ulp_ip_psr_aresetn_pcie_slr0_0/ulp_ip_psr_aresetn_pcie_slr0_0_board.xdc] for cell 'level0_i/level1/level1_i/ulp/ip_psr_aresetn_pcie_slr0/U0'
Parsing XDC File [/home/devsounio/darwin-atlas-phase-l/build-authorized/_x/link/vivado/vpl/prj/prj.gen/my_rm/bd/ulp/ip/ulp_ip_psr_aresetn_pcie_slr1_0/ulp_ip_psr_aresetn_pcie_slr1_0_board.xdc] for cell 'level0_i/level1/level1_i/ulp/ip_psr_aresetn_pcie_slr1/U0'
Finished Parsing XDC File [/home/devsounio/darwin-atlas-phase-l/build-authorized/_x/link/vivado/vpl/prj/prj.gen/my_rm/bd/ulp/ip/ulp_ip_psr_aresetn_pcie_slr1_0/ulp_ip_psr_aresetn_pcie_slr1_0_board.xdc] for cell 'level0_i/level1/level1_i/ulp/ip_psr_aresetn_pcie_slr1/U0'
Parsing XDC File [/home/devsounio/darwin-atlas-phase-l/build-authorized/_x/link/vivado/vpl/prj/prj.gen/my_rm/bd/ulp/ip/ulp_ip_psr_aresetn_pcie_slr2_0/ulp_ip_psr_aresetn_pcie_slr2_0_board.xdc] for cell 'level0_i/level1/level1_i/ulp/ip_psr_aresetn_pcie_slr2/U0'
Finished Parsing XDC File [/home/devsounio/darwin-atlas-phase-l/build-authorized/_x/link/vivado/vpl/prj/prj.gen/my_rm/bd/ulp/ip/ulp_ip_psr_aresetn_pcie_slr2_0/ulp_ip_psr_aresetn_pcie_slr2_0_board.xdc] for cell 'level0_i/level1/level1_i/ulp/ip_psr_aresetn_pcie_slr2/U0'
Parsing XDC File [/home/devsounio/darwin-atlas-phase-l/build-authorized/_x/link/vivado/vpl/prj/prj.gen/my_rm/bd/ulp/ip/ulp_ip_psr_aresetn_pcie_slr3_0/ulp_ip_psr_aresetn_pcie_slr3_0_board.xdc] for cell 'level0_i/level1/level1_i/ulp/ip_psr_aresetn_pcie_slr3/U0'
Finished Parsing XDC File [/home/devsounio/darwin-atlas-phase-l/build-authorized/_x/link/vivado/vpl/prj/prj.gen/my_rm/bd/ulp/ip/ulp_ip_psr_aresetn_pcie_slr3_0/ulp_ip_psr_aresetn_pcie_slr3_0_board.xdc] for cell 'level0_i/level1/level1_i/ulp/ip_psr_aresetn_pcie_slr3/U0'
Parsing XDC File [/home/devsounio/darwin-atlas-phase-l/build-authorized/_x/link/vivado/vpl/prj/prj.gen/my_rm/bd/ulp/ip/ulp_ip_psr_aresetn_freerun_slr0_0/ulp_ip_psr_aresetn_freerun_slr0_0_board.xdc] for cell 'level0_i/level1/level1_i/ulp/ip_psr_aresetn_freerun_slr0/U0'
Finished Parsing XDC File [/home/devsounio/darwin-atlas-phase-l/build-authorized/_x/link/vivado/vpl/prj/prj.gen/my_rm/bd/ulp/ip/ulp_ip_psr_aresetn_freerun_slr0_0/ulp_ip_psr_aresetn_freerun_slr0_0_board.xdc] for cell 'level0_i/level1/level1_i/ulp/ip_psr_aresetn_freerun_slr0/U0'
Parsing XDC File [/home/devsounio/darwin-atlas-phase-l/build-authorized/_x/link/vivado/vpl/prj/prj.gen/my_rm/bd/ulp/ip/ulp_ip_psr_aresetn_freerun_slr1_0/ulp_ip_psr_aresetn_freerun_slr1_0_board.xdc] for cell 'level0_i/level1/level1_i/ulp/ip_psr_aresetn_freerun_slr1/U0'
Finished Parsing XDC File [/home/devsounio/darwin-atlas-phase-l/build-authorized/_x/link/vivado/vpl/prj/prj.gen/my_rm/bd/ulp/ip/ulp_ip_psr_aresetn_freerun_slr1_0/ulp_ip_psr_aresetn_freerun_slr1_0_board.xdc] for cell 'level0_i/level1/level1_i/ulp/ip_psr_aresetn_freerun_slr1/U0'
Parsing XDC File [/home/devsounio/darwin-atlas-phase-l/build-authorized/_x/link/vivado/vpl/prj/prj.gen/my_rm/bd/ulp/ip/ulp_ip_psr_aresetn_freerun_slr2_0/ulp_ip_psr_aresetn_freerun_slr2_0_board.xdc] for cell 'level0_i/level1/level1_i/ulp/ip_psr_aresetn_freerun_slr2/U0'
Finished Parsing XDC File [/home/devsounio/darwin-atlas-phase-l/build-authorized/_x/link/vivado/vpl/prj/prj.gen/my_rm/bd/ulp/ip/ulp_ip_psr_aresetn_freerun_slr2_0/ulp_ip_psr_aresetn_freerun_slr2_0_board.xdc] for cell 'level0_i/level1/level1_i/ulp/ip_psr_aresetn_freerun_slr2/U0'
Parsing XDC File [/home/devsounio/darwin-atlas-phase-l/build-authorized/_x/link/vivado/vpl/prj/prj.gen/my_rm/bd/ulp/ip/ulp_ip_psr_aresetn_freerun_slr3_0/ulp_ip_psr_aresetn_freerun_slr3_0_board.xdc] for cell 'level0_i/level1/level1_i/ulp/ip_psr_aresetn_freerun_slr3/U0'
Finished Parsing XDC File [/home/devsounio/darwin-atlas-phase-l/build-authorized/_x/link/vivado/vpl/prj/prj.gen/my_rm/bd/ulp/ip/ulp_ip_psr_aresetn_freerun_slr3_0/ulp_ip_psr_aresetn_freerun_slr3_0_board.xdc] for cell 'level0_i/level1/level1_i/ulp/ip_psr_aresetn_freerun_slr3/U0'
Parsing XDC File [/home/devsounio/darwin-atlas-phase-l/build-authorized/_x/link/vivado/vpl/.local/hw_platform/hw_bb_locked/level0_wrapper_board.xdc]
Finished Parsing XDC File [/home/devsounio/darwin-atlas-phase-l/build-authorized/_x/link/vivado/vpl/.local/hw_platform/hw_bb_locked/level0_wrapper_board.xdc]
Parsing XDC File [/home/devsounio/darwin-atlas-phase-l/build-authorized/_x/link/vivado/vpl/.local/hw_platform/hw_bb_locked/level0_wrapper_early.xdc]
INFO: [Power 33-23] Power model is not available for STARTUP_8SERIES_GEN.STARTUP3_8SERIES_inst [ip_pcie4_uscale_plus_x0y1.xdc:237]
INFO: [Power 33-23] Power model is not available for xiphy_riu_or [ip_pcie4_uscale_plus_x0y1.xdc:237]
INFO: [Power 33-23] Power model is not available for genVref.u_hpio_vref [ip_pcie4_uscale_plus_x0y1.xdc:237]
WARNING: [Timing 38-172] LUT was found on clock network. Both rising/falling clock edges are propagated from LUT output pin. Use set_clock_sense to specify if that clock should be inverted or not. e.g. set_clock_sense -positive/-negative level0_i/blp/blp_i/ss_cmp/inst/mgmt_debug_bridge/inst/bs_mux/inst/drck_INST_0/O [ip_pcie4_uscale_plus_x0y1.xdc:237]
WARNING: [Timing 38-172] LUT was found on clock network. Both rising/falling clock edges are propagated from LUT output pin. Use set_clock_sense to specify if that clock should be inverted or not. e.g. set_clock_sense -positive/-negative level0_i/blp/blp_i/ss_cmp/inst/mgmt_debug_bridge/inst/bs_mux/inst/update_INST_0/O [ip_pcie4_uscale_plus_x0y1.xdc:237]
set_switching_activity: Time (s): cpu = 00:01:16 ; elapsed = 00:00:36 . Memory (MB): peak = 7760.039 ; gain = 1366.359 ; free physical = 66344 ; free virtual = 69940
INFO: [Timing 38-2] Deriving generated clocks [level1_clk_wiz_ddr4_0.xdc:57]
Finished Parsing XDC File [/home/devsounio/darwin-atlas-phase-l/build-authorized/_x/link/vivado/vpl/.local/hw_platform/hw_bb_locked/level0_wrapper_early.xdc]
Parsing XDC File [/home/devsounio/darwin-atlas-phase-l/build-authorized/_x/link/vivado/vpl/output/dont_partition.xdc]
Finished Parsing XDC File [/home/devsounio/darwin-atlas-phase-l/build-authorized/_x/link/vivado/vpl/output/dont_partition.xdc]
Parsing XDC File [/home/devsounio/darwin-atlas-phase-l/build-authorized/_x/link/vivado/vpl/.local/hw_platform/hw_bb_locked/level0_wrapper.xdc]
INFO: [Timing 38-2] Deriving generated clocks [xsdbm_gc_late_late.xdc:55]
all_fanout: Time (s): cpu = 00:00:18 ; elapsed = 00:00:05 . Memory (MB): peak = 7760.039 ; gain = 0.000 ; free physical = 66344 ; free virtual = 69940
Finished Parsing XDC File [/home/devsounio/darwin-atlas-phase-l/build-authorized/_x/link/vivado/vpl/.local/hw_platform/hw_bb_locked/level0_wrapper.xdc]
Parsing XDC File [/home/devsounio/darwin-atlas-phase-l/build-authorized/_x/link/vivado/vpl/.local/hw_platform/hw_bb_locked/level0_wrapper_late.xdc]
WARNING: [Vivado 12-25893] CONTAIN_ROUTING is mutually exclusive with IS_SOFT, IS_SOFT property for pblock pblock_level0_blp has been changed to false in order to set CONTAIN_ROUTING to true. [impl.pblocks.xdc:10]
WARNING: [Vivado 12-25893] CONTAIN_ROUTING is mutually exclusive with IS_SOFT, IS_SOFT property for pblock pblock_ii_level0_pipe has been changed to false in order to set CONTAIN_ROUTING to true. [impl.pblocks.xdc:54]
resize_pblock: Time (s): cpu = 00:00:07 ; elapsed = 00:00:07 . Memory (MB): peak = 7760.039 ; gain = 0.000 ; free physical = 66334 ; free virtual = 69931
INFO: [Vivado 12-2286] Implicit search of objects for pattern 'clk_sck' matched to 'clock' objects. [impl.clocks.xdc:42]
Resolution: To avoid ambiguous patterns, provide proper objects using get commands e.g. [get_nets xyz].
INFO: [Vivado 12-2286] Implicit search of objects for pattern 'clk_sck' matched to 'clock' objects. [impl.clocks.xdc:43]
Resolution: To avoid ambiguous patterns, provide proper objects using get commands e.g. [get_nets xyz].
INFO: [Vivado 12-2286] Implicit search of objects for pattern 'clk_sck' matched to 'clock' objects. [impl.clocks.xdc:46]
Resolution: To avoid ambiguous patterns, provide proper objects using get commands e.g. [get_nets xyz].
INFO: [Vivado 12-24630] Instance: 'level0_i/level1/level1_i/plp' is a DFX HD.RECONFIGURABLE module.
INFO: [Vivado 12-24630] Instance: 'level0_i/level1/level1_i/ulp' is a DFX HD.RECONFIGURABLE module.
resize_pblock: Time (s): cpu = 00:00:07 ; elapsed = 00:00:07 . Memory (MB): peak = 7760.039 ; gain = 0.000 ; free physical = 66281 ; free virtual = 69893
Finished Parsing XDC File [/home/devsounio/darwin-atlas-phase-l/build-authorized/_x/link/vivado/vpl/.local/hw_platform/hw_bb_locked/level0_wrapper_late.xdc]
INFO: [Designutils 20-5722] Start Reading Physical Databases.
Reading placement.
Reading placer database...
Read Old Netlist Cache: Time (s): cpu = 00:00:00.15 ; elapsed = 00:00:00.16 . Memory (MB): peak = 7760.039 ; gain = 0.000 ; free physical = 66277 ; free virtual = 69892
Read Device Cache: Time (s): cpu = 00:00:00.03 ; elapsed = 00:00:00.02 . Memory (MB): peak = 7760.039 ; gain = 0.000 ; free physical = 66277 ; free virtual = 69892
Read PlaceDB: Time (s): cpu = 00:00:03 ; elapsed = 00:00:03 . Memory (MB): peak = 7779.586 ; gain = 19.547 ; free physical = 66223 ; free virtual = 69840
Read PulsedLatchDB: Time (s): cpu = 00:00:00 ; elapsed = 00:00:00 . Memory (MB): peak = 7792.586 ; gain = 0.000 ; free physical = 66209 ; free virtual = 69827
Reading routing.
Read RouteStorage: Time (s): cpu = 00:00:02 ; elapsed = 00:00:02 . Memory (MB): peak = 7874.047 ; gain = 81.461 ; free physical = 66127 ; free virtual = 69745
Read Physdb Files: Time (s): cpu = 00:00:06 ; elapsed = 00:00:06 . Memory (MB): peak = 7874.047 ; gain = 114.008 ; free physical = 66126 ; free virtual = 69745
Restored from archive | CPU: 7.020000 secs | Memory: 169.065849 MB |
Finished XDEF File Restore: Time (s): cpu = 00:00:07 ; elapsed = 00:00:07 . Memory (MB): peak = 7874.047 ; gain = 114.008 ; free physical = 66125 ; free virtual = 69745
WARNING: [Constraints 18-4434] Global Clock Buffer 'level0_i/blp/blp_i/freerun_clk/bufg/U0/USE_BUFG.GEN_BUFG[0].BUFG_U' is LOCed to site 'BUFGCE_X0Y99'. Using a LOC constraint to assign the placement of a Global Clock Buffer can result in sub-optimal placement results.
Resolution: Remove the LOC constraint and use the CLOCK_REGION constraint to assign a Global Clock Buffer to a CLOCK_REGION.
WARNING: [Constraints 18-4434] Global Clock Buffer 'level0_i/blp/blp_i/freerun_clk/bufg_div/U0/USE_BUFGCE_DIV2.GEN_BUFGCE_DIV2[0].BUFGCE_DIV2_I' is LOCed to site 'BUFGCE_DIV_X0Y17'. Using a LOC constraint to assign the placement of a Global Clock Buffer can result in sub-optimal placement results.
Resolution: Remove the LOC constraint and use the CLOCK_REGION constraint to assign a Global Clock Buffer to a CLOCK_REGION.
WARNING: [Constraints 18-4434] Global Clock Buffer 'level0_i/blp/blp_i/ss_cmp/inst/jtag_fallback/inst/bs_switch/inst/BSCAN_SWITCH.N_EXT_BSCAN.u_bufg_icon_tck' is LOCed to site 'BUFGCE_X0Y106'. Using a LOC constraint to assign the placement of a Global Clock Buffer can result in sub-optimal placement results.
Resolution: Remove the LOC constraint and use the CLOCK_REGION constraint to assign a Global Clock Buffer to a CLOCK_REGION.
WARNING: [Constraints 18-4434] Global Clock Buffer 'level0_i/blp/blp_i/ss_cmp/inst/mdm_board_control/U0/No_Dbg_Reg_Access.BUFG_DRCK/Using_FPGA.Native' is LOCed to site 'BUFGCE_X0Y98'. Using a LOC constraint to assign the placement of a Global Clock Buffer can result in sub-optimal placement results.
Resolution: Remove the LOC constraint and use the CLOCK_REGION constraint to assign a Global Clock Buffer to a CLOCK_REGION.
WARNING: [Constraints 18-4434] Global Clock Buffer 'level0_i/blp/blp_i/ss_cmp/inst/mdm_board_control/U0/Use_External.Use_BSCANID.No_Dbg_Reg_Access.BUFG_UPDATE/Using_FPGA.Native' is LOCed to site 'BUFGCE_X0Y96'. Using a LOC constraint to assign the placement of a Global Clock Buffer can result in sub-optimal placement results.
Resolution: Remove the LOC constraint and use the CLOCK_REGION constraint to assign a Global Clock Buffer to a CLOCK_REGION.
WARNING: [Constraints 18-4434] Global Clock Buffer 'level0_i/blp/blp_i/ss_cmp/inst/mgmt_debug_bridge/inst/bs_mux/inst/u_bufg_mux' is LOCed to site 'BUFGCTRL_X0Y36'. Using a LOC constraint to assign the placement of a Global Clock Buffer can result in sub-optimal placement results.
Resolution: Remove the LOC constraint and use the CLOCK_REGION constraint to assign a Global Clock Buffer to a CLOCK_REGION.
WARNING: [Constraints 18-4434] Global Clock Buffer 'level0_i/blp/blp_i/ss_cmp/inst/mgmt_debug_bridge/inst/bsip/inst/USE_SOFTBSCAN.U_TAP_TCKBUFG' is LOCed to site 'BUFGCE_X0Y97'. Using a LOC constraint to assign the placement of a Global Clock Buffer can result in sub-optimal placement results.
Resolution: Remove the LOC constraint and use the CLOCK_REGION constraint to assign a Global Clock Buffer to a CLOCK_REGION.
WARNING: [Constraints 18-4434] Global Clock Buffer 'level0_i/blp/blp_i/ss_hif/inst/clkwiz_level0_periph/inst/clkout1_buf' is LOCed to site 'BUFGCE_X0Y115'. Using a LOC constraint to assign the placement of a Global Clock Buffer can result in sub-optimal placement results.
Resolution: Remove the LOC constraint and use the CLOCK_REGION constraint to assign a Global Clock Buffer to a CLOCK_REGION.
WARNING: [Constraints 18-4434] Global Clock Buffer 'level0_i/blp/blp_i/ss_hif/inst/clkwiz_level0_periph/inst/clkout2_buf' is LOCed to site 'BUFGCE_X0Y116'. Using a LOC constraint to assign the placement of a Global Clock Buffer can result in sub-optimal placement results.
Resolution: Remove the LOC constraint and use the CLOCK_REGION constraint to assign a Global Clock Buffer to a CLOCK_REGION.
WARNING: [Constraints 18-4434] Global Clock Buffer 'level0_i/blp/blp_i/ss_hif/inst/pcie/inst/bufg_gt_sysclk' is LOCed to site 'BUFG_GT_X1Y155'. Using a LOC constraint to assign the placement of a Global Clock Buffer can result in sub-optimal placement results.
Resolution: Remove the LOC constraint and use the CLOCK_REGION constraint to assign a Global Clock Buffer to a CLOCK_REGION.
WARNING: [Constraints 18-4434] Global Clock Buffer 'level0_i/blp/blp_i/ss_hif/inst/pcie/inst/bd_39ab_pcie_0_gt_top_i/diablo_gt.diablo_gt_phy_wrapper/gt_wizard.gtwizard_top_i/bd_39ab_pcie_0_gt_i/inst/gen_gtwizard_gtye4_top.bd_39ab_pcie_0_gt_gtwizard_gtye4_inst/gen_gtwizard_gtye4.gen_cpll_cal_gtye4.gen_cpll_cal_inst[0].gen_inst_cpll_cal.gtwizard_ultrascale_v1_7_12_gtye4_cpll_cal_inst/gtwizard_ultrascale_v1_7_12_gtye4_cpll_cal_tx_i/bufg_gt_txoutclkmon_inst' is LOCed to site 'BUFG_GT_X1Y100'. Using a LOC constraint to assign the placement of a Global Clock Buffer can result in sub-optimal placement results.
Resolution: Remove the LOC constraint and use the CLOCK_REGION constraint to assign a Global Clock Buffer to a CLOCK_REGION.
WARNING: [Constraints 18-4434] Global Clock Buffer 'level0_i/blp/blp_i/ss_hif/inst/pcie/inst/bd_39ab_pcie_0_gt_top_i/diablo_gt.diablo_gt_phy_wrapper/gt_wizard.gtwizard_top_i/bd_39ab_pcie_0_gt_i/inst/gen_gtwizard_gtye4_top.bd_39ab_pcie_0_gt_gtwizard_gtye4_inst/gen_gtwizard_gtye4.gen_cpll_cal_gtye4.gen_cpll_cal_inst[10].gen_inst_cpll_cal.gtwizard_ultrascale_v1_7_12_gtye4_cpll_cal_inst/gtwizard_ultrascale_v1_7_12_gtye4_cpll_cal_tx_i/bufg_gt_txoutclkmon_inst' is LOCed to site 'BUFG_GT_X1Y150'. Using a LOC constraint to assign the placement of a Global Clock Buffer can result in sub-optimal placement results.
Resolution: Remove the LOC constraint and use the CLOCK_REGION constraint to assign a Global Clock Buffer to a CLOCK_REGION.
WARNING: [Constraints 18-4434] Global Clock Buffer 'level0_i/blp/blp_i/ss_hif/inst/pcie/inst/bd_39ab_pcie_0_gt_top_i/diablo_gt.diablo_gt_phy_wrapper/gt_wizard.gtwizard_top_i/bd_39ab_pcie_0_gt_i/inst/gen_gtwizard_gtye4_top.bd_39ab_pcie_0_gt_gtwizard_gtye4_inst/gen_gtwizard_gtye4.gen_cpll_cal_gtye4.gen_cpll_cal_inst[11].gen_inst_cpll_cal.gtwizard_ultrascale_v1_7_12_gtye4_cpll_cal_inst/gtwizard_ultrascale_v1_7_12_gtye4_cpll_cal_tx_i/bufg_gt_txoutclkmon_inst' is LOCed to site 'BUFG_GT_X1Y167'. Using a LOC constraint to assign the placement of a Global Clock Buffer can result in sub-optimal placement results.
Resolution: Remove the LOC constraint and use the CLOCK_REGION constraint to assign a Global Clock Buffer to a CLOCK_REGION.
WARNING: [Constraints 18-4434] Global Clock Buffer 'level0_i/blp/blp_i/ss_hif/inst/pcie/inst/bd_39ab_pcie_0_gt_top_i/diablo_gt.diablo_gt_phy_wrapper/gt_wizard.gtwizard_top_i/bd_39ab_pcie_0_gt_i/inst/gen_gtwizard_gtye4_top.bd_39ab_pcie_0_gt_gtwizard_gtye4_inst/gen_gtwizard_gtye4.gen_cpll_cal_gtye4.gen_cpll_cal_inst[12].gen_inst_cpll_cal.gtwizard_ultrascale_v1_7_12_gtye4_cpll_cal_inst/gtwizard_ultrascale_v1_7_12_gtye4_cpll_cal_tx_i/bufg_gt_txoutclkmon_inst' is LOCed to site 'BUFG_GT_X1Y176'. Using a LOC constraint to assign the placement of a Global Clock Buffer can result in sub-optimal placement results.
Resolution: Remove the LOC constraint and use the CLOCK_REGION constraint to assign a Global Clock Buffer to a CLOCK_REGION.
WARNING: [Constraints 18-4434] Global Clock Buffer 'level0_i/blp/blp_i/ss_hif/inst/pcie/inst/bd_39ab_pcie_0_gt_top_i/diablo_gt.diablo_gt_phy_wrapper/gt_wizard.gtwizard_top_i/bd_39ab_pcie_0_gt_i/inst/gen_gtwizard_gtye4_top.bd_39ab_pcie_0_gt_gtwizard_gtye4_inst/gen_gtwizard_gtye4.gen_cpll_cal_gtye4.gen_cpll_cal_inst[13].gen_inst_cpll_cal.gtwizard_ultrascale_v1_7_12_gtye4_cpll_cal_inst/gtwizard_ultrascale_v1_7_12_gtye4_cpll_cal_tx_i/bufg_gt_txoutclkmon_inst' is LOCed to site 'BUFG_GT_X1Y191'. Using a LOC constraint to assign the placement of a Global Clock Buffer can result in sub-optimal placement results.
Resolution: Remove the LOC constraint and use the CLOCK_REGION constraint to assign a Global Clock Buffer to a CLOCK_REGION.
WARNING: [Constraints 18-4434] Global Clock Buffer 'level0_i/blp/blp_i/ss_hif/inst/pcie/inst/bd_39ab_pcie_0_gt_top_i/diablo_gt.diablo_gt_phy_wrapper/gt_wizard.gtwizard_top_i/bd_39ab_pcie_0_gt_i/inst/gen_gtwizard_gtye4_top.bd_39ab_pcie_0_gt_gtwizard_gtye4_inst/gen_gtwizard_gtye4.gen_cpll_cal_gtye4.gen_cpll_cal_inst[14].gen_inst_cpll_cal.gtwizard_ultrascale_v1_7_12_gtye4_cpll_cal_inst/gtwizard_ultrascale_v1_7_12_gtye4_cpll_cal_tx_i/bufg_gt_txoutclkmon_inst' is LOCed to site 'BUFG_GT_X1Y183'. Using a LOC constraint to assign the placement of a Global Clock Buffer can result in sub-optimal placement results.
Resolution: Remove the LOC constraint and use the CLOCK_REGION constraint to assign a Global Clock Buffer to a CLOCK_REGION.
WARNING: [Constraints 18-4434] Global Clock Buffer 'level0_i/blp/blp_i/ss_hif/inst/pcie/inst/bd_39ab_pcie_0_gt_top_i/diablo_gt.diablo_gt_phy_wrapper/gt_wizard.gtwizard_top_i/bd_39ab_pcie_0_gt_i/inst/gen_gtwizard_gtye4_top.bd_39ab_pcie_0_gt_gtwizard_gtye4_inst/gen_gtwizard_gtye4.gen_cpll_cal_gtye4.gen_cpll_cal_inst[15].gen_inst_cpll_cal.gtwizard_ultrascale_v1_7_12_gtye4_cpll_cal_inst/gtwizard_ultrascale_v1_7_12_gtye4_cpll_cal_tx_i/bufg_gt_txoutclkmon_inst' is LOCed to site 'BUFG_GT_X1Y173'. Using a LOC constraint to assign the placement of a Global Clock Buffer can result in sub-optimal placement results.
Resolution: Remove the LOC constraint and use the CLOCK_REGION constraint to assign a Global Clock Buffer to a CLOCK_REGION.
WARNING: [Constraints 18-4434] Global Clock Buffer 'level0_i/blp/blp_i/ss_hif/inst/pcie/inst/bd_39ab_pcie_0_gt_top_i/diablo_gt.diablo_gt_phy_wrapper/gt_wizard.gtwizard_top_i/bd_39ab_pcie_0_gt_i/inst/gen_gtwizard_gtye4_top.bd_39ab_pcie_0_gt_gtwizard_gtye4_inst/gen_gtwizard_gtye4.gen_cpll_cal_gtye4.gen_cpll_cal_inst[1].gen_inst_cpll_cal.gtwizard_ultrascale_v1_7_12_gtye4_cpll_cal_inst/gtwizard_ultrascale_v1_7_12_gtye4_cpll_cal_tx_i/bufg_gt_txoutclkmon_inst' is LOCed to site 'BUFG_GT_X1Y102'. Using a LOC constraint to assign the placement of a Global Clock Buffer can result in sub-optimal placement results.
Resolution: Remove the LOC constraint and use the CLOCK_REGION constraint to assign a Global Clock Buffer to a CLOCK_REGION.
WARNING: [Constraints 18-4434] Global Clock Buffer 'level0_i/blp/blp_i/ss_hif/inst/pcie/inst/bd_39ab_pcie_0_gt_top_i/diablo_gt.diablo_gt_phy_wrapper/gt_wizard.gtwizard_top_i/bd_39ab_pcie_0_gt_i/inst/gen_gtwizard_gtye4_top.bd_39ab_pcie_0_gt_gtwizard_gtye4_inst/gen_gtwizard_gtye4.gen_cpll_cal_gtye4.gen_cpll_cal_inst[2].gen_inst_cpll_cal.gtwizard_ultrascale_v1_7_12_gtye4_cpll_cal_inst/gtwizard_ultrascale_v1_7_12_gtye4_cpll_cal_tx_i/bufg_gt_txoutclkmon_inst' is LOCed to site 'BUFG_GT_X1Y119'. Using a LOC constraint to assign the placement of a Global Clock Buffer can result in sub-optimal placement results.
Resolution: Remove the LOC constraint and use the CLOCK_REGION constraint to assign a Global Clock Buffer to a CLOCK_REGION.
WARNING: [Constraints 18-4434] Global Clock Buffer 'level0_i/blp/blp_i/ss_hif/inst/pcie/inst/bd_39ab_pcie_0_gt_top_i/diablo_gt.diablo_gt_phy_wrapper/gt_wizard.gtwizard_top_i/bd_39ab_pcie_0_gt_i/inst/gen_gtwizard_gtye4_top.bd_39ab_pcie_0_gt_gtwizard_gtye4_inst/gen_gtwizard_gtye4.gen_cpll_cal_gtye4.gen_cpll_cal_inst[3].gen_inst_cpll_cal.gtwizard_ultrascale_v1_7_12_gtye4_cpll_cal_inst/gtwizard_ultrascale_v1_7_12_gtye4_cpll_cal_tx_i/bufg_gt_txoutclkmon_inst' is LOCed to site 'BUFG_GT_X1Y111'. Using a LOC constraint to assign the placement of a Global Clock Buffer can result in sub-optimal placement results.
Resolution: Remove the LOC constraint and use the CLOCK_REGION constraint to assign a Global Clock Buffer to a CLOCK_REGION.
WARNING: [Constraints 18-4434] Global Clock Buffer 'level0_i/blp/blp_i/ss_hif/inst/pcie/inst/bd_39ab_pcie_0_gt_top_i/diablo_gt.diablo_gt_phy_wrapper/gt_wizard.gtwizard_top_i/bd_39ab_pcie_0_gt_i/inst/gen_gtwizard_gtye4_top.bd_39ab_pcie_0_gt_gtwizard_gtye4_inst/gen_gtwizard_gtye4.gen_cpll_cal_gtye4.gen_cpll_cal_inst[4].gen_inst_cpll_cal.gtwizard_ultrascale_v1_7_12_gtye4_cpll_cal_inst/gtwizard_ultrascale_v1_7_12_gtye4_cpll_cal_tx_i/bufg_gt_txoutclkmon_inst' is LOCed to site 'BUFG_GT_X1Y126'. Using a LOC constraint to assign the placement of a Global Clock Buffer can result in sub-optimal placement results.
Resolution: Remove the LOC constraint and use the CLOCK_REGION constraint to assign a Global Clock Buffer to a CLOCK_REGION.
WARNING: [Constraints 18-4434] Global Clock Buffer 'level0_i/blp/blp_i/ss_hif/inst/pcie/inst/bd_39ab_pcie_0_gt_top_i/diablo_gt.diablo_gt_phy_wrapper/gt_wizard.gtwizard_top_i/bd_39ab_pcie_0_gt_i/inst/gen_gtwizard_gtye4_top.bd_39ab_pcie_0_gt_gtwizard_gtye4_inst/gen_gtwizard_gtye4.gen_cpll_cal_gtye4.gen_cpll_cal_inst[5].gen_inst_cpll_cal.gtwizard_ultrascale_v1_7_12_gtye4_cpll_cal_inst/gtwizard_ultrascale_v1_7_12_gtye4_cpll_cal_tx_i/bufg_gt_txoutclkmon_inst' is LOCed to site 'BUFG_GT_X1Y137'. Using a LOC constraint to assign the placement of a Global Clock Buffer can result in sub-optimal placement results.
Resolution: Remove the LOC constraint and use the CLOCK_REGION constraint to assign a Global Clock Buffer to a CLOCK_REGION.
WARNING: [Constraints 18-4434] Global Clock Buffer 'level0_i/blp/blp_i/ss_hif/inst/pcie/inst/bd_39ab_pcie_0_gt_top_i/diablo_gt.diablo_gt_phy_wrapper/gt_wizard.gtwizard_top_i/bd_39ab_pcie_0_gt_i/inst/gen_gtwizard_gtye4_top.bd_39ab_pcie_0_gt_gtwizard_gtye4_inst/gen_gtwizard_gtye4.gen_cpll_cal_gtye4.gen_cpll_cal_inst[6].gen_inst_cpll_cal.gtwizard_ultrascale_v1_7_12_gtye4_cpll_cal_inst/gtwizard_ultrascale_v1_7_12_gtye4_cpll_cal_tx_i/bufg_gt_txoutclkmon_inst' is LOCed to site 'BUFG_GT_X1Y143'. Using a LOC constraint to assign the placement of a Global Clock Buffer can result in sub-optimal placement results.
Resolution: Remove the LOC constraint and use the CLOCK_REGION constraint to assign a Global Clock Buffer to a CLOCK_REGION.
WARNING: [Constraints 18-4434] Global Clock Buffer 'level0_i/blp/blp_i/ss_hif/inst/pcie/inst/bd_39ab_pcie_0_gt_top_i/diablo_gt.diablo_gt_phy_wrapper/gt_wizard.gtwizard_top_i/bd_39ab_pcie_0_gt_i/inst/gen_gtwizard_gtye4_top.bd_39ab_pcie_0_gt_gtwizard_gtye4_inst/gen_gtwizard_gtye4.gen_cpll_cal_gtye4.gen_cpll_cal_inst[7].gen_inst_cpll_cal.gtwizard_ultrascale_v1_7_12_gtye4_cpll_cal_inst/gtwizard_ultrascale_v1_7_12_gtye4_cpll_cal_tx_i/bufg_gt_txoutclkmon_inst' is LOCed to site 'BUFG_GT_X1Y135'. Using a LOC constraint to assign the placement of a Global Clock Buffer can result in sub-optimal placement results.
Resolution: Remove the LOC constraint and use the CLOCK_REGION constraint to assign a Global Clock Buffer to a CLOCK_REGION.
WARNING: [Constraints 18-4434] Global Clock Buffer 'level0_i/blp/blp_i/ss_hif/inst/pcie/inst/bd_39ab_pcie_0_gt_top_i/diablo_gt.diablo_gt_phy_wrapper/gt_wizard.gtwizard_top_i/bd_39ab_pcie_0_gt_i/inst/gen_gtwizard_gtye4_top.bd_39ab_pcie_0_gt_gtwizard_gtye4_inst/gen_gtwizard_gtye4.gen_cpll_cal_gtye4.gen_cpll_cal_inst[8].gen_inst_cpll_cal.gtwizard_ultrascale_v1_7_12_gtye4_cpll_cal_inst/gtwizard_ultrascale_v1_7_12_gtye4_cpll_cal_tx_i/bufg_gt_txoutclkmon_inst' is LOCed to site 'BUFG_GT_X1Y160'. Using a LOC constraint to assign the placement of a Global Clock Buffer can result in sub-optimal placement results.
Resolution: Remove the LOC constraint and use the CLOCK_REGION constraint to assign a Global Clock Buffer to a CLOCK_REGION.
WARNING: [Constraints 18-4434] Global Clock Buffer 'level0_i/blp/blp_i/ss_hif/inst/pcie/inst/bd_39ab_pcie_0_gt_top_i/diablo_gt.diablo_gt_phy_wrapper/gt_wizard.gtwizard_top_i/bd_39ab_pcie_0_gt_i/inst/gen_gtwizard_gtye4_top.bd_39ab_pcie_0_gt_gtwizard_gtye4_inst/gen_gtwizard_gtye4.gen_cpll_cal_gtye4.gen_cpll_cal_inst[9].gen_inst_cpll_cal.gtwizard_ultrascale_v1_7_12_gtye4_cpll_cal_inst/gtwizard_ultrascale_v1_7_12_gtye4_cpll_cal_tx_i/bufg_gt_txoutclkmon_inst' is LOCed to site 'BUFG_GT_X1Y153'. Using a LOC constraint to assign the placement of a Global Clock Buffer can result in sub-optimal placement results.
Resolution: Remove the LOC constraint and use the CLOCK_REGION constraint to assign a Global Clock Buffer to a CLOCK_REGION.
WARNING: [Constraints 18-4434] Global Clock Buffer 'level0_i/blp/blp_i/ss_hif/inst/pcie/inst/bd_39ab_pcie_0_gt_top_i/diablo_gt.diablo_gt_phy_wrapper/phy_clk_i/bufg_gt_coreclk' is LOCed to site 'BUFG_GT_X1Y181'. Using a LOC constraint to assign the placement of a Global Clock Buffer can result in sub-optimal placement results.
Resolution: Remove the LOC constraint and use the CLOCK_REGION constraint to assign a Global Clock Buffer to a CLOCK_REGION.
WARNING: [Constraints 18-4434] Global Clock Buffer 'level0_i/blp/blp_i/ss_hif/inst/pcie/inst/bd_39ab_pcie_0_gt_top_i/diablo_gt.diablo_gt_phy_wrapper/phy_clk_i/bufg_gt_intclk' is LOCed to site 'BUFG_GT_X1Y180'. Using a LOC constraint to assign the placement of a Global Clock Buffer can result in sub-optimal placement results.
Resolution: Remove the LOC constraint and use the CLOCK_REGION constraint to assign a Global Clock Buffer to a CLOCK_REGION.
WARNING: [Constraints 18-4434] Global Clock Buffer 'level0_i/blp/blp_i/ss_hif/inst/pcie/inst/bd_39ab_pcie_0_gt_top_i/diablo_gt.diablo_gt_phy_wrapper/phy_clk_i/bufg_gt_mcapclk' is LOCed to site 'BUFG_GT_X1Y190'. Using a LOC constraint to assign the placement of a Global Clock Buffer can result in sub-optimal placement results.
Resolution: Remove the LOC constraint and use the CLOCK_REGION constraint to assign a Global Clock Buffer to a CLOCK_REGION.
WARNING: [Constraints 18-4434] Global Clock Buffer 'level0_i/blp/blp_i/ss_hif/inst/pcie/inst/bd_39ab_pcie_0_gt_top_i/diablo_gt.diablo_gt_phy_wrapper/phy_clk_i/bufg_gt_pclk' is LOCed to site 'BUFG_GT_X1Y189'. Using a LOC constraint to assign the placement of a Global Clock Buffer can result in sub-optimal placement results.
Resolution: Remove the LOC constraint and use the CLOCK_REGION constraint to assign a Global Clock Buffer to a CLOCK_REGION.
WARNING: [Constraints 18-4434] Global Clock Buffer 'level0_i/blp/blp_i/ss_hif/inst/pcie/inst/bd_39ab_pcie_0_gt_top_i/diablo_gt.diablo_gt_phy_wrapper/phy_clk_i/bufg_gt_userclk' is LOCed to site 'BUFG_GT_X1Y186'. Using a LOC constraint to assign the placement of a Global Clock Buffer can result in sub-optimal placement results.
Resolution: Remove the LOC constraint and use the CLOCK_REGION constraint to assign a Global Clock Buffer to a CLOCK_REGION.
WARNING: [Constraints 18-4434] Global Clock Buffer 'level0_i/level1/level1_i/plp/clk_wiz_ddr4/inst/clkout1_buf' is LOCed to site 'BUFGCE_X0Y156'. Using a LOC constraint to assign the placement of a Global Clock Buffer can result in sub-optimal placement results.
Resolution: Remove the LOC constraint and use the CLOCK_REGION constraint to assign a Global Clock Buffer to a CLOCK_REGION.
Parsing XDC File [/home/devsounio/darwin-atlas-phase-l/build-authorized/_x/link/vivado/vpl/prj/prj.gen/my_rm/bd/ulp/ip/ulp_ict_axi_ctrl_mgmt_00_imp_s00_regslice_0/ulp_ict_axi_ctrl_mgmt_00_imp_s00_regslice_0_clocks.xdc] for cell 'level0_i/level1/level1_i/ulp/ict_axi_ctrl_mgmt_00/s00_couplers/s00_regslice/inst'
Finished Parsing XDC File [/home/devsounio/darwin-atlas-phase-l/build-authorized/_x/link/vivado/vpl/prj/prj.gen/my_rm/bd/ulp/ip/ulp_ict_axi_ctrl_mgmt_00_imp_s00_regslice_0/ulp_ict_axi_ctrl_mgmt_00_imp_s00_regslice_0_clocks.xdc] for cell 'level0_i/level1/level1_i/ulp/ict_axi_ctrl_mgmt_00/s00_couplers/s00_regslice/inst'
Parsing XDC File [/home/devsounio/darwin-atlas-phase-l/build-authorized/_x/link/vivado/vpl/prj/prj.gen/my_rm/bd/ulp/ip/ulp_ict_axi_ctrl_mgmt_01_imp_m00_regslice_0/ulp_ict_axi_ctrl_mgmt_01_imp_m00_regslice_0_clocks.xdc] for cell 'level0_i/level1/level1_i/ulp/ict_axi_ctrl_mgmt_01/m00_couplers/m00_regslice/inst'
Finished Parsing XDC File [/home/devsounio/darwin-atlas-phase-l/build-authorized/_x/link/vivado/vpl/prj/prj.gen/my_rm/bd/ulp/ip/ulp_ict_axi_ctrl_mgmt_01_imp_m00_regslice_0/ulp_ict_axi_ctrl_mgmt_01_imp_m00_regslice_0_clocks.xdc] for cell 'level0_i/level1/level1_i/ulp/ict_axi_ctrl_mgmt_01/m00_couplers/m00_regslice/inst'
Parsing XDC File [/home/devsounio/darwin-atlas-phase-l/build-authorized/_x/link/vivado/vpl/prj/prj.gen/my_rm/bd/ulp/ip/ulp_ict_axi_ctrl_mgmt_01_imp_m01_regslice_0/ulp_ict_axi_ctrl_mgmt_01_imp_m01_regslice_0_clocks.xdc] for cell 'level0_i/level1/level1_i/ulp/ict_axi_ctrl_mgmt_01/m01_couplers/m01_regslice/inst'
Finished Parsing XDC File [/home/devsounio/darwin-atlas-phase-l/build-authorized/_x/link/vivado/vpl/prj/prj.gen/my_rm/bd/ulp/ip/ulp_ict_axi_ctrl_mgmt_01_imp_m01_regslice_0/ulp_ict_axi_ctrl_mgmt_01_imp_m01_regslice_0_clocks.xdc] for cell 'level0_i/level1/level1_i/ulp/ict_axi_ctrl_mgmt_01/m01_couplers/m01_regslice/inst'
Parsing XDC File [/home/devsounio/darwin-atlas-phase-l/build-authorized/_x/link/vivado/vpl/prj/prj.gen/my_rm/bd/ulp/ip/ulp_ict_axi_ctrl_mgmt_01_imp_m02_regslice_0/ulp_ict_axi_ctrl_mgmt_01_imp_m02_regslice_0_clocks.xdc] for cell 'level0_i/level1/level1_i/ulp/ict_axi_ctrl_mgmt_01/m02_couplers/m02_regslice/inst'
Finished Parsing XDC File [/home/devsounio/darwin-atlas-phase-l/build-authorized/_x/link/vivado/vpl/prj/prj.gen/my_rm/bd/ulp/ip/ulp_ict_axi_ctrl_mgmt_01_imp_m02_regslice_0/ulp_ict_axi_ctrl_mgmt_01_imp_m02_regslice_0_clocks.xdc] for cell 'level0_i/level1/level1_i/ulp/ict_axi_ctrl_mgmt_01/m02_couplers/m02_regslice/inst'
Parsing XDC File [/home/devsounio/darwin-atlas-phase-l/build-authorized/_x/link/vivado/vpl/prj/prj.gen/my_rm/bd/ulp/ip/ulp_ict_axi_ctrl_mgmt_01_imp_m03_regslice_0/ulp_ict_axi_ctrl_mgmt_01_imp_m03_regslice_0_clocks.xdc] for cell 'level0_i/level1/level1_i/ulp/ict_axi_ctrl_mgmt_01/m03_couplers/m03_regslice/inst'
Finished Parsing XDC File [/home/devsounio/darwin-atlas-phase-l/build-authorized/_x/link/vivado/vpl/prj/prj.gen/my_rm/bd/ulp/ip/ulp_ict_axi_ctrl_mgmt_01_imp_m03_regslice_0/ulp_ict_axi_ctrl_mgmt_01_imp_m03_regslice_0_clocks.xdc] for cell 'level0_i/level1/level1_i/ulp/ict_axi_ctrl_mgmt_01/m03_couplers/m03_regslice/inst'
Parsing XDC File [/home/devsounio/darwin-atlas-phase-l/build-authorized/_x/link/vivado/vpl/prj/prj.gen/my_rm/bd/ulp/ip/ulp_ict_axi_ctrl_mgmt_01_imp_s00_regslice_0/ulp_ict_axi_ctrl_mgmt_01_imp_s00_regslice_0_clocks.xdc] for cell 'level0_i/level1/level1_i/ulp/ict_axi_ctrl_mgmt_01/s00_couplers/s00_regslice/inst'
Finished Parsing XDC File [/home/devsounio/darwin-atlas-phase-l/build-authorized/_x/link/vivado/vpl/prj/prj.gen/my_rm/bd/ulp/ip/ulp_ict_axi_ctrl_mgmt_01_imp_s00_regslice_0/ulp_ict_axi_ctrl_mgmt_01_imp_s00_regslice_0_clocks.xdc] for cell 'level0_i/level1/level1_i/ulp/ict_axi_ctrl_mgmt_01/s00_couplers/s00_regslice/inst'
Parsing XDC File [/home/devsounio/darwin-atlas-phase-l/build-authorized/_x/link/vivado/vpl/prj/prj.gen/my_rm/bd/ulp/ip/ulp_ict_axi_ctrl_user_00_imp_auto_cc_0/ulp_ict_axi_ctrl_user_00_imp_auto_cc_0_clocks.xdc] for cell 'level0_i/level1/level1_i/ulp/ict_axi_ctrl_user_00/m01_couplers/auto_cc/inst'
Finished Parsing XDC File [/home/devsounio/darwin-atlas-phase-l/build-authorized/_x/link/vivado/vpl/prj/prj.gen/my_rm/bd/ulp/ip/ulp_ict_axi_ctrl_user_00_imp_auto_cc_0/ulp_ict_axi_ctrl_user_00_imp_auto_cc_0_clocks.xdc] for cell 'level0_i/level1/level1_i/ulp/ict_axi_ctrl_user_00/m01_couplers/auto_cc/inst'
Parsing XDC File [/home/devsounio/darwin-atlas-phase-l/build-authorized/_x/link/vivado/vpl/prj/prj.gen/my_rm/bd/ulp/ip/ulp_ict_axi_ctrl_user_00_imp_m00_regslice_0/ulp_ict_axi_ctrl_user_00_imp_m00_regslice_0_clocks.xdc] for cell 'level0_i/level1/level1_i/ulp/ict_axi_ctrl_user_00/m00_couplers/m00_regslice/inst'
Finished Parsing XDC File [/home/devsounio/darwin-atlas-phase-l/build-authorized/_x/link/vivado/vpl/prj/prj.gen/my_rm/bd/ulp/ip/ulp_ict_axi_ctrl_user_00_imp_m00_regslice_0/ulp_ict_axi_ctrl_user_00_imp_m00_regslice_0_clocks.xdc] for cell 'level0_i/level1/level1_i/ulp/ict_axi_ctrl_user_00/m00_couplers/m00_regslice/inst'
Parsing XDC File [/home/devsounio/darwin-atlas-phase-l/build-authorized/_x/link/vivado/vpl/prj/prj.gen/my_rm/bd/ulp/ip/ulp_ict_axi_ctrl_user_00_imp_m01_regslice_0/ulp_ict_axi_ctrl_user_00_imp_m01_regslice_0_clocks.xdc] for cell 'level0_i/level1/level1_i/ulp/ict_axi_ctrl_user_00/m01_couplers/m01_regslice/inst'
Finished Parsing XDC File [/home/devsounio/darwin-atlas-phase-l/build-authorized/_x/link/vivado/vpl/prj/prj.gen/my_rm/bd/ulp/ip/ulp_ict_axi_ctrl_user_00_imp_m01_regslice_0/ulp_ict_axi_ctrl_user_00_imp_m01_regslice_0_clocks.xdc] for cell 'level0_i/level1/level1_i/ulp/ict_axi_ctrl_user_00/m01_couplers/m01_regslice/inst'
Parsing XDC File [/home/devsounio/darwin-atlas-phase-l/build-authorized/_x/link/vivado/vpl/prj/prj.gen/my_rm/bd/ulp/ip/ulp_ict_axi_ctrl_user_00_imp_s00_regslice_0/ulp_ict_axi_ctrl_user_00_imp_s00_regslice_0_clocks.xdc] for cell 'level0_i/level1/level1_i/ulp/ict_axi_ctrl_user_00/s00_couplers/s00_regslice/inst'
Finished Parsing XDC File [/home/devsounio/darwin-atlas-phase-l/build-authorized/_x/link/vivado/vpl/prj/prj.gen/my_rm/bd/ulp/ip/ulp_ict_axi_ctrl_user_00_imp_s00_regslice_0/ulp_ict_axi_ctrl_user_00_imp_s00_regslice_0_clocks.xdc] for cell 'level0_i/level1/level1_i/ulp/ict_axi_ctrl_user_00/s00_couplers/s00_regslice/inst'
Parsing XDC File [/home/devsounio/darwin-atlas-phase-l/build-authorized/_x/link/vivado/vpl/prj/prj.gen/my_rm/bd/ulp/ip/ulp_ict_axi_ctrl_user_01_imp_s00_regslice_0/ulp_ict_axi_ctrl_user_01_imp_s00_regslice_0_clocks.xdc] for cell 'level0_i/level1/level1_i/ulp/ict_axi_ctrl_user_01/s00_couplers/s00_regslice/inst'
Finished Parsing XDC File [/home/devsounio/darwin-atlas-phase-l/build-authorized/_x/link/vivado/vpl/prj/prj.gen/my_rm/bd/ulp/ip/ulp_ict_axi_ctrl_user_01_imp_s00_regslice_0/ulp_ict_axi_ctrl_user_01_imp_s00_regslice_0_clocks.xdc] for cell 'level0_i/level1/level1_i/ulp/ict_axi_ctrl_user_01/s00_couplers/s00_regslice/inst'
Parsing XDC File [/home/devsounio/darwin-atlas-phase-l/build-authorized/_x/link/vivado/vpl/prj/prj.gen/my_rm/bd/ulp/ip/ulp_ict_axi_ctrl_user_02_imp_s00_regslice_0/ulp_ict_axi_ctrl_user_02_imp_s00_regslice_0_clocks.xdc] for cell 'level0_i/level1/level1_i/ulp/ict_axi_ctrl_user_02/s00_couplers/s00_regslice/inst'
Finished Parsing XDC File [/home/devsounio/darwin-atlas-phase-l/build-authorized/_x/link/vivado/vpl/prj/prj.gen/my_rm/bd/ulp/ip/ulp_ict_axi_ctrl_user_02_imp_s00_regslice_0/ulp_ict_axi_ctrl_user_02_imp_s00_regslice_0_clocks.xdc] for cell 'level0_i/level1/level1_i/ulp/ict_axi_ctrl_user_02/s00_couplers/s00_regslice/inst'
Parsing XDC File [/home/devsounio/darwin-atlas-phase-l/build-authorized/_x/link/vivado/vpl/prj/prj.gen/my_rm/bd/ulp/ip/ulp_ict_axi_ctrl_user_03_imp_s00_regslice_0/ulp_ict_axi_ctrl_user_03_imp_s00_regslice_0_clocks.xdc] for cell 'level0_i/level1/level1_i/ulp/ict_axi_ctrl_user_03/s00_couplers/s00_regslice/inst'
Finished Parsing XDC File [/home/devsounio/darwin-atlas-phase-l/build-authorized/_x/link/vivado/vpl/prj/prj.gen/my_rm/bd/ulp/ip/ulp_ict_axi_ctrl_user_03_imp_s00_regslice_0/ulp_ict_axi_ctrl_user_03_imp_s00_regslice_0_clocks.xdc] for cell 'level0_i/level1/level1_i/ulp/ict_axi_ctrl_user_03/s00_couplers/s00_regslice/inst'
Parsing XDC File [/home/devsounio/darwin-atlas-phase-l/build-authorized/_x/link/vivado/vpl/prj/prj.gen/my_rm/bd/ulp/ip/ulp_ict_axi_ctrl_user_debug_00_imp_s00_regslice_0/ulp_ict_axi_ctrl_user_debug_00_imp_s00_regslice_0_clocks.xdc] for cell 'level0_i/level1/level1_i/ulp/ict_axi_ctrl_user_debug_00/s00_couplers/s00_regslice/inst'
Finished Parsing XDC File [/home/devsounio/darwin-atlas-phase-l/build-authorized/_x/link/vivado/vpl/prj/prj.gen/my_rm/bd/ulp/ip/ulp_ict_axi_ctrl_user_debug_00_imp_s00_regslice_0/ulp_ict_axi_ctrl_user_debug_00_imp_s00_regslice_0_clocks.xdc] for cell 'level0_i/level1/level1_i/ulp/ict_axi_ctrl_user_debug_00/s00_couplers/s00_regslice/inst'
Parsing XDC File [/home/devsounio/darwin-atlas-phase-l/build-authorized/_x/link/vivado/vpl/prj/prj.gen/my_rm/bd/ulp/ip/ulp_ict_axi_data_h2c_01_imp_auto_ds_0/ulp_ict_axi_data_h2c_01_imp_auto_ds_0_clocks.xdc] for cell 'level0_i/level1/level1_i/ulp/ict_axi_data_h2c_01/m01_couplers/auto_ds/inst'
Finished Parsing XDC File [/home/devsounio/darwin-atlas-phase-l/build-authorized/_x/link/vivado/vpl/prj/prj.gen/my_rm/bd/ulp/ip/ulp_ict_axi_data_h2c_01_imp_auto_ds_0/ulp_ict_axi_data_h2c_01_imp_auto_ds_0_clocks.xdc] for cell 'level0_i/level1/level1_i/ulp/ict_axi_data_h2c_01/m01_couplers/auto_ds/inst'
Parsing XDC File [/home/devsounio/darwin-atlas-phase-l/build-authorized/_x/link/vivado/vpl/prj/prj.gen/my_rm/bd/ulp/ip/ulp_ict_axi_data_h2c_01_imp_s00_regslice_0/ulp_ict_axi_data_h2c_01_imp_s00_regslice_0_clocks.xdc] for cell 'level0_i/level1/level1_i/ulp/ict_axi_data_h2c_01/s00_couplers/s00_regslice/inst'
Finished Parsing XDC File [/home/devsounio/darwin-atlas-phase-l/build-authorized/_x/link/vivado/vpl/prj/prj.gen/my_rm/bd/ulp/ip/ulp_ict_axi_data_h2c_01_imp_s00_regslice_0/ulp_ict_axi_data_h2c_01_imp_s00_regslice_0_clocks.xdc] for cell 'level0_i/level1/level1_i/ulp/ict_axi_data_h2c_01/s00_couplers/s00_regslice/inst'
Parsing XDC File [/home/devsounio/darwin-atlas-phase-l/build-authorized/_x/link/vivado/vpl/prj/prj.gen/my_rm/bd/ulp/ip/ulp_ii_level1_wire_0/bd_0/ip/ip_7/bd_1860_s_ip_axi_ctrl_mgmt_00_0_clocks.xdc] for cell 'level0_i/level1/level1_i/ulp/ii_level1_wire/inst/pxi_ii_core/inst/s_ip_axi_ctrl_mgmt_00/inst'
Finished Parsing XDC File [/home/devsounio/darwin-atlas-phase-l/build-authorized/_x/link/vivado/vpl/prj/prj.gen/my_rm/bd/ulp/ip/ulp_ii_level1_wire_0/bd_0/ip/ip_7/bd_1860_s_ip_axi_ctrl_mgmt_00_0_clocks.xdc] for cell 'level0_i/level1/level1_i/ulp/ii_level1_wire/inst/pxi_ii_core/inst/s_ip_axi_ctrl_mgmt_00/inst'
Parsing XDC File [/home/devsounio/darwin-atlas-phase-l/build-authorized/_x/link/vivado/vpl/prj/prj.gen/my_rm/bd/ulp/ip/ulp_ii_level1_wire_0/bd_0/ip/ip_8/bd_1860_m_ip_axi_ctrl_mgmt_00_0_clocks.xdc] for cell 'level0_i/level1/level1_i/ulp/ii_level1_wire/inst/pxi_ii_core/inst/m_ip_axi_ctrl_mgmt_00/inst'
Finished Parsing XDC File [/home/devsounio/darwin-atlas-phase-l/build-authorized/_x/link/vivado/vpl/prj/prj.gen/my_rm/bd/ulp/ip/ulp_ii_level1_wire_0/bd_0/ip/ip_8/bd_1860_m_ip_axi_ctrl_mgmt_00_0_clocks.xdc] for cell 'level0_i/level1/level1_i/ulp/ii_level1_wire/inst/pxi_ii_core/inst/m_ip_axi_ctrl_mgmt_00/inst'
Parsing XDC File [/home/devsounio/darwin-atlas-phase-l/build-authorized/_x/link/vivado/vpl/prj/prj.gen/my_rm/bd/ulp/ip/ulp_ii_level1_wire_0/bd_0/ip/ip_9/bd_1860_s_ip_axi_ctrl_mgmt_01_0_clocks.xdc] for cell 'level0_i/level1/level1_i/ulp/ii_level1_wire/inst/pxi_ii_core/inst/s_ip_axi_ctrl_mgmt_01/inst'
Finished Parsing XDC File [/home/devsounio/darwin-atlas-phase-l/build-authorized/_x/link/vivado/vpl/prj/prj.gen/my_rm/bd/ulp/ip/ulp_ii_level1_wire_0/bd_0/ip/ip_9/bd_1860_s_ip_axi_ctrl_mgmt_01_0_clocks.xdc] for cell 'level0_i/level1/level1_i/ulp/ii_level1_wire/inst/pxi_ii_core/inst/s_ip_axi_ctrl_mgmt_01/inst'
Parsing XDC File [/home/devsounio/darwin-atlas-phase-l/build-authorized/_x/link/vivado/vpl/prj/prj.gen/my_rm/bd/ulp/ip/ulp_ii_level1_wire_0/bd_0/ip/ip_10/bd_1860_m_ip_axi_ctrl_mgmt_01_0_clocks.xdc] for cell 'level0_i/level1/level1_i/ulp/ii_level1_wire/inst/pxi_ii_core/inst/m_ip_axi_ctrl_mgmt_01/inst'
Finished Parsing XDC File [/home/devsounio/darwin-atlas-phase-l/build-authorized/_x/link/vivado/vpl/prj/prj.gen/my_rm/bd/ulp/ip/ulp_ii_level1_wire_0/bd_0/ip/ip_10/bd_1860_m_ip_axi_ctrl_mgmt_01_0_clocks.xdc] for cell 'level0_i/level1/level1_i/ulp/ii_level1_wire/inst/pxi_ii_core/inst/m_ip_axi_ctrl_mgmt_01/inst'
Parsing XDC File [/home/devsounio/darwin-atlas-phase-l/build-authorized/_x/link/vivado/vpl/prj/prj.gen/my_rm/bd/ulp/ip/ulp_ii_level1_wire_0/bd_0/ip/ip_11/bd_1860_s_ip_axi_ctrl_user_00_0_clocks.xdc] for cell 'level0_i/level1/level1_i/ulp/ii_level1_wire/inst/pxi_ii_core/inst/s_ip_axi_ctrl_user_00/inst'
Finished Parsing XDC File [/home/devsounio/darwin-atlas-phase-l/build-authorized/_x/link/vivado/vpl/prj/prj.gen/my_rm/bd/ulp/ip/ulp_ii_level1_wire_0/bd_0/ip/ip_11/bd_1860_s_ip_axi_ctrl_user_00_0_clocks.xdc] for cell 'level0_i/level1/level1_i/ulp/ii_level1_wire/inst/pxi_ii_core/inst/s_ip_axi_ctrl_user_00/inst'
Parsing XDC File [/home/devsounio/darwin-atlas-phase-l/build-authorized/_x/link/vivado/vpl/prj/prj.gen/my_rm/bd/ulp/ip/ulp_ii_level1_wire_0/bd_0/ip/ip_12/bd_1860_m_ip_axi_ctrl_user_00_0_clocks.xdc] for cell 'level0_i/level1/level1_i/ulp/ii_level1_wire/inst/pxi_ii_core/inst/m_ip_axi_ctrl_user_00/inst'
Finished Parsing XDC File [/home/devsounio/darwin-atlas-phase-l/build-authorized/_x/link/vivado/vpl/prj/prj.gen/my_rm/bd/ulp/ip/ulp_ii_level1_wire_0/bd_0/ip/ip_12/bd_1860_m_ip_axi_ctrl_user_00_0_clocks.xdc] for cell 'level0_i/level1/level1_i/ulp/ii_level1_wire/inst/pxi_ii_core/inst/m_ip_axi_ctrl_user_00/inst'
Parsing XDC File [/home/devsounio/darwin-atlas-phase-l/build-authorized/_x/link/vivado/vpl/prj/prj.gen/my_rm/bd/ulp/ip/ulp_ii_level1_wire_0/bd_0/ip/ip_13/bd_1860_s_ip_axi_ctrl_user_01_0_clocks.xdc] for cell 'level0_i/level1/level1_i/ulp/ii_level1_wire/inst/pxi_ii_core/inst/s_ip_axi_ctrl_user_01/inst'
Finished Parsing XDC File [/home/devsounio/darwin-atlas-phase-l/build-authorized/_x/link/vivado/vpl/prj/prj.gen/my_rm/bd/ulp/ip/ulp_ii_level1_wire_0/bd_0/ip/ip_13/bd_1860_s_ip_axi_ctrl_user_01_0_clocks.xdc] for cell 'level0_i/level1/level1_i/ulp/ii_level1_wire/inst/pxi_ii_core/inst/s_ip_axi_ctrl_user_01/inst'
Parsing XDC File [/home/devsounio/darwin-atlas-phase-l/build-authorized/_x/link/vivado/vpl/prj/prj.gen/my_rm/bd/ulp/ip/ulp_ii_level1_wire_0/bd_0/ip/ip_14/bd_1860_m_ip_axi_ctrl_user_01_0_clocks.xdc] for cell 'level0_i/level1/level1_i/ulp/ii_level1_wire/inst/pxi_ii_core/inst/m_ip_axi_ctrl_user_01/inst'
Finished Parsing XDC File [/home/devsounio/darwin-atlas-phase-l/build-authorized/_x/link/vivado/vpl/prj/prj.gen/my_rm/bd/ulp/ip/ulp_ii_level1_wire_0/bd_0/ip/ip_14/bd_1860_m_ip_axi_ctrl_user_01_0_clocks.xdc] for cell 'level0_i/level1/level1_i/ulp/ii_level1_wire/inst/pxi_ii_core/inst/m_ip_axi_ctrl_user_01/inst'
Parsing XDC File [/home/devsounio/darwin-atlas-phase-l/build-authorized/_x/link/vivado/vpl/prj/prj.gen/my_rm/bd/ulp/ip/ulp_ii_level1_wire_0/bd_0/ip/ip_15/bd_1860_s_ip_axi_ctrl_user_02_0_clocks.xdc] for cell 'level0_i/level1/level1_i/ulp/ii_level1_wire/inst/pxi_ii_core/inst/s_ip_axi_ctrl_user_02/inst'
Finished Parsing XDC File [/home/devsounio/darwin-atlas-phase-l/build-authorized/_x/link/vivado/vpl/prj/prj.gen/my_rm/bd/ulp/ip/ulp_ii_level1_wire_0/bd_0/ip/ip_15/bd_1860_s_ip_axi_ctrl_user_02_0_clocks.xdc] for cell 'level0_i/level1/level1_i/ulp/ii_level1_wire/inst/pxi_ii_core/inst/s_ip_axi_ctrl_user_02/inst'
Parsing XDC File [/home/devsounio/darwin-atlas-phase-l/build-authorized/_x/link/vivado/vpl/prj/prj.gen/my_rm/bd/ulp/ip/ulp_ii_level1_wire_0/bd_0/ip/ip_16/bd_1860_m_ip_axi_ctrl_user_02_0_clocks.xdc] for cell 'level0_i/level1/level1_i/ulp/ii_level1_wire/inst/pxi_ii_core/inst/m_ip_axi_ctrl_user_02/inst'
Finished Parsing XDC File [/home/devsounio/darwin-atlas-phase-l/build-authorized/_x/link/vivado/vpl/prj/prj.gen/my_rm/bd/ulp/ip/ulp_ii_level1_wire_0/bd_0/ip/ip_16/bd_1860_m_ip_axi_ctrl_user_02_0_clocks.xdc] for cell 'level0_i/level1/level1_i/ulp/ii_level1_wire/inst/pxi_ii_core/inst/m_ip_axi_ctrl_user_02/inst'
Parsing XDC File [/home/devsounio/darwin-atlas-phase-l/build-authorized/_x/link/vivado/vpl/prj/prj.gen/my_rm/bd/ulp/ip/ulp_ii_level1_wire_0/bd_0/ip/ip_17/bd_1860_s_ip_axi_ctrl_user_03_0_clocks.xdc] for cell 'level0_i/level1/level1_i/ulp/ii_level1_wire/inst/pxi_ii_core/inst/s_ip_axi_ctrl_user_03/inst'
Finished Parsing XDC File [/home/devsounio/darwin-atlas-phase-l/build-authorized/_x/link/vivado/vpl/prj/prj.gen/my_rm/bd/ulp/ip/ulp_ii_level1_wire_0/bd_0/ip/ip_17/bd_1860_s_ip_axi_ctrl_user_03_0_clocks.xdc] for cell 'level0_i/level1/level1_i/ulp/ii_level1_wire/inst/pxi_ii_core/inst/s_ip_axi_ctrl_user_03/inst'
Parsing XDC File [/home/devsounio/darwin-atlas-phase-l/build-authorized/_x/link/vivado/vpl/prj/prj.gen/my_rm/bd/ulp/ip/ulp_ii_level1_wire_0/bd_0/ip/ip_18/bd_1860_m_ip_axi_ctrl_user_03_0_clocks.xdc] for cell 'level0_i/level1/level1_i/ulp/ii_level1_wire/inst/pxi_ii_core/inst/m_ip_axi_ctrl_user_03/inst'
Finished Parsing XDC File [/home/devsounio/darwin-atlas-phase-l/build-authorized/_x/link/vivado/vpl/prj/prj.gen/my_rm/bd/ulp/ip/ulp_ii_level1_wire_0/bd_0/ip/ip_18/bd_1860_m_ip_axi_ctrl_user_03_0_clocks.xdc] for cell 'level0_i/level1/level1_i/ulp/ii_level1_wire/inst/pxi_ii_core/inst/m_ip_axi_ctrl_user_03/inst'
Parsing XDC File [/home/devsounio/darwin-atlas-phase-l/build-authorized/_x/link/vivado/vpl/prj/prj.gen/my_rm/bd/ulp/ip/ulp_ii_level1_wire_0/bd_0/ip/ip_19/bd_1860_s_ip_axi_ctrl_user_debug_00_0_clocks.xdc] for cell 'level0_i/level1/level1_i/ulp/ii_level1_wire/inst/pxi_ii_core/inst/s_ip_axi_ctrl_user_debug_00/inst'
Finished Parsing XDC File [/home/devsounio/darwin-atlas-phase-l/build-authorized/_x/link/vivado/vpl/prj/prj.gen/my_rm/bd/ulp/ip/ulp_ii_level1_wire_0/bd_0/ip/ip_19/bd_1860_s_ip_axi_ctrl_user_debug_00_0_clocks.xdc] for cell 'level0_i/level1/level1_i/ulp/ii_level1_wire/inst/pxi_ii_core/inst/s_ip_axi_ctrl_user_debug_00/inst'
Parsing XDC File [/home/devsounio/darwin-atlas-phase-l/build-authorized/_x/link/vivado/vpl/prj/prj.gen/my_rm/bd/ulp/ip/ulp_ii_level1_wire_0/bd_0/ip/ip_20/bd_1860_m_ip_axi_ctrl_user_debug_00_0_clocks.xdc] for cell 'level0_i/level1/level1_i/ulp/ii_level1_wire/inst/pxi_ii_core/inst/m_ip_axi_ctrl_user_debug_00/inst'
Finished Parsing XDC File [/home/devsounio/darwin-atlas-phase-l/build-authorized/_x/link/vivado/vpl/prj/prj.gen/my_rm/bd/ulp/ip/ulp_ii_level1_wire_0/bd_0/ip/ip_20/bd_1860_m_ip_axi_ctrl_user_debug_00_0_clocks.xdc] for cell 'level0_i/level1/level1_i/ulp/ii_level1_wire/inst/pxi_ii_core/inst/m_ip_axi_ctrl_user_debug_00/inst'
Parsing XDC File [/home/devsounio/darwin-atlas-phase-l/build-authorized/_x/link/vivado/vpl/prj/prj.gen/my_rm/bd/ulp/ip/ulp_ii_level1_wire_0/bd_0/ip/ip_21/bd_1860_s_ip_axi_data_c2h_00_0_clocks.xdc] for cell 'level0_i/level1/level1_i/ulp/ii_level1_wire/inst/pxi_ii_core/inst/s_ip_axi_data_c2h_00/inst'
Finished Parsing XDC File [/home/devsounio/darwin-atlas-phase-l/build-authorized/_x/link/vivado/vpl/prj/prj.gen/my_rm/bd/ulp/ip/ulp_ii_level1_wire_0/bd_0/ip/ip_21/bd_1860_s_ip_axi_data_c2h_00_0_clocks.xdc] for cell 'level0_i/level1/level1_i/ulp/ii_level1_wire/inst/pxi_ii_core/inst/s_ip_axi_data_c2h_00/inst'
Parsing XDC File [/home/devsounio/darwin-atlas-phase-l/build-authorized/_x/link/vivado/vpl/prj/prj.gen/my_rm/bd/ulp/ip/ulp_ii_level1_wire_0/bd_0/ip/ip_22/bd_1860_m_ip_axi_data_c2h_00_0_clocks.xdc] for cell 'level0_i/level1/level1_i/ulp/ii_level1_wire/inst/pxi_ii_core/inst/m_ip_axi_data_c2h_00/inst'
Finished Parsing XDC File [/home/devsounio/darwin-atlas-phase-l/build-authorized/_x/link/vivado/vpl/prj/prj.gen/my_rm/bd/ulp/ip/ulp_ii_level1_wire_0/bd_0/ip/ip_22/bd_1860_m_ip_axi_data_c2h_00_0_clocks.xdc] for cell 'level0_i/level1/level1_i/ulp/ii_level1_wire/inst/pxi_ii_core/inst/m_ip_axi_data_c2h_00/inst'
Parsing XDC File [/home/devsounio/darwin-atlas-phase-l/build-authorized/_x/link/vivado/vpl/prj/prj.gen/my_rm/bd/ulp/ip/ulp_ii_level1_wire_0/bd_0/ip/ip_23/bd_1860_s_ip_axi_data_h2c_00_0_clocks.xdc] for cell 'level0_i/level1/level1_i/ulp/ii_level1_wire/inst/pxi_ii_core/inst/s_ip_axi_data_h2c_00/inst'
Finished Parsing XDC File [/home/devsounio/darwin-atlas-phase-l/build-authorized/_x/link/vivado/vpl/prj/prj.gen/my_rm/bd/ulp/ip/ulp_ii_level1_wire_0/bd_0/ip/ip_23/bd_1860_s_ip_axi_data_h2c_00_0_clocks.xdc] for cell 'level0_i/level1/level1_i/ulp/ii_level1_wire/inst/pxi_ii_core/inst/s_ip_axi_data_h2c_00/inst'
Parsing XDC File [/home/devsounio/darwin-atlas-phase-l/build-authorized/_x/link/vivado/vpl/prj/prj.gen/my_rm/bd/ulp/ip/ulp_ii_level1_wire_0/bd_0/ip/ip_24/bd_1860_m_ip_axi_data_h2c_00_0_clocks.xdc] for cell 'level0_i/level1/level1_i/ulp/ii_level1_wire/inst/pxi_ii_core/inst/m_ip_axi_data_h2c_00/inst'
Finished Parsing XDC File [/home/devsounio/darwin-atlas-phase-l/build-authorized/_x/link/vivado/vpl/prj/prj.gen/my_rm/bd/ulp/ip/ulp_ii_level1_wire_0/bd_0/ip/ip_24/bd_1860_m_ip_axi_data_h2c_00_0_clocks.xdc] for cell 'level0_i/level1/level1_i/ulp/ii_level1_wire/inst/pxi_ii_core/inst/m_ip_axi_data_h2c_00/inst'
Parsing XDC File [/home/devsounio/darwin-atlas-phase-l/build-authorized/_x/link/vivado/vpl/prj/prj.gen/my_rm/bd/ulp/ip/ulp_ii_level1_wire_0/bd_0/ip/ip_25/bd_1860_s_ip_axi_data_h2c_01_0_clocks.xdc] for cell 'level0_i/level1/level1_i/ulp/ii_level1_wire/inst/pxi_ii_core/inst/s_ip_axi_data_h2c_01/inst'
Finished Parsing XDC File [/home/devsounio/darwin-atlas-phase-l/build-authorized/_x/link/vivado/vpl/prj/prj.gen/my_rm/bd/ulp/ip/ulp_ii_level1_wire_0/bd_0/ip/ip_25/bd_1860_s_ip_axi_data_h2c_01_0_clocks.xdc] for cell 'level0_i/level1/level1_i/ulp/ii_level1_wire/inst/pxi_ii_core/inst/s_ip_axi_data_h2c_01/inst'
Parsing XDC File [/home/devsounio/darwin-atlas-phase-l/build-authorized/_x/link/vivado/vpl/prj/prj.gen/my_rm/bd/ulp/ip/ulp_ii_level1_wire_0/bd_0/ip/ip_26/bd_1860_m_ip_axi_data_h2c_01_0_clocks.xdc] for cell 'level0_i/level1/level1_i/ulp/ii_level1_wire/inst/pxi_ii_core/inst/m_ip_axi_data_h2c_01/inst'
Finished Parsing XDC File [/home/devsounio/darwin-atlas-phase-l/build-authorized/_x/link/vivado/vpl/prj/prj.gen/my_rm/bd/ulp/ip/ulp_ii_level1_wire_0/bd_0/ip/ip_26/bd_1860_m_ip_axi_data_h2c_01_0_clocks.xdc] for cell 'level0_i/level1/level1_i/ulp/ii_level1_wire/inst/pxi_ii_core/inst/m_ip_axi_data_h2c_01/inst'
Parsing XDC File [/home/devsounio/darwin-atlas-phase-l/build-authorized/_x/link/vivado/vpl/prj/prj.gen/my_rm/bd/ulp/ip/ulp_ii_level1_wire_0/bd_0/ip/ip_27/bd_1860_s_ip_axi_data_h2c_02_0_clocks.xdc] for cell 'level0_i/level1/level1_i/ulp/ii_level1_wire/inst/pxi_ii_core/inst/s_ip_axi_data_h2c_02/inst'
Finished Parsing XDC File [/home/devsounio/darwin-atlas-phase-l/build-authorized/_x/link/vivado/vpl/prj/prj.gen/my_rm/bd/ulp/ip/ulp_ii_level1_wire_0/bd_0/ip/ip_27/bd_1860_s_ip_axi_data_h2c_02_0_clocks.xdc] for cell 'level0_i/level1/level1_i/ulp/ii_level1_wire/inst/pxi_ii_core/inst/s_ip_axi_data_h2c_02/inst'
Parsing XDC File [/home/devsounio/darwin-atlas-phase-l/build-authorized/_x/link/vivado/vpl/prj/prj.gen/my_rm/bd/ulp/ip/ulp_ii_level1_wire_0/bd_0/ip/ip_28/bd_1860_m_ip_axi_data_h2c_02_0_clocks.xdc] for cell 'level0_i/level1/level1_i/ulp/ii_level1_wire/inst/pxi_ii_core/inst/m_ip_axi_data_h2c_02/inst'
Finished Parsing XDC File [/home/devsounio/darwin-atlas-phase-l/build-authorized/_x/link/vivado/vpl/prj/prj.gen/my_rm/bd/ulp/ip/ulp_ii_level1_wire_0/bd_0/ip/ip_28/bd_1860_m_ip_axi_data_h2c_02_0_clocks.xdc] for cell 'level0_i/level1/level1_i/ulp/ii_level1_wire/inst/pxi_ii_core/inst/m_ip_axi_data_h2c_02/inst'
Parsing XDC File [/home/devsounio/darwin-atlas-phase-l/build-authorized/_x/link/vivado/vpl/prj/prj.gen/my_rm/bd/ulp/ip/ulp_ii_level1_wire_0/bd_0/ip/ip_29/bd_1860_s_ip_axi_data_h2c_03_0_clocks.xdc] for cell 'level0_i/level1/level1_i/ulp/ii_level1_wire/inst/pxi_ii_core/inst/s_ip_axi_data_h2c_03/inst'
Finished Parsing XDC File [/home/devsounio/darwin-atlas-phase-l/build-authorized/_x/link/vivado/vpl/prj/prj.gen/my_rm/bd/ulp/ip/ulp_ii_level1_wire_0/bd_0/ip/ip_29/bd_1860_s_ip_axi_data_h2c_03_0_clocks.xdc] for cell 'level0_i/level1/level1_i/ulp/ii_level1_wire/inst/pxi_ii_core/inst/s_ip_axi_data_h2c_03/inst'
Parsing XDC File [/home/devsounio/darwin-atlas-phase-l/build-authorized/_x/link/vivado/vpl/prj/prj.gen/my_rm/bd/ulp/ip/ulp_ii_level1_wire_0/bd_0/ip/ip_30/bd_1860_m_ip_axi_data_h2c_03_0_clocks.xdc] for cell 'level0_i/level1/level1_i/ulp/ii_level1_wire/inst/pxi_ii_core/inst/m_ip_axi_data_h2c_03/inst'
Finished Parsing XDC File [/home/devsounio/darwin-atlas-phase-l/build-authorized/_x/link/vivado/vpl/prj/prj.gen/my_rm/bd/ulp/ip/ulp_ii_level1_wire_0/bd_0/ip/ip_30/bd_1860_m_ip_axi_data_h2c_03_0_clocks.xdc] for cell 'level0_i/level1/level1_i/ulp/ii_level1_wire/inst/pxi_ii_core/inst/m_ip_axi_data_h2c_03/inst'
Parsing XDC File [/home/devsounio/darwin-atlas-phase-l/build-authorized/_x/link/vivado/vpl/prj/prj.gen/my_rm/bd/ulp/ip/ulp_ii_level1_wire_0/bd_0/ip/ip_31/bd_1860_s_ip_axi_data_u2s_00_0_clocks.xdc] for cell 'level0_i/level1/level1_i/ulp/ii_level1_wire/inst/pxi_ii_core/inst/s_ip_axi_data_u2s_00/inst'
Finished Parsing XDC File [/home/devsounio/darwin-atlas-phase-l/build-authorized/_x/link/vivado/vpl/prj/prj.gen/my_rm/bd/ulp/ip/ulp_ii_level1_wire_0/bd_0/ip/ip_31/bd_1860_s_ip_axi_data_u2s_00_0_clocks.xdc] for cell 'level0_i/level1/level1_i/ulp/ii_level1_wire/inst/pxi_ii_core/inst/s_ip_axi_data_u2s_00/inst'
Parsing XDC File [/home/devsounio/darwin-atlas-phase-l/build-authorized/_x/link/vivado/vpl/prj/prj.gen/my_rm/bd/ulp/ip/ulp_ii_level1_wire_0/bd_0/ip/ip_32/bd_1860_m_ip_axi_data_u2s_00_0_clocks.xdc] for cell 'level0_i/level1/level1_i/ulp/ii_level1_wire/inst/pxi_ii_core/inst/m_ip_axi_data_u2s_00/inst'
Finished Parsing XDC File [/home/devsounio/darwin-atlas-phase-l/build-authorized/_x/link/vivado/vpl/prj/prj.gen/my_rm/bd/ulp/ip/ulp_ii_level1_wire_0/bd_0/ip/ip_32/bd_1860_m_ip_axi_data_u2s_00_0_clocks.xdc] for cell 'level0_i/level1/level1_i/ulp/ii_level1_wire/inst/pxi_ii_core/inst/m_ip_axi_data_u2s_00/inst'
Parsing XDC File [/home/devsounio/darwin-atlas-phase-l/build-authorized/_x/link/vivado/vpl/prj/prj.gen/my_rm/bd/ulp/ip/ulp_ip_cc_axi_data_h2c_00_0/ulp_ip_cc_axi_data_h2c_00_0_clocks.xdc] for cell 'level0_i/level1/level1_i/ulp/ip_cc_axi_data_h2c_00/inst'
Finished Parsing XDC File [/home/devsounio/darwin-atlas-phase-l/build-authorized/_x/link/vivado/vpl/prj/prj.gen/my_rm/bd/ulp/ip/ulp_ip_cc_axi_data_h2c_00_0/ulp_ip_cc_axi_data_h2c_00_0_clocks.xdc] for cell 'level0_i/level1/level1_i/ulp/ip_cc_axi_data_h2c_00/inst'
Parsing XDC File [/home/devsounio/darwin-atlas-phase-l/build-authorized/_x/link/vivado/vpl/prj/prj.gen/my_rm/bd/ulp/ip/ulp_ip_cc_axi_data_h2c_00_0/ulp_ip_cc_axi_data_h2c_00_0_slr.xdc] for cell 'level0_i/level1/level1_i/ulp/ip_cc_axi_data_h2c_00/inst'
INFO: [Vivado 12-3520] Assignment of 'gen_clock_conv.gen_async_conv.asyncfifo_axi, VCC, GND, and gen_clock_conv.gen_async_conv.asyncfifo_axi_i_1' to a pblock 'pblock_dynamic_SLR0' means that all children of 'inst' are in the pblock. Changing the pblock assignment to 'inst'. [/home/devsounio/darwin-atlas-phase-l/build-authorized/_x/link/vivado/vpl/prj/prj.gen/my_rm/bd/ulp/ip/ulp_ip_cc_axi_data_h2c_00_0/ulp_ip_cc_axi_data_h2c_00_0_slr.xdc:55]
Finished Parsing XDC File [/home/devsounio/darwin-atlas-phase-l/build-authorized/_x/link/vivado/vpl/prj/prj.gen/my_rm/bd/ulp/ip/ulp_ip_cc_axi_data_h2c_00_0/ulp_ip_cc_axi_data_h2c_00_0_slr.xdc] for cell 'level0_i/level1/level1_i/ulp/ip_cc_axi_data_h2c_00/inst'
Parsing XDC File [/home/devsounio/darwin-atlas-phase-l/build-authorized/_x/link/vivado/vpl/prj/prj.gen/my_rm/bd/ulp/ip/ulp_ip_cc_axi_data_h2c_01_0/ulp_ip_cc_axi_data_h2c_01_0_clocks.xdc] for cell 'level0_i/level1/level1_i/ulp/ip_cc_axi_data_h2c_01/inst'
Finished Parsing XDC File [/home/devsounio/darwin-atlas-phase-l/build-authorized/_x/link/vivado/vpl/prj/prj.gen/my_rm/bd/ulp/ip/ulp_ip_cc_axi_data_h2c_01_0/ulp_ip_cc_axi_data_h2c_01_0_clocks.xdc] for cell 'level0_i/level1/level1_i/ulp/ip_cc_axi_data_h2c_01/inst'
Parsing XDC File [/home/devsounio/darwin-atlas-phase-l/build-authorized/_x/link/vivado/vpl/prj/prj.gen/my_rm/bd/ulp/ip/ulp_ip_cc_axi_data_h2c_01_0/ulp_ip_cc_axi_data_h2c_01_0_slr.xdc] for cell 'level0_i/level1/level1_i/ulp/ip_cc_axi_data_h2c_01/inst'
INFO: [Vivado 12-3520] Assignment of 'gen_clock_conv.gen_async_conv.asyncfifo_axi, VCC, GND, and gen_clock_conv.gen_async_conv.asyncfifo_axi_i_1' to a pblock 'pblock_dynamic_SLR1' means that all children of 'inst' are in the pblock. Changing the pblock assignment to 'inst'. [/home/devsounio/darwin-atlas-phase-l/build-authorized/_x/link/vivado/vpl/prj/prj.gen/my_rm/bd/ulp/ip/ulp_ip_cc_axi_data_h2c_01_0/ulp_ip_cc_axi_data_h2c_01_0_slr.xdc:55]
Finished Parsing XDC File [/home/devsounio/darwin-atlas-phase-l/build-authorized/_x/link/vivado/vpl/prj/prj.gen/my_rm/bd/ulp/ip/ulp_ip_cc_axi_data_h2c_01_0/ulp_ip_cc_axi_data_h2c_01_0_slr.xdc] for cell 'level0_i/level1/level1_i/ulp/ip_cc_axi_data_h2c_01/inst'
Parsing XDC File [/home/devsounio/darwin-atlas-phase-l/build-authorized/_x/link/vivado/vpl/prj/prj.gen/my_rm/bd/ulp/ip/ulp_ip_cc_axi_data_h2c_02_0/ulp_ip_cc_axi_data_h2c_02_0_clocks.xdc] for cell 'level0_i/level1/level1_i/ulp/ip_cc_axi_data_h2c_02/inst'
Finished Parsing XDC File [/home/devsounio/darwin-atlas-phase-l/build-authorized/_x/link/vivado/vpl/prj/prj.gen/my_rm/bd/ulp/ip/ulp_ip_cc_axi_data_h2c_02_0/ulp_ip_cc_axi_data_h2c_02_0_clocks.xdc] for cell 'level0_i/level1/level1_i/ulp/ip_cc_axi_data_h2c_02/inst'
Parsing XDC File [/home/devsounio/darwin-atlas-phase-l/build-authorized/_x/link/vivado/vpl/prj/prj.gen/my_rm/bd/ulp/ip/ulp_ip_cc_axi_data_h2c_02_0/ulp_ip_cc_axi_data_h2c_02_0_slr.xdc] for cell 'level0_i/level1/level1_i/ulp/ip_cc_axi_data_h2c_02/inst'
INFO: [Vivado 12-3520] Assignment of 'gen_clock_conv.gen_async_conv.asyncfifo_axi, VCC, GND, and gen_clock_conv.gen_async_conv.asyncfifo_axi_i_1' to a pblock 'pblock_dynamic_SLR2' means that all children of 'inst' are in the pblock. Changing the pblock assignment to 'inst'. [/home/devsounio/darwin-atlas-phase-l/build-authorized/_x/link/vivado/vpl/prj/prj.gen/my_rm/bd/ulp/ip/ulp_ip_cc_axi_data_h2c_02_0/ulp_ip_cc_axi_data_h2c_02_0_slr.xdc:55]
Finished Parsing XDC File [/home/devsounio/darwin-atlas-phase-l/build-authorized/_x/link/vivado/vpl/prj/prj.gen/my_rm/bd/ulp/ip/ulp_ip_cc_axi_data_h2c_02_0/ulp_ip_cc_axi_data_h2c_02_0_slr.xdc] for cell 'level0_i/level1/level1_i/ulp/ip_cc_axi_data_h2c_02/inst'
Parsing XDC File [/home/devsounio/darwin-atlas-phase-l/build-authorized/_x/link/vivado/vpl/prj/prj.gen/my_rm/bd/ulp/ip/ulp_ip_cc_axi_data_h2c_03_0/ulp_ip_cc_axi_data_h2c_03_0_clocks.xdc] for cell 'level0_i/level1/level1_i/ulp/ip_cc_axi_data_h2c_03/inst'
Finished Parsing XDC File [/home/devsounio/darwin-atlas-phase-l/build-authorized/_x/link/vivado/vpl/prj/prj.gen/my_rm/bd/ulp/ip/ulp_ip_cc_axi_data_h2c_03_0/ulp_ip_cc_axi_data_h2c_03_0_clocks.xdc] for cell 'level0_i/level1/level1_i/ulp/ip_cc_axi_data_h2c_03/inst'
Parsing XDC File [/home/devsounio/darwin-atlas-phase-l/build-authorized/_x/link/vivado/vpl/prj/prj.gen/my_rm/bd/ulp/ip/ulp_ip_cc_axi_data_h2c_03_0/ulp_ip_cc_axi_data_h2c_03_0_slr.xdc] for cell 'level0_i/level1/level1_i/ulp/ip_cc_axi_data_h2c_03/inst'
INFO: [Vivado 12-3520] Assignment of 'gen_clock_conv.gen_async_conv.asyncfifo_axi, VCC, GND, and gen_clock_conv.gen_async_conv.asyncfifo_axi_i_1' to a pblock 'pblock_dynamic_SLR3' means that all children of 'inst' are in the pblock. Changing the pblock assignment to 'inst'. [/home/devsounio/darwin-atlas-phase-l/build-authorized/_x/link/vivado/vpl/prj/prj.gen/my_rm/bd/ulp/ip/ulp_ip_cc_axi_data_h2c_03_0/ulp_ip_cc_axi_data_h2c_03_0_slr.xdc:55]
Finished Parsing XDC File [/home/devsounio/darwin-atlas-phase-l/build-authorized/_x/link/vivado/vpl/prj/prj.gen/my_rm/bd/ulp/ip/ulp_ip_cc_axi_data_h2c_03_0/ulp_ip_cc_axi_data_h2c_03_0_slr.xdc] for cell 'level0_i/level1/level1_i/ulp/ip_cc_axi_data_h2c_03/inst'
Parsing XDC File [/home/devsounio/darwin-atlas-phase-l/build-authorized/_x/link/vivado/vpl/prj/prj.gen/my_rm/bd/ulp/ip/ulp_ip_gpio_debug_axi_ctrl_mgmt_00_0/ulp_ip_gpio_debug_axi_ctrl_mgmt_00_0_slr.xdc] for cell 'level0_i/level1/level1_i/ulp/ip_gpio_debug_axi_ctrl_mgmt_00/U0'
INFO: [Vivado 12-3520] Assignment of 'AXI_LITE_IPIF_I, GND, VCC, gpio_core_1, ip2bus_data_i_D1_reg[0], ip2bus_data_i_D1_reg[10], ip2bus_data_i_D1_reg[11], ip2bus_data_i_D1_reg[14], ip2bus_data_i_D1_reg[12], ip2bus_data_i_D1_reg[17], ip2bus_data_i_D1_reg[13], ip2bus_data_i_D1_reg[15], ip2bus_data_i_D1_reg[16], ip2bus_data_i_D1_reg[18], ip2bus_data_i_D1_reg[19], ip2bus_data_i_D1_reg[1], ip2bus_data_i_D1_reg[20], ip2bus_data_i_D1_reg[21], ip2bus_data_i_D1_reg[22], ip2bus_data_i_D1_reg[23], ip2bus_data_i_D1_reg[24], ip2bus_data_i_D1_reg[25], ip2bus_data_i_D1_reg[26], ip2bus_data_i_D1_reg[27], ip2bus_data_i_D1_reg[28], ip2bus_data_i_D1_reg[29], ip2bus_data_i_D1_reg[2], ip2bus_data_i_D1_reg[30], ip2bus_data_i_D1_reg[31], ip2bus_data_i_D1_reg[3], ip2bus_data_i_D1_reg[4], ip2bus_data_i_D1_reg[5], ip2bus_data_i_D1_reg[6], ip2bus_data_i_D1_reg[7], ip2bus_data_i_D1_reg[8], ip2bus_data_i_D1_reg[9], ip2bus_rdack_i_D1_reg, and ip2bus_wrack_i_D1_reg' to a pblock 'pblock_dynamic_SLR0' means that all children of 'U0' are in the pblock. Changing the pblock assignment to 'U0'. [/home/devsounio/darwin-atlas-phase-l/build-authorized/_x/link/vivado/vpl/prj/prj.gen/my_rm/bd/ulp/ip/ulp_ip_gpio_debug_axi_ctrl_mgmt_00_0/ulp_ip_gpio_debug_axi_ctrl_mgmt_00_0_slr.xdc:55]
Finished Parsing XDC File [/home/devsounio/darwin-atlas-phase-l/build-authorized/_x/link/vivado/vpl/prj/prj.gen/my_rm/bd/ulp/ip/ulp_ip_gpio_debug_axi_ctrl_mgmt_00_0/ulp_ip_gpio_debug_axi_ctrl_mgmt_00_0_slr.xdc] for cell 'level0_i/level1/level1_i/ulp/ip_gpio_debug_axi_ctrl_mgmt_00/U0'
Parsing XDC File [/home/devsounio/darwin-atlas-phase-l/build-authorized/_x/link/vivado/vpl/prj/prj.gen/my_rm/bd/ulp/ip/ulp_ip_gpio_debug_axi_ctrl_mgmt_01_0/ulp_ip_gpio_debug_axi_ctrl_mgmt_01_0_slr.xdc] for cell 'level0_i/level1/level1_i/ulp/ip_gpio_debug_axi_ctrl_mgmt_01/U0'
INFO: [Vivado 12-3520] Assignment of 'AXI_LITE_IPIF_I, GND, VCC, gpio_core_1, ip2bus_data_i_D1_reg[0], ip2bus_data_i_D1_reg[10], ip2bus_data_i_D1_reg[11], ip2bus_data_i_D1_reg[14], ip2bus_data_i_D1_reg[12], ip2bus_data_i_D1_reg[17], ip2bus_data_i_D1_reg[13], ip2bus_data_i_D1_reg[15], ip2bus_data_i_D1_reg[16], ip2bus_data_i_D1_reg[18], ip2bus_data_i_D1_reg[19], ip2bus_data_i_D1_reg[1], ip2bus_data_i_D1_reg[20], ip2bus_data_i_D1_reg[21], ip2bus_data_i_D1_reg[22], ip2bus_data_i_D1_reg[23], ip2bus_data_i_D1_reg[24], ip2bus_data_i_D1_reg[25], ip2bus_data_i_D1_reg[26], ip2bus_data_i_D1_reg[27], ip2bus_data_i_D1_reg[28], ip2bus_data_i_D1_reg[29], ip2bus_data_i_D1_reg[2], ip2bus_data_i_D1_reg[30], ip2bus_data_i_D1_reg[31], ip2bus_data_i_D1_reg[3], ip2bus_data_i_D1_reg[4], ip2bus_data_i_D1_reg[5], ip2bus_data_i_D1_reg[6], ip2bus_data_i_D1_reg[7], ip2bus_data_i_D1_reg[8], ip2bus_data_i_D1_reg[9], ip2bus_rdack_i_D1_reg, and ip2bus_wrack_i_D1_reg' to a pblock 'pblock_dynamic_SLR2' means that all children of 'U0' are in the pblock. Changing the pblock assignment to 'U0'. [/home/devsounio/darwin-atlas-phase-l/build-authorized/_x/link/vivado/vpl/prj/prj.gen/my_rm/bd/ulp/ip/ulp_ip_gpio_debug_axi_ctrl_mgmt_01_0/ulp_ip_gpio_debug_axi_ctrl_mgmt_01_0_slr.xdc:55]
Finished Parsing XDC File [/home/devsounio/darwin-atlas-phase-l/build-authorized/_x/link/vivado/vpl/prj/prj.gen/my_rm/bd/ulp/ip/ulp_ip_gpio_debug_axi_ctrl_mgmt_01_0/ulp_ip_gpio_debug_axi_ctrl_mgmt_01_0_slr.xdc] for cell 'level0_i/level1/level1_i/ulp/ip_gpio_debug_axi_ctrl_mgmt_01/U0'
Parsing XDC File [/home/devsounio/darwin-atlas-phase-l/build-authorized/_x/link/vivado/vpl/prj/prj.gen/my_rm/bd/ulp/ip/ulp_ip_gpio_debug_axi_ctrl_user_00_0/ulp_ip_gpio_debug_axi_ctrl_user_00_0_slr.xdc] for cell 'level0_i/level1/level1_i/ulp/ip_gpio_debug_axi_ctrl_user_00/U0'
INFO: [Vivado 12-3520] Assignment of 'AXI_LITE_IPIF_I, GND, VCC, gpio_core_1, ip2bus_data_i_D1_reg[0], ip2bus_data_i_D1_reg[10], ip2bus_data_i_D1_reg[11], ip2bus_data_i_D1_reg[14], ip2bus_data_i_D1_reg[12], ip2bus_data_i_D1_reg[17], ip2bus_data_i_D1_reg[13], ip2bus_data_i_D1_reg[15], ip2bus_data_i_D1_reg[16], ip2bus_data_i_D1_reg[18], ip2bus_data_i_D1_reg[19], ip2bus_data_i_D1_reg[1], ip2bus_data_i_D1_reg[20], ip2bus_data_i_D1_reg[21], ip2bus_data_i_D1_reg[22], ip2bus_data_i_D1_reg[23], ip2bus_data_i_D1_reg[24], ip2bus_data_i_D1_reg[25], ip2bus_data_i_D1_reg[26], ip2bus_data_i_D1_reg[27], ip2bus_data_i_D1_reg[28], ip2bus_data_i_D1_reg[29], ip2bus_data_i_D1_reg[2], ip2bus_data_i_D1_reg[30], ip2bus_data_i_D1_reg[31], ip2bus_data_i_D1_reg[3], ip2bus_data_i_D1_reg[4], ip2bus_data_i_D1_reg[5], ip2bus_data_i_D1_reg[6], ip2bus_data_i_D1_reg[7], ip2bus_data_i_D1_reg[8], ip2bus_data_i_D1_reg[9], ip2bus_rdack_i_D1_reg, and ip2bus_wrack_i_D1_reg' to a pblock 'pblock_dynamic_SLR0' means that all children of 'U0' are in the pblock. Changing the pblock assignment to 'U0'. [/home/devsounio/darwin-atlas-phase-l/build-authorized/_x/link/vivado/vpl/prj/prj.gen/my_rm/bd/ulp/ip/ulp_ip_gpio_debug_axi_ctrl_user_00_0/ulp_ip_gpio_debug_axi_ctrl_user_00_0_slr.xdc:55]
Finished Parsing XDC File [/home/devsounio/darwin-atlas-phase-l/build-authorized/_x/link/vivado/vpl/prj/prj.gen/my_rm/bd/ulp/ip/ulp_ip_gpio_debug_axi_ctrl_user_00_0/ulp_ip_gpio_debug_axi_ctrl_user_00_0_slr.xdc] for cell 'level0_i/level1/level1_i/ulp/ip_gpio_debug_axi_ctrl_user_00/U0'
Parsing XDC File [/home/devsounio/darwin-atlas-phase-l/build-authorized/_x/link/vivado/vpl/prj/prj.gen/my_rm/bd/ulp/ip/ulp_ip_gpio_debug_axi_ctrl_user_01_0/ulp_ip_gpio_debug_axi_ctrl_user_01_0_slr.xdc] for cell 'level0_i/level1/level1_i/ulp/ip_gpio_debug_axi_ctrl_user_01/U0'
INFO: [Vivado 12-3520] Assignment of 'AXI_LITE_IPIF_I, GND, VCC, gpio_core_1, ip2bus_data_i_D1_reg[0], ip2bus_data_i_D1_reg[10], ip2bus_data_i_D1_reg[11], ip2bus_data_i_D1_reg[14], ip2bus_data_i_D1_reg[12], ip2bus_data_i_D1_reg[17], ip2bus_data_i_D1_reg[13], ip2bus_data_i_D1_reg[15], ip2bus_data_i_D1_reg[16], ip2bus_data_i_D1_reg[18], ip2bus_data_i_D1_reg[19], ip2bus_data_i_D1_reg[1], ip2bus_data_i_D1_reg[20], ip2bus_data_i_D1_reg[21], ip2bus_data_i_D1_reg[22], ip2bus_data_i_D1_reg[23], ip2bus_data_i_D1_reg[24], ip2bus_data_i_D1_reg[25], ip2bus_data_i_D1_reg[26], ip2bus_data_i_D1_reg[27], ip2bus_data_i_D1_reg[28], ip2bus_data_i_D1_reg[29], ip2bus_data_i_D1_reg[2], ip2bus_data_i_D1_reg[30], ip2bus_data_i_D1_reg[31], ip2bus_data_i_D1_reg[3], ip2bus_data_i_D1_reg[4], ip2bus_data_i_D1_reg[5], ip2bus_data_i_D1_reg[6], ip2bus_data_i_D1_reg[7], ip2bus_data_i_D1_reg[8], ip2bus_data_i_D1_reg[9], ip2bus_rdack_i_D1_reg, and ip2bus_wrack_i_D1_reg' to a pblock 'pblock_dynamic_SLR1' means that all children of 'U0' are in the pblock. Changing the pblock assignment to 'U0'. [/home/devsounio/darwin-atlas-phase-l/build-authorized/_x/link/vivado/vpl/prj/prj.gen/my_rm/bd/ulp/ip/ulp_ip_gpio_debug_axi_ctrl_user_01_0/ulp_ip_gpio_debug_axi_ctrl_user_01_0_slr.xdc:55]
Finished Parsing XDC File [/home/devsounio/darwin-atlas-phase-l/build-authorized/_x/link/vivado/vpl/prj/prj.gen/my_rm/bd/ulp/ip/ulp_ip_gpio_debug_axi_ctrl_user_01_0/ulp_ip_gpio_debug_axi_ctrl_user_01_0_slr.xdc] for cell 'level0_i/level1/level1_i/ulp/ip_gpio_debug_axi_ctrl_user_01/U0'
Parsing XDC File [/home/devsounio/darwin-atlas-phase-l/build-authorized/_x/link/vivado/vpl/prj/prj.gen/my_rm/bd/ulp/ip/ulp_ip_gpio_debug_axi_ctrl_user_02_0/ulp_ip_gpio_debug_axi_ctrl_user_02_0_slr.xdc] for cell 'level0_i/level1/level1_i/ulp/ip_gpio_debug_axi_ctrl_user_02/U0'
INFO: [Vivado 12-3520] Assignment of 'AXI_LITE_IPIF_I, GND, VCC, gpio_core_1, ip2bus_data_i_D1_reg[0], ip2bus_data_i_D1_reg[10], ip2bus_data_i_D1_reg[11], ip2bus_data_i_D1_reg[14], ip2bus_data_i_D1_reg[12], ip2bus_data_i_D1_reg[17], ip2bus_data_i_D1_reg[13], ip2bus_data_i_D1_reg[15], ip2bus_data_i_D1_reg[16], ip2bus_data_i_D1_reg[18], ip2bus_data_i_D1_reg[19], ip2bus_data_i_D1_reg[1], ip2bus_data_i_D1_reg[20], ip2bus_data_i_D1_reg[21], ip2bus_data_i_D1_reg[22], ip2bus_data_i_D1_reg[23], ip2bus_data_i_D1_reg[24], ip2bus_data_i_D1_reg[25], ip2bus_data_i_D1_reg[26], ip2bus_data_i_D1_reg[27], ip2bus_data_i_D1_reg[28], ip2bus_data_i_D1_reg[29], ip2bus_data_i_D1_reg[2], ip2bus_data_i_D1_reg[30], ip2bus_data_i_D1_reg[31], ip2bus_data_i_D1_reg[3], ip2bus_data_i_D1_reg[4], ip2bus_data_i_D1_reg[5], ip2bus_data_i_D1_reg[6], ip2bus_data_i_D1_reg[7], ip2bus_data_i_D1_reg[8], ip2bus_data_i_D1_reg[9], ip2bus_rdack_i_D1_reg, and ip2bus_wrack_i_D1_reg' to a pblock 'pblock_dynamic_SLR2' means that all children of 'U0' are in the pblock. Changing the pblock assignment to 'U0'. [/home/devsounio/darwin-atlas-phase-l/build-authorized/_x/link/vivado/vpl/prj/prj.gen/my_rm/bd/ulp/ip/ulp_ip_gpio_debug_axi_ctrl_user_02_0/ulp_ip_gpio_debug_axi_ctrl_user_02_0_slr.xdc:55]
Finished Parsing XDC File [/home/devsounio/darwin-atlas-phase-l/build-authorized/_x/link/vivado/vpl/prj/prj.gen/my_rm/bd/ulp/ip/ulp_ip_gpio_debug_axi_ctrl_user_02_0/ulp_ip_gpio_debug_axi_ctrl_user_02_0_slr.xdc] for cell 'level0_i/level1/level1_i/ulp/ip_gpio_debug_axi_ctrl_user_02/U0'
Parsing XDC File [/home/devsounio/darwin-atlas-phase-l/build-authorized/_x/link/vivado/vpl/prj/prj.gen/my_rm/bd/ulp/ip/ulp_ip_gpio_debug_axi_ctrl_user_03_0/ulp_ip_gpio_debug_axi_ctrl_user_03_0_slr.xdc] for cell 'level0_i/level1/level1_i/ulp/ip_gpio_debug_axi_ctrl_user_03/U0'
INFO: [Vivado 12-3520] Assignment of 'AXI_LITE_IPIF_I, GND, VCC, gpio_core_1, ip2bus_data_i_D1_reg[0], ip2bus_data_i_D1_reg[10], ip2bus_data_i_D1_reg[11], ip2bus_data_i_D1_reg[14], ip2bus_data_i_D1_reg[12], ip2bus_data_i_D1_reg[17], ip2bus_data_i_D1_reg[13], ip2bus_data_i_D1_reg[15], ip2bus_data_i_D1_reg[16], ip2bus_data_i_D1_reg[18], ip2bus_data_i_D1_reg[19], ip2bus_data_i_D1_reg[1], ip2bus_data_i_D1_reg[20], ip2bus_data_i_D1_reg[21], ip2bus_data_i_D1_reg[22], ip2bus_data_i_D1_reg[23], ip2bus_data_i_D1_reg[24], ip2bus_data_i_D1_reg[25], ip2bus_data_i_D1_reg[26], ip2bus_data_i_D1_reg[27], ip2bus_data_i_D1_reg[28], ip2bus_data_i_D1_reg[29], ip2bus_data_i_D1_reg[2], ip2bus_data_i_D1_reg[30], ip2bus_data_i_D1_reg[31], ip2bus_data_i_D1_reg[3], ip2bus_data_i_D1_reg[4], ip2bus_data_i_D1_reg[5], ip2bus_data_i_D1_reg[6], ip2bus_data_i_D1_reg[7], ip2bus_data_i_D1_reg[8], ip2bus_data_i_D1_reg[9], ip2bus_rdack_i_D1_reg, and ip2bus_wrack_i_D1_reg' to a pblock 'pblock_dynamic_SLR3' means that all children of 'U0' are in the pblock. Changing the pblock assignment to 'U0'. [/home/devsounio/darwin-atlas-phase-l/build-authorized/_x/link/vivado/vpl/prj/prj.gen/my_rm/bd/ulp/ip/ulp_ip_gpio_debug_axi_ctrl_user_03_0/ulp_ip_gpio_debug_axi_ctrl_user_03_0_slr.xdc:55]
Finished Parsing XDC File [/home/devsounio/darwin-atlas-phase-l/build-authorized/_x/link/vivado/vpl/prj/prj.gen/my_rm/bd/ulp/ip/ulp_ip_gpio_debug_axi_ctrl_user_03_0/ulp_ip_gpio_debug_axi_ctrl_user_03_0_slr.xdc] for cell 'level0_i/level1/level1_i/ulp/ip_gpio_debug_axi_ctrl_user_03/U0'
Parsing XDC File [/home/devsounio/darwin-atlas-phase-l/build-authorized/_x/link/vivado/vpl/prj/prj.gen/my_rm/bd/ulp/ip/ulp_ip_gpio_debug_axi_data_h2c_01_0/ulp_ip_gpio_debug_axi_data_h2c_01_0_slr.xdc] for cell 'level0_i/level1/level1_i/ulp/ip_gpio_debug_axi_data_h2c_01/U0'
INFO: [Vivado 12-3520] Assignment of 'AXI_LITE_IPIF_I, GND, VCC, gpio_core_1, ip2bus_data_i_D1_reg[0], ip2bus_data_i_D1_reg[10], ip2bus_data_i_D1_reg[11], ip2bus_data_i_D1_reg[14], ip2bus_data_i_D1_reg[12], ip2bus_data_i_D1_reg[17], ip2bus_data_i_D1_reg[13], ip2bus_data_i_D1_reg[15], ip2bus_data_i_D1_reg[16], ip2bus_data_i_D1_reg[18], ip2bus_data_i_D1_reg[19], ip2bus_data_i_D1_reg[1], ip2bus_data_i_D1_reg[20], ip2bus_data_i_D1_reg[21], ip2bus_data_i_D1_reg[22], ip2bus_data_i_D1_reg[23], ip2bus_data_i_D1_reg[24], ip2bus_data_i_D1_reg[25], ip2bus_data_i_D1_reg[26], ip2bus_data_i_D1_reg[27], ip2bus_data_i_D1_reg[28], ip2bus_data_i_D1_reg[29], ip2bus_data_i_D1_reg[2], ip2bus_data_i_D1_reg[30], ip2bus_data_i_D1_reg[31], ip2bus_data_i_D1_reg[3], ip2bus_data_i_D1_reg[4], ip2bus_data_i_D1_reg[5], ip2bus_data_i_D1_reg[6], ip2bus_data_i_D1_reg[7], ip2bus_data_i_D1_reg[8], ip2bus_data_i_D1_reg[9], ip2bus_rdack_i_D1_reg, and ip2bus_wrack_i_D1_reg' to a pblock 'pblock_dynamic_SLR1' means that all children of 'U0' are in the pblock. Changing the pblock assignment to 'U0'. [/home/devsounio/darwin-atlas-phase-l/build-authorized/_x/link/vivado/vpl/prj/prj.gen/my_rm/bd/ulp/ip/ulp_ip_gpio_debug_axi_data_h2c_01_0/ulp_ip_gpio_debug_axi_data_h2c_01_0_slr.xdc:55]
Finished Parsing XDC File [/home/devsounio/darwin-atlas-phase-l/build-authorized/_x/link/vivado/vpl/prj/prj.gen/my_rm/bd/ulp/ip/ulp_ip_gpio_debug_axi_data_h2c_01_0/ulp_ip_gpio_debug_axi_data_h2c_01_0_slr.xdc] for cell 'level0_i/level1/level1_i/ulp/ip_gpio_debug_axi_data_h2c_01/U0'
Parsing XDC File [/home/devsounio/darwin-atlas-phase-l/build-authorized/_x/link/vivado/vpl/prj/prj.gen/my_rm/bd/ulp/ip/ulp_ip_psr_aresetn_ctrl_slr0_0/ulp_ip_psr_aresetn_ctrl_slr0_0_slr.xdc] for cell 'level0_i/level1/level1_i/ulp/ip_psr_aresetn_ctrl_slr0/U0'
INFO: [Vivado 12-3520] Assignment of 'EXT_LPF, BSR_OUT_DFF[0].FDRE_BSR, VCC, SEQ, PR_OUT_DFF[0].FDRE_PER, GND, FDRE_inst, ACTIVE_LOW_BSR_OUT_DFF[0].FDRE_BSR_N, and ACTIVE_LOW_PR_OUT_DFF[0].FDRE_PER_N' to a pblock 'pblock_dynamic_SLR0' means that all children of 'ip_psr_aresetn_ctrl_slr0' are in the pblock. Changing the pblock assignment to 'ip_psr_aresetn_ctrl_slr0'. [/home/devsounio/darwin-atlas-phase-l/build-authorized/_x/link/vivado/vpl/prj/prj.gen/my_rm/bd/ulp/ip/ulp_ip_psr_aresetn_ctrl_slr0_0/ulp_ip_psr_aresetn_ctrl_slr0_0_slr.xdc:55]
Finished Parsing XDC File [/home/devsounio/darwin-atlas-phase-l/build-authorized/_x/link/vivado/vpl/prj/prj.gen/my_rm/bd/ulp/ip/ulp_ip_psr_aresetn_ctrl_slr0_0/ulp_ip_psr_aresetn_ctrl_slr0_0_slr.xdc] for cell 'level0_i/level1/level1_i/ulp/ip_psr_aresetn_ctrl_slr0/U0'
Parsing XDC File [/home/devsounio/darwin-atlas-phase-l/build-authorized/_x/link/vivado/vpl/prj/prj.gen/my_rm/bd/ulp/ip/ulp_ip_psr_aresetn_ctrl_slr1_0/ulp_ip_psr_aresetn_ctrl_slr1_0_slr.xdc] for cell 'level0_i/level1/level1_i/ulp/ip_psr_aresetn_ctrl_slr1/U0'
INFO: [Vivado 12-3520] Assignment of 'BSR_OUT_DFF[0].FDRE_BSR, EXT_LPF, ACTIVE_LOW_PR_OUT_DFF[0].FDRE_PER_N, ACTIVE_LOW_BSR_OUT_DFF[0].FDRE_BSR_N, FDRE_inst, GND, PR_OUT_DFF[0].FDRE_PER, SEQ, and VCC' to a pblock 'pblock_dynamic_SLR1' means that all children of 'ip_psr_aresetn_ctrl_slr1' are in the pblock. Changing the pblock assignment to 'ip_psr_aresetn_ctrl_slr1'. [/home/devsounio/darwin-atlas-phase-l/build-authorized/_x/link/vivado/vpl/prj/prj.gen/my_rm/bd/ulp/ip/ulp_ip_psr_aresetn_ctrl_slr1_0/ulp_ip_psr_aresetn_ctrl_slr1_0_slr.xdc:55]
Finished Parsing XDC File [/home/devsounio/darwin-atlas-phase-l/build-authorized/_x/link/vivado/vpl/prj/prj.gen/my_rm/bd/ulp/ip/ulp_ip_psr_aresetn_ctrl_slr1_0/ulp_ip_psr_aresetn_ctrl_slr1_0_slr.xdc] for cell 'level0_i/level1/level1_i/ulp/ip_psr_aresetn_ctrl_slr1/U0'
Parsing XDC File [/home/devsounio/darwin-atlas-phase-l/build-authorized/_x/link/vivado/vpl/prj/prj.gen/my_rm/bd/ulp/ip/ulp_ip_psr_aresetn_ctrl_slr2_0/ulp_ip_psr_aresetn_ctrl_slr2_0_slr.xdc] for cell 'level0_i/level1/level1_i/ulp/ip_psr_aresetn_ctrl_slr2/U0'
INFO: [Vivado 12-3520] Assignment of 'BSR_OUT_DFF[0].FDRE_BSR, EXT_LPF, ACTIVE_LOW_PR_OUT_DFF[0].FDRE_PER_N, ACTIVE_LOW_BSR_OUT_DFF[0].FDRE_BSR_N, FDRE_inst, GND, PR_OUT_DFF[0].FDRE_PER, SEQ, and VCC' to a pblock 'pblock_dynamic_SLR2' means that all children of 'ip_psr_aresetn_ctrl_slr2' are in the pblock. Changing the pblock assignment to 'ip_psr_aresetn_ctrl_slr2'. [/home/devsounio/darwin-atlas-phase-l/build-authorized/_x/link/vivado/vpl/prj/prj.gen/my_rm/bd/ulp/ip/ulp_ip_psr_aresetn_ctrl_slr2_0/ulp_ip_psr_aresetn_ctrl_slr2_0_slr.xdc:55]
Finished Parsing XDC File [/home/devsounio/darwin-atlas-phase-l/build-authorized/_x/link/vivado/vpl/prj/prj.gen/my_rm/bd/ulp/ip/ulp_ip_psr_aresetn_ctrl_slr2_0/ulp_ip_psr_aresetn_ctrl_slr2_0_slr.xdc] for cell 'level0_i/level1/level1_i/ulp/ip_psr_aresetn_ctrl_slr2/U0'
Parsing XDC File [/home/devsounio/darwin-atlas-phase-l/build-authorized/_x/link/vivado/vpl/prj/prj.gen/my_rm/bd/ulp/ip/ulp_ip_psr_aresetn_ctrl_slr3_0/ulp_ip_psr_aresetn_ctrl_slr3_0_slr.xdc] for cell 'level0_i/level1/level1_i/ulp/ip_psr_aresetn_ctrl_slr3/U0'
INFO: [Vivado 12-3520] Assignment of 'BSR_OUT_DFF[0].FDRE_BSR, EXT_LPF, ACTIVE_LOW_PR_OUT_DFF[0].FDRE_PER_N, ACTIVE_LOW_BSR_OUT_DFF[0].FDRE_BSR_N, FDRE_inst, GND, PR_OUT_DFF[0].FDRE_PER, SEQ, and VCC' to a pblock 'pblock_dynamic_SLR3' means that all children of 'ip_psr_aresetn_ctrl_slr3' are in the pblock. Changing the pblock assignment to 'ip_psr_aresetn_ctrl_slr3'. [/home/devsounio/darwin-atlas-phase-l/build-authorized/_x/link/vivado/vpl/prj/prj.gen/my_rm/bd/ulp/ip/ulp_ip_psr_aresetn_ctrl_slr3_0/ulp_ip_psr_aresetn_ctrl_slr3_0_slr.xdc:55]
Finished Parsing XDC File [/home/devsounio/darwin-atlas-phase-l/build-authorized/_x/link/vivado/vpl/prj/prj.gen/my_rm/bd/ulp/ip/ulp_ip_psr_aresetn_ctrl_slr3_0/ulp_ip_psr_aresetn_ctrl_slr3_0_slr.xdc] for cell 'level0_i/level1/level1_i/ulp/ip_psr_aresetn_ctrl_slr3/U0'
Parsing XDC File [/home/devsounio/darwin-atlas-phase-l/build-authorized/_x/link/vivado/vpl/prj/prj.gen/my_rm/bd/ulp/ip/ulp_ip_psr_aresetn_freerun_slr0_0/ulp_ip_psr_aresetn_freerun_slr0_0_slr.xdc] for cell 'level0_i/level1/level1_i/ulp/ip_psr_aresetn_freerun_slr0/U0'
INFO: [Vivado 12-3520] Assignment of 'EXT_LPF, ACTIVE_LOW_PR_OUT_DFF[0].FDRE_PER_N, BSR_OUT_DFF[0].FDRE_BSR, ACTIVE_LOW_BSR_OUT_DFF[0].FDRE_BSR_N, FDRE_inst, GND, PR_OUT_DFF[0].FDRE_PER, SEQ, and VCC' to a pblock 'pblock_dynamic_SLR0' means that all children of 'ip_psr_aresetn_freerun_slr0' are in the pblock. Changing the pblock assignment to 'ip_psr_aresetn_freerun_slr0'. [/home/devsounio/darwin-atlas-phase-l/build-authorized/_x/link/vivado/vpl/prj/prj.gen/my_rm/bd/ulp/ip/ulp_ip_psr_aresetn_freerun_slr0_0/ulp_ip_psr_aresetn_freerun_slr0_0_slr.xdc:55]
Finished Parsing XDC File [/home/devsounio/darwin-atlas-phase-l/build-authorized/_x/link/vivado/vpl/prj/prj.gen/my_rm/bd/ulp/ip/ulp_ip_psr_aresetn_freerun_slr0_0/ulp_ip_psr_aresetn_freerun_slr0_0_slr.xdc] for cell 'level0_i/level1/level1_i/ulp/ip_psr_aresetn_freerun_slr0/U0'
Parsing XDC File [/home/devsounio/darwin-atlas-phase-l/build-authorized/_x/link/vivado/vpl/prj/prj.gen/my_rm/bd/ulp/ip/ulp_ip_psr_aresetn_freerun_slr1_0/ulp_ip_psr_aresetn_freerun_slr1_0_slr.xdc] for cell 'level0_i/level1/level1_i/ulp/ip_psr_aresetn_freerun_slr1/U0'
INFO: [Vivado 12-3520] Assignment of 'EXT_LPF, ACTIVE_LOW_PR_OUT_DFF[0].FDRE_PER_N, BSR_OUT_DFF[0].FDRE_BSR, ACTIVE_LOW_BSR_OUT_DFF[0].FDRE_BSR_N, FDRE_inst, GND, PR_OUT_DFF[0].FDRE_PER, SEQ, and VCC' to a pblock 'pblock_dynamic_SLR1' means that all children of 'ip_psr_aresetn_freerun_slr1' are in the pblock. Changing the pblock assignment to 'ip_psr_aresetn_freerun_slr1'. [/home/devsounio/darwin-atlas-phase-l/build-authorized/_x/link/vivado/vpl/prj/prj.gen/my_rm/bd/ulp/ip/ulp_ip_psr_aresetn_freerun_slr1_0/ulp_ip_psr_aresetn_freerun_slr1_0_slr.xdc:55]
Finished Parsing XDC File [/home/devsounio/darwin-atlas-phase-l/build-authorized/_x/link/vivado/vpl/prj/prj.gen/my_rm/bd/ulp/ip/ulp_ip_psr_aresetn_freerun_slr1_0/ulp_ip_psr_aresetn_freerun_slr1_0_slr.xdc] for cell 'level0_i/level1/level1_i/ulp/ip_psr_aresetn_freerun_slr1/U0'
Parsing XDC File [/home/devsounio/darwin-atlas-phase-l/build-authorized/_x/link/vivado/vpl/prj/prj.gen/my_rm/bd/ulp/ip/ulp_ip_psr_aresetn_freerun_slr2_0/ulp_ip_psr_aresetn_freerun_slr2_0_slr.xdc] for cell 'level0_i/level1/level1_i/ulp/ip_psr_aresetn_freerun_slr2/U0'
INFO: [Vivado 12-3520] Assignment of 'EXT_LPF, ACTIVE_LOW_PR_OUT_DFF[0].FDRE_PER_N, BSR_OUT_DFF[0].FDRE_BSR, ACTIVE_LOW_BSR_OUT_DFF[0].FDRE_BSR_N, FDRE_inst, GND, PR_OUT_DFF[0].FDRE_PER, SEQ, and VCC' to a pblock 'pblock_dynamic_SLR2' means that all children of 'ip_psr_aresetn_freerun_slr2' are in the pblock. Changing the pblock assignment to 'ip_psr_aresetn_freerun_slr2'. [/home/devsounio/darwin-atlas-phase-l/build-authorized/_x/link/vivado/vpl/prj/prj.gen/my_rm/bd/ulp/ip/ulp_ip_psr_aresetn_freerun_slr2_0/ulp_ip_psr_aresetn_freerun_slr2_0_slr.xdc:55]
Finished Parsing XDC File [/home/devsounio/darwin-atlas-phase-l/build-authorized/_x/link/vivado/vpl/prj/prj.gen/my_rm/bd/ulp/ip/ulp_ip_psr_aresetn_freerun_slr2_0/ulp_ip_psr_aresetn_freerun_slr2_0_slr.xdc] for cell 'level0_i/level1/level1_i/ulp/ip_psr_aresetn_freerun_slr2/U0'
Parsing XDC File [/home/devsounio/darwin-atlas-phase-l/build-authorized/_x/link/vivado/vpl/prj/prj.gen/my_rm/bd/ulp/ip/ulp_ip_psr_aresetn_freerun_slr3_0/ulp_ip_psr_aresetn_freerun_slr3_0_slr.xdc] for cell 'level0_i/level1/level1_i/ulp/ip_psr_aresetn_freerun_slr3/U0'
INFO: [Vivado 12-3520] Assignment of 'EXT_LPF, ACTIVE_LOW_PR_OUT_DFF[0].FDRE_PER_N, BSR_OUT_DFF[0].FDRE_BSR, ACTIVE_LOW_BSR_OUT_DFF[0].FDRE_BSR_N, FDRE_inst, GND, PR_OUT_DFF[0].FDRE_PER, SEQ, and VCC' to a pblock 'pblock_dynamic_SLR3' means that all children of 'ip_psr_aresetn_freerun_slr3' are in the pblock. Changing the pblock assignment to 'ip_psr_aresetn_freerun_slr3'. [/home/devsounio/darwin-atlas-phase-l/build-authorized/_x/link/vivado/vpl/prj/prj.gen/my_rm/bd/ulp/ip/ulp_ip_psr_aresetn_freerun_slr3_0/ulp_ip_psr_aresetn_freerun_slr3_0_slr.xdc:55]
Finished Parsing XDC File [/home/devsounio/darwin-atlas-phase-l/build-authorized/_x/link/vivado/vpl/prj/prj.gen/my_rm/bd/ulp/ip/ulp_ip_psr_aresetn_freerun_slr3_0/ulp_ip_psr_aresetn_freerun_slr3_0_slr.xdc] for cell 'level0_i/level1/level1_i/ulp/ip_psr_aresetn_freerun_slr3/U0'
Parsing XDC File [/home/devsounio/darwin-atlas-phase-l/build-authorized/_x/link/vivado/vpl/prj/prj.gen/my_rm/bd/ulp/ip/ulp_ip_psr_aresetn_kernel_00_slr0_0/ulp_ip_psr_aresetn_kernel_00_slr0_0_slr.xdc] for cell 'level0_i/level1/level1_i/ulp/ip_psr_aresetn_kernel_00_slr0/U0'
INFO: [Vivado 12-3520] Assignment of 'EXT_LPF, BSR_OUT_DFF[0].FDRE_BSR, ACTIVE_LOW_PR_OUT_DFF[0].FDRE_PER_N, ACTIVE_LOW_BSR_OUT_DFF[0].FDRE_BSR_N, FDRE_inst, GND, PR_OUT_DFF[0].FDRE_PER, SEQ, and VCC' to a pblock 'pblock_dynamic_SLR0' means that all children of 'ip_psr_aresetn_kernel_00_slr0' are in the pblock. Changing the pblock assignment to 'ip_psr_aresetn_kernel_00_slr0'. [/home/devsounio/darwin-atlas-phase-l/build-authorized/_x/link/vivado/vpl/prj/prj.gen/my_rm/bd/ulp/ip/ulp_ip_psr_aresetn_kernel_00_slr0_0/ulp_ip_psr_aresetn_kernel_00_slr0_0_slr.xdc:55]
Finished Parsing XDC File [/home/devsounio/darwin-atlas-phase-l/build-authorized/_x/link/vivado/vpl/prj/prj.gen/my_rm/bd/ulp/ip/ulp_ip_psr_aresetn_kernel_00_slr0_0/ulp_ip_psr_aresetn_kernel_00_slr0_0_slr.xdc] for cell 'level0_i/level1/level1_i/ulp/ip_psr_aresetn_kernel_00_slr0/U0'
Parsing XDC File [/home/devsounio/darwin-atlas-phase-l/build-authorized/_x/link/vivado/vpl/prj/prj.gen/my_rm/bd/ulp/ip/ulp_ip_psr_aresetn_kernel_00_slr1_0/ulp_ip_psr_aresetn_kernel_00_slr1_0_slr.xdc] for cell 'level0_i/level1/level1_i/ulp/ip_psr_aresetn_kernel_00_slr1/U0'
INFO: [Vivado 12-3520] Assignment of 'EXT_LPF, BSR_OUT_DFF[0].FDRE_BSR, ACTIVE_LOW_PR_OUT_DFF[0].FDRE_PER_N, ACTIVE_LOW_BSR_OUT_DFF[0].FDRE_BSR_N, FDRE_inst, GND, PR_OUT_DFF[0].FDRE_PER, SEQ, and VCC' to a pblock 'pblock_dynamic_SLR1' means that all children of 'ip_psr_aresetn_kernel_00_slr1' are in the pblock. Changing the pblock assignment to 'ip_psr_aresetn_kernel_00_slr1'. [/home/devsounio/darwin-atlas-phase-l/build-authorized/_x/link/vivado/vpl/prj/prj.gen/my_rm/bd/ulp/ip/ulp_ip_psr_aresetn_kernel_00_slr1_0/ulp_ip_psr_aresetn_kernel_00_slr1_0_slr.xdc:55]
Finished Parsing XDC File [/home/devsounio/darwin-atlas-phase-l/build-authorized/_x/link/vivado/vpl/prj/prj.gen/my_rm/bd/ulp/ip/ulp_ip_psr_aresetn_kernel_00_slr1_0/ulp_ip_psr_aresetn_kernel_00_slr1_0_slr.xdc] for cell 'level0_i/level1/level1_i/ulp/ip_psr_aresetn_kernel_00_slr1/U0'
Parsing XDC File [/home/devsounio/darwin-atlas-phase-l/build-authorized/_x/link/vivado/vpl/prj/prj.gen/my_rm/bd/ulp/ip/ulp_ip_psr_aresetn_kernel_00_slr2_0/ulp_ip_psr_aresetn_kernel_00_slr2_0_slr.xdc] for cell 'level0_i/level1/level1_i/ulp/ip_psr_aresetn_kernel_00_slr2/U0'
INFO: [Vivado 12-3520] Assignment of 'EXT_LPF, BSR_OUT_DFF[0].FDRE_BSR, ACTIVE_LOW_PR_OUT_DFF[0].FDRE_PER_N, ACTIVE_LOW_BSR_OUT_DFF[0].FDRE_BSR_N, FDRE_inst, GND, PR_OUT_DFF[0].FDRE_PER, SEQ, and VCC' to a pblock 'pblock_dynamic_SLR2' means that all children of 'ip_psr_aresetn_kernel_00_slr2' are in the pblock. Changing the pblock assignment to 'ip_psr_aresetn_kernel_00_slr2'. [/home/devsounio/darwin-atlas-phase-l/build-authorized/_x/link/vivado/vpl/prj/prj.gen/my_rm/bd/ulp/ip/ulp_ip_psr_aresetn_kernel_00_slr2_0/ulp_ip_psr_aresetn_kernel_00_slr2_0_slr.xdc:55]
Finished Parsing XDC File [/home/devsounio/darwin-atlas-phase-l/build-authorized/_x/link/vivado/vpl/prj/prj.gen/my_rm/bd/ulp/ip/ulp_ip_psr_aresetn_kernel_00_slr2_0/ulp_ip_psr_aresetn_kernel_00_slr2_0_slr.xdc] for cell 'level0_i/level1/level1_i/ulp/ip_psr_aresetn_kernel_00_slr2/U0'
Parsing XDC File [/home/devsounio/darwin-atlas-phase-l/build-authorized/_x/link/vivado/vpl/prj/prj.gen/my_rm/bd/ulp/ip/ulp_ip_psr_aresetn_kernel_00_slr3_0/ulp_ip_psr_aresetn_kernel_00_slr3_0_slr.xdc] for cell 'level0_i/level1/level1_i/ulp/ip_psr_aresetn_kernel_00_slr3/U0'
INFO: [Vivado 12-3520] Assignment of 'EXT_LPF, BSR_OUT_DFF[0].FDRE_BSR, ACTIVE_LOW_PR_OUT_DFF[0].FDRE_PER_N, ACTIVE_LOW_BSR_OUT_DFF[0].FDRE_BSR_N, FDRE_inst, GND, PR_OUT_DFF[0].FDRE_PER, SEQ, and VCC' to a pblock 'pblock_dynamic_SLR3' means that all children of 'ip_psr_aresetn_kernel_00_slr3' are in the pblock. Changing the pblock assignment to 'ip_psr_aresetn_kernel_00_slr3'. [/home/devsounio/darwin-atlas-phase-l/build-authorized/_x/link/vivado/vpl/prj/prj.gen/my_rm/bd/ulp/ip/ulp_ip_psr_aresetn_kernel_00_slr3_0/ulp_ip_psr_aresetn_kernel_00_slr3_0_slr.xdc:55]
Finished Parsing XDC File [/home/devsounio/darwin-atlas-phase-l/build-authorized/_x/link/vivado/vpl/prj/prj.gen/my_rm/bd/ulp/ip/ulp_ip_psr_aresetn_kernel_00_slr3_0/ulp_ip_psr_aresetn_kernel_00_slr3_0_slr.xdc] for cell 'level0_i/level1/level1_i/ulp/ip_psr_aresetn_kernel_00_slr3/U0'
Parsing XDC File [/home/devsounio/darwin-atlas-phase-l/build-authorized/_x/link/vivado/vpl/prj/prj.gen/my_rm/bd/ulp/ip/ulp_ip_psr_aresetn_kernel_01_slr0_0/ulp_ip_psr_aresetn_kernel_01_slr0_0_slr.xdc] for cell 'level0_i/level1/level1_i/ulp/ip_psr_aresetn_kernel_01_slr0/U0'
INFO: [Vivado 12-3520] Assignment of 'EXT_LPF, BSR_OUT_DFF[0].FDRE_BSR, ACTIVE_LOW_PR_OUT_DFF[0].FDRE_PER_N, ACTIVE_LOW_BSR_OUT_DFF[0].FDRE_BSR_N, FDRE_inst, GND, PR_OUT_DFF[0].FDRE_PER, SEQ, and VCC' to a pblock 'pblock_dynamic_SLR0' means that all children of 'ip_psr_aresetn_kernel_01_slr0' are in the pblock. Changing the pblock assignment to 'ip_psr_aresetn_kernel_01_slr0'. [/home/devsounio/darwin-atlas-phase-l/build-authorized/_x/link/vivado/vpl/prj/prj.gen/my_rm/bd/ulp/ip/ulp_ip_psr_aresetn_kernel_01_slr0_0/ulp_ip_psr_aresetn_kernel_01_slr0_0_slr.xdc:55]
Finished Parsing XDC File [/home/devsounio/darwin-atlas-phase-l/build-authorized/_x/link/vivado/vpl/prj/prj.gen/my_rm/bd/ulp/ip/ulp_ip_psr_aresetn_kernel_01_slr0_0/ulp_ip_psr_aresetn_kernel_01_slr0_0_slr.xdc] for cell 'level0_i/level1/level1_i/ulp/ip_psr_aresetn_kernel_01_slr0/U0'
Parsing XDC File [/home/devsounio/darwin-atlas-phase-l/build-authorized/_x/link/vivado/vpl/prj/prj.gen/my_rm/bd/ulp/ip/ulp_ip_psr_aresetn_kernel_01_slr1_0/ulp_ip_psr_aresetn_kernel_01_slr1_0_slr.xdc] for cell 'level0_i/level1/level1_i/ulp/ip_psr_aresetn_kernel_01_slr1/U0'
INFO: [Vivado 12-3520] Assignment of 'GND, BSR_OUT_DFF[0].FDRE_BSR, ACTIVE_LOW_PR_OUT_DFF[0].FDRE_PER_N, ACTIVE_LOW_BSR_OUT_DFF[0].FDRE_BSR_N, EXT_LPF, FDRE_inst, PR_OUT_DFF[0].FDRE_PER, SEQ, and VCC' to a pblock 'pblock_dynamic_SLR1' means that all children of 'ip_psr_aresetn_kernel_01_slr1' are in the pblock. Changing the pblock assignment to 'ip_psr_aresetn_kernel_01_slr1'. [/home/devsounio/darwin-atlas-phase-l/build-authorized/_x/link/vivado/vpl/prj/prj.gen/my_rm/bd/ulp/ip/ulp_ip_psr_aresetn_kernel_01_slr1_0/ulp_ip_psr_aresetn_kernel_01_slr1_0_slr.xdc:55]
Finished Parsing XDC File [/home/devsounio/darwin-atlas-phase-l/build-authorized/_x/link/vivado/vpl/prj/prj.gen/my_rm/bd/ulp/ip/ulp_ip_psr_aresetn_kernel_01_slr1_0/ulp_ip_psr_aresetn_kernel_01_slr1_0_slr.xdc] for cell 'level0_i/level1/level1_i/ulp/ip_psr_aresetn_kernel_01_slr1/U0'
Parsing XDC File [/home/devsounio/darwin-atlas-phase-l/build-authorized/_x/link/vivado/vpl/prj/prj.gen/my_rm/bd/ulp/ip/ulp_ip_psr_aresetn_kernel_01_slr2_0/ulp_ip_psr_aresetn_kernel_01_slr2_0_slr.xdc] for cell 'level0_i/level1/level1_i/ulp/ip_psr_aresetn_kernel_01_slr2/U0'
INFO: [Vivado 12-3520] Assignment of 'EXT_LPF, BSR_OUT_DFF[0].FDRE_BSR, ACTIVE_LOW_PR_OUT_DFF[0].FDRE_PER_N, ACTIVE_LOW_BSR_OUT_DFF[0].FDRE_BSR_N, FDRE_inst, GND, PR_OUT_DFF[0].FDRE_PER, SEQ, and VCC' to a pblock 'pblock_dynamic_SLR2' means that all children of 'ip_psr_aresetn_kernel_01_slr2' are in the pblock. Changing the pblock assignment to 'ip_psr_aresetn_kernel_01_slr2'. [/home/devsounio/darwin-atlas-phase-l/build-authorized/_x/link/vivado/vpl/prj/prj.gen/my_rm/bd/ulp/ip/ulp_ip_psr_aresetn_kernel_01_slr2_0/ulp_ip_psr_aresetn_kernel_01_slr2_0_slr.xdc:55]
Finished Parsing XDC File [/home/devsounio/darwin-atlas-phase-l/build-authorized/_x/link/vivado/vpl/prj/prj.gen/my_rm/bd/ulp/ip/ulp_ip_psr_aresetn_kernel_01_slr2_0/ulp_ip_psr_aresetn_kernel_01_slr2_0_slr.xdc] for cell 'level0_i/level1/level1_i/ulp/ip_psr_aresetn_kernel_01_slr2/U0'
Parsing XDC File [/home/devsounio/darwin-atlas-phase-l/build-authorized/_x/link/vivado/vpl/prj/prj.gen/my_rm/bd/ulp/ip/ulp_ip_psr_aresetn_kernel_01_slr3_0/ulp_ip_psr_aresetn_kernel_01_slr3_0_slr.xdc] for cell 'level0_i/level1/level1_i/ulp/ip_psr_aresetn_kernel_01_slr3/U0'
INFO: [Vivado 12-3520] Assignment of 'EXT_LPF, BSR_OUT_DFF[0].FDRE_BSR, ACTIVE_LOW_PR_OUT_DFF[0].FDRE_PER_N, ACTIVE_LOW_BSR_OUT_DFF[0].FDRE_BSR_N, FDRE_inst, GND, PR_OUT_DFF[0].FDRE_PER, SEQ, and VCC' to a pblock 'pblock_dynamic_SLR3' means that all children of 'ip_psr_aresetn_kernel_01_slr3' are in the pblock. Changing the pblock assignment to 'ip_psr_aresetn_kernel_01_slr3'. [/home/devsounio/darwin-atlas-phase-l/build-authorized/_x/link/vivado/vpl/prj/prj.gen/my_rm/bd/ulp/ip/ulp_ip_psr_aresetn_kernel_01_slr3_0/ulp_ip_psr_aresetn_kernel_01_slr3_0_slr.xdc:55]
Finished Parsing XDC File [/home/devsounio/darwin-atlas-phase-l/build-authorized/_x/link/vivado/vpl/prj/prj.gen/my_rm/bd/ulp/ip/ulp_ip_psr_aresetn_kernel_01_slr3_0/ulp_ip_psr_aresetn_kernel_01_slr3_0_slr.xdc] for cell 'level0_i/level1/level1_i/ulp/ip_psr_aresetn_kernel_01_slr3/U0'
Parsing XDC File [/home/devsounio/darwin-atlas-phase-l/build-authorized/_x/link/vivado/vpl/prj/prj.gen/my_rm/bd/ulp/ip/ulp_ip_psr_aresetn_pcie_slr0_0/ulp_ip_psr_aresetn_pcie_slr0_0_slr.xdc] for cell 'level0_i/level1/level1_i/ulp/ip_psr_aresetn_pcie_slr0/U0'
INFO: [Vivado 12-3520] Assignment of 'BSR_OUT_DFF[0].FDRE_BSR, EXT_LPF, ACTIVE_LOW_PR_OUT_DFF[0].FDRE_PER_N, ACTIVE_LOW_BSR_OUT_DFF[0].FDRE_BSR_N, FDRE_inst, GND, PR_OUT_DFF[0].FDRE_PER, SEQ, and VCC' to a pblock 'pblock_dynamic_SLR0' means that all children of 'ip_psr_aresetn_pcie_slr0' are in the pblock. Changing the pblock assignment to 'ip_psr_aresetn_pcie_slr0'. [/home/devsounio/darwin-atlas-phase-l/build-authorized/_x/link/vivado/vpl/prj/prj.gen/my_rm/bd/ulp/ip/ulp_ip_psr_aresetn_pcie_slr0_0/ulp_ip_psr_aresetn_pcie_slr0_0_slr.xdc:55]
Finished Parsing XDC File [/home/devsounio/darwin-atlas-phase-l/build-authorized/_x/link/vivado/vpl/prj/prj.gen/my_rm/bd/ulp/ip/ulp_ip_psr_aresetn_pcie_slr0_0/ulp_ip_psr_aresetn_pcie_slr0_0_slr.xdc] for cell 'level0_i/level1/level1_i/ulp/ip_psr_aresetn_pcie_slr0/U0'
Parsing XDC File [/home/devsounio/darwin-atlas-phase-l/build-authorized/_x/link/vivado/vpl/prj/prj.gen/my_rm/bd/ulp/ip/ulp_ip_psr_aresetn_pcie_slr1_0/ulp_ip_psr_aresetn_pcie_slr1_0_slr.xdc] for cell 'level0_i/level1/level1_i/ulp/ip_psr_aresetn_pcie_slr1/U0'
INFO: [Vivado 12-3520] Assignment of 'BSR_OUT_DFF[0].FDRE_BSR, EXT_LPF, ACTIVE_LOW_PR_OUT_DFF[0].FDRE_PER_N, ACTIVE_LOW_BSR_OUT_DFF[0].FDRE_BSR_N, FDRE_inst, GND, PR_OUT_DFF[0].FDRE_PER, SEQ, and VCC' to a pblock 'pblock_dynamic_SLR1' means that all children of 'ip_psr_aresetn_pcie_slr1' are in the pblock. Changing the pblock assignment to 'ip_psr_aresetn_pcie_slr1'. [/home/devsounio/darwin-atlas-phase-l/build-authorized/_x/link/vivado/vpl/prj/prj.gen/my_rm/bd/ulp/ip/ulp_ip_psr_aresetn_pcie_slr1_0/ulp_ip_psr_aresetn_pcie_slr1_0_slr.xdc:55]
Finished Parsing XDC File [/home/devsounio/darwin-atlas-phase-l/build-authorized/_x/link/vivado/vpl/prj/prj.gen/my_rm/bd/ulp/ip/ulp_ip_psr_aresetn_pcie_slr1_0/ulp_ip_psr_aresetn_pcie_slr1_0_slr.xdc] for cell 'level0_i/level1/level1_i/ulp/ip_psr_aresetn_pcie_slr1/U0'
Parsing XDC File [/home/devsounio/darwin-atlas-phase-l/build-authorized/_x/link/vivado/vpl/prj/prj.gen/my_rm/bd/ulp/ip/ulp_ip_psr_aresetn_pcie_slr2_0/ulp_ip_psr_aresetn_pcie_slr2_0_slr.xdc] for cell 'level0_i/level1/level1_i/ulp/ip_psr_aresetn_pcie_slr2/U0'
INFO: [Vivado 12-3520] Assignment of 'BSR_OUT_DFF[0].FDRE_BSR, EXT_LPF, ACTIVE_LOW_PR_OUT_DFF[0].FDRE_PER_N, ACTIVE_LOW_BSR_OUT_DFF[0].FDRE_BSR_N, FDRE_inst, GND, PR_OUT_DFF[0].FDRE_PER, SEQ, and VCC' to a pblock 'pblock_dynamic_SLR2' means that all children of 'ip_psr_aresetn_pcie_slr2' are in the pblock. Changing the pblock assignment to 'ip_psr_aresetn_pcie_slr2'. [/home/devsounio/darwin-atlas-phase-l/build-authorized/_x/link/vivado/vpl/prj/prj.gen/my_rm/bd/ulp/ip/ulp_ip_psr_aresetn_pcie_slr2_0/ulp_ip_psr_aresetn_pcie_slr2_0_slr.xdc:55]
Finished Parsing XDC File [/home/devsounio/darwin-atlas-phase-l/build-authorized/_x/link/vivado/vpl/prj/prj.gen/my_rm/bd/ulp/ip/ulp_ip_psr_aresetn_pcie_slr2_0/ulp_ip_psr_aresetn_pcie_slr2_0_slr.xdc] for cell 'level0_i/level1/level1_i/ulp/ip_psr_aresetn_pcie_slr2/U0'
Parsing XDC File [/home/devsounio/darwin-atlas-phase-l/build-authorized/_x/link/vivado/vpl/prj/prj.gen/my_rm/bd/ulp/ip/ulp_ip_psr_aresetn_pcie_slr3_0/ulp_ip_psr_aresetn_pcie_slr3_0_slr.xdc] for cell 'level0_i/level1/level1_i/ulp/ip_psr_aresetn_pcie_slr3/U0'
INFO: [Vivado 12-3520] Assignment of 'BSR_OUT_DFF[0].FDRE_BSR, EXT_LPF, ACTIVE_LOW_PR_OUT_DFF[0].FDRE_PER_N, ACTIVE_LOW_BSR_OUT_DFF[0].FDRE_BSR_N, FDRE_inst, GND, PR_OUT_DFF[0].FDRE_PER, SEQ, and VCC' to a pblock 'pblock_dynamic_SLR3' means that all children of 'ip_psr_aresetn_pcie_slr3' are in the pblock. Changing the pblock assignment to 'ip_psr_aresetn_pcie_slr3'. [/home/devsounio/darwin-atlas-phase-l/build-authorized/_x/link/vivado/vpl/prj/prj.gen/my_rm/bd/ulp/ip/ulp_ip_psr_aresetn_pcie_slr3_0/ulp_ip_psr_aresetn_pcie_slr3_0_slr.xdc:55]
Finished Parsing XDC File [/home/devsounio/darwin-atlas-phase-l/build-authorized/_x/link/vivado/vpl/prj/prj.gen/my_rm/bd/ulp/ip/ulp_ip_psr_aresetn_pcie_slr3_0/ulp_ip_psr_aresetn_pcie_slr3_0_slr.xdc] for cell 'level0_i/level1/level1_i/ulp/ip_psr_aresetn_pcie_slr3/U0'
Parsing XDC File [/home/devsounio/darwin-atlas-phase-l/build-authorized/_x/link/vivado/vpl/prj/prj.gen/my_rm/bd/ulp/ip/ulp_ip_rs_axi_ctrl_user_03_0/ulp_ip_rs_axi_ctrl_user_03_0_clocks.xdc] for cell 'level0_i/level1/level1_i/ulp/ip_rs_axi_ctrl_user_03/inst'
Finished Parsing XDC File [/home/devsounio/darwin-atlas-phase-l/build-authorized/_x/link/vivado/vpl/prj/prj.gen/my_rm/bd/ulp/ip/ulp_ip_rs_axi_ctrl_user_03_0/ulp_ip_rs_axi_ctrl_user_03_0_clocks.xdc] for cell 'level0_i/level1/level1_i/ulp/ip_rs_axi_ctrl_user_03/inst'
Parsing XDC File [/home/devsounio/darwin-atlas-phase-l/build-authorized/_x/link/vivado/vpl/prj/prj.gen/my_rm/bd/ulp/ip/ulp_ip_rs_axi_data_c2h_00_0/ulp_ip_rs_axi_data_c2h_00_0_clocks.xdc] for cell 'level0_i/level1/level1_i/ulp/ip_rs_axi_data_c2h_00/inst'
Finished Parsing XDC File [/home/devsounio/darwin-atlas-phase-l/build-authorized/_x/link/vivado/vpl/prj/prj.gen/my_rm/bd/ulp/ip/ulp_ip_rs_axi_data_c2h_00_0/ulp_ip_rs_axi_data_c2h_00_0_clocks.xdc] for cell 'level0_i/level1/level1_i/ulp/ip_rs_axi_data_c2h_00/inst'
Parsing XDC File [/home/devsounio/darwin-atlas-phase-l/build-authorized/_x/link/vivado/vpl/prj/prj.gen/my_rm/bd/ulp/ip/ulp_ip_rs_axi_data_h2c_03_0/ulp_ip_rs_axi_data_h2c_03_0_clocks.xdc] for cell 'level0_i/level1/level1_i/ulp/ip_rs_axi_data_h2c_03/inst'
Finished Parsing XDC File [/home/devsounio/darwin-atlas-phase-l/build-authorized/_x/link/vivado/vpl/prj/prj.gen/my_rm/bd/ulp/ip/ulp_ip_rs_axi_data_h2c_03_0/ulp_ip_rs_axi_data_h2c_03_0_clocks.xdc] for cell 'level0_i/level1/level1_i/ulp/ip_rs_axi_data_h2c_03/inst'
Parsing XDC File [/home/devsounio/darwin-atlas-phase-l/build-authorized/_x/link/vivado/vpl/prj/prj.gen/my_rm/bd/ulp/ip/ulp_memory_subsystem_0/bd_0/ip/ip_0/bd_b35e_psr_aclk_SLR0_0_slr.xdc] for cell 'level0_i/level1/level1_i/ulp/memory_subsystem/inst/reset/psr_aclk_SLR0/U0'
INFO: [Vivado 12-3520] Assignment of 'ACTIVE_LOW_BSR_OUT_DFF[0].FDRE_BSR_N, ACTIVE_LOW_PR_OUT_DFF[0].FDRE_PER_N, BSR_OUT_DFF[0].FDRE_BSR, SEQ, FDRE_inst, VCC, GND, EXT_LPF, and PR_OUT_DFF[0].FDRE_PER' to a pblock 'pblock_dynamic_SLR0' means that all children of 'psr_aclk_SLR0' are in the pblock. Changing the pblock assignment to 'psr_aclk_SLR0'. [/home/devsounio/darwin-atlas-phase-l/build-authorized/_x/link/vivado/vpl/prj/prj.gen/my_rm/bd/ulp/ip/ulp_memory_subsystem_0/bd_0/ip/ip_0/bd_b35e_psr_aclk_SLR0_0_slr.xdc:55]
Finished Parsing XDC File [/home/devsounio/darwin-atlas-phase-l/build-authorized/_x/link/vivado/vpl/prj/prj.gen/my_rm/bd/ulp/ip/ulp_memory_subsystem_0/bd_0/ip/ip_0/bd_b35e_psr_aclk_SLR0_0_slr.xdc] for cell 'level0_i/level1/level1_i/ulp/memory_subsystem/inst/reset/psr_aclk_SLR0/U0'
Parsing XDC File [/home/devsounio/darwin-atlas-phase-l/build-authorized/_x/link/vivado/vpl/prj/prj.gen/my_rm/bd/ulp/ip/ulp_memory_subsystem_0/bd_0/ip/ip_2/bd_b35e_psr_aclk_SLR2_0_slr.xdc] for cell 'level0_i/level1/level1_i/ulp/memory_subsystem/inst/reset/psr_aclk_SLR2/U0'
INFO: [Vivado 12-3520] Assignment of 'ACTIVE_LOW_BSR_OUT_DFF[0].FDRE_BSR_N, VCC, SEQ, PR_OUT_DFF[0].FDRE_PER, GND, FDRE_inst, ACTIVE_LOW_PR_OUT_DFF[0].FDRE_PER_N, BSR_OUT_DFF[0].FDRE_BSR, and EXT_LPF' to a pblock 'pblock_dynamic_SLR2' means that all children of 'psr_aclk_SLR2' are in the pblock. Changing the pblock assignment to 'psr_aclk_SLR2'. [/home/devsounio/darwin-atlas-phase-l/build-authorized/_x/link/vivado/vpl/prj/prj.gen/my_rm/bd/ulp/ip/ulp_memory_subsystem_0/bd_0/ip/ip_2/bd_b35e_psr_aclk_SLR2_0_slr.xdc:55]
Finished Parsing XDC File [/home/devsounio/darwin-atlas-phase-l/build-authorized/_x/link/vivado/vpl/prj/prj.gen/my_rm/bd/ulp/ip/ulp_memory_subsystem_0/bd_0/ip/ip_2/bd_b35e_psr_aclk_SLR2_0_slr.xdc] for cell 'level0_i/level1/level1_i/ulp/memory_subsystem/inst/reset/psr_aclk_SLR2/U0'
Parsing XDC File [/home/devsounio/darwin-atlas-phase-l/build-authorized/_x/link/vivado/vpl/prj/prj.gen/my_rm/bd/ulp/ip/ulp_memory_subsystem_0/bd_0/ip/ip_4/bd_b35e_psr_aclk1_SLR0_0_slr.xdc] for cell 'level0_i/level1/level1_i/ulp/memory_subsystem/inst/reset/psr_aclk1_SLR0/U0'
INFO: [Vivado 12-3520] Assignment of 'FDRE_inst, EXT_LPF, ACTIVE_LOW_PR_OUT_DFF[0].FDRE_PER_N, PR_OUT_DFF[0].FDRE_PER, VCC, SEQ, GND, BSR_OUT_DFF[0].FDRE_BSR, and ACTIVE_LOW_BSR_OUT_DFF[0].FDRE_BSR_N' to a pblock 'pblock_dynamic_SLR0' means that all children of 'psr_aclk1_SLR0' are in the pblock. Changing the pblock assignment to 'psr_aclk1_SLR0'. [/home/devsounio/darwin-atlas-phase-l/build-authorized/_x/link/vivado/vpl/prj/prj.gen/my_rm/bd/ulp/ip/ulp_memory_subsystem_0/bd_0/ip/ip_4/bd_b35e_psr_aclk1_SLR0_0_slr.xdc:55]
Finished Parsing XDC File [/home/devsounio/darwin-atlas-phase-l/build-authorized/_x/link/vivado/vpl/prj/prj.gen/my_rm/bd/ulp/ip/ulp_memory_subsystem_0/bd_0/ip/ip_4/bd_b35e_psr_aclk1_SLR0_0_slr.xdc] for cell 'level0_i/level1/level1_i/ulp/memory_subsystem/inst/reset/psr_aclk1_SLR0/U0'
Parsing XDC File [/home/devsounio/darwin-atlas-phase-l/build-authorized/_x/link/vivado/vpl/prj/prj.gen/my_rm/bd/ulp/ip/ulp_memory_subsystem_0/bd_0/ip/ip_5/bd_b35e_psr_aclk1_SLR1_0_slr.xdc] for cell 'level0_i/level1/level1_i/ulp/memory_subsystem/inst/reset/psr_aclk1_SLR1/U0'
INFO: [Vivado 12-3520] Assignment of 'ACTIVE_LOW_PR_OUT_DFF[0].FDRE_PER_N, BSR_OUT_DFF[0].FDRE_BSR, EXT_LPF, FDRE_inst, GND, PR_OUT_DFF[0].FDRE_PER, SEQ, VCC, and ACTIVE_LOW_BSR_OUT_DFF[0].FDRE_BSR_N' to a pblock 'pblock_dynamic_SLR1' means that all children of 'psr_aclk1_SLR1' are in the pblock. Changing the pblock assignment to 'psr_aclk1_SLR1'. [/home/devsounio/darwin-atlas-phase-l/build-authorized/_x/link/vivado/vpl/prj/prj.gen/my_rm/bd/ulp/ip/ulp_memory_subsystem_0/bd_0/ip/ip_5/bd_b35e_psr_aclk1_SLR1_0_slr.xdc:55]
Finished Parsing XDC File [/home/devsounio/darwin-atlas-phase-l/build-authorized/_x/link/vivado/vpl/prj/prj.gen/my_rm/bd/ulp/ip/ulp_memory_subsystem_0/bd_0/ip/ip_5/bd_b35e_psr_aclk1_SLR1_0_slr.xdc] for cell 'level0_i/level1/level1_i/ulp/memory_subsystem/inst/reset/psr_aclk1_SLR1/U0'
Parsing XDC File [/home/devsounio/darwin-atlas-phase-l/build-authorized/_x/link/vivado/vpl/prj/prj.gen/my_rm/bd/ulp/ip/ulp_memory_subsystem_0/bd_0/ip/ip_6/bd_b35e_psr_aclk1_SLR2_0_slr.xdc] for cell 'level0_i/level1/level1_i/ulp/memory_subsystem/inst/reset/psr_aclk1_SLR2/U0'
INFO: [Vivado 12-3520] Assignment of 'ACTIVE_LOW_BSR_OUT_DFF[0].FDRE_BSR_N, ACTIVE_LOW_PR_OUT_DFF[0].FDRE_PER_N, BSR_OUT_DFF[0].FDRE_BSR, FDRE_inst, EXT_LPF, PR_OUT_DFF[0].FDRE_PER, GND, SEQ, and VCC' to a pblock 'pblock_dynamic_SLR2' means that all children of 'psr_aclk1_SLR2' are in the pblock. Changing the pblock assignment to 'psr_aclk1_SLR2'. [/home/devsounio/darwin-atlas-phase-l/build-authorized/_x/link/vivado/vpl/prj/prj.gen/my_rm/bd/ulp/ip/ulp_memory_subsystem_0/bd_0/ip/ip_6/bd_b35e_psr_aclk1_SLR2_0_slr.xdc:55]
Finished Parsing XDC File [/home/devsounio/darwin-atlas-phase-l/build-authorized/_x/link/vivado/vpl/prj/prj.gen/my_rm/bd/ulp/ip/ulp_memory_subsystem_0/bd_0/ip/ip_6/bd_b35e_psr_aclk1_SLR2_0_slr.xdc] for cell 'level0_i/level1/level1_i/ulp/memory_subsystem/inst/reset/psr_aclk1_SLR2/U0'
Parsing XDC File [/home/devsounio/darwin-atlas-phase-l/build-authorized/_x/link/vivado/vpl/prj/prj.gen/my_rm/bd/ulp/ip/ulp_memory_subsystem_0/bd_0/ip/ip_13/bd_b35e_psr_aclk3_SLR1_0_slr.xdc] for cell 'level0_i/level1/level1_i/ulp/memory_subsystem/inst/reset/psr_aclk3_SLR1/U0'
INFO: [Vivado 12-3520] Assignment of 'ACTIVE_LOW_PR_OUT_DFF[0].FDRE_PER_N, EXT_LPF, PR_OUT_DFF[0].FDRE_PER, FDRE_inst, SEQ, VCC, ACTIVE_LOW_BSR_OUT_DFF[0].FDRE_BSR_N, GND, and BSR_OUT_DFF[0].FDRE_BSR' to a pblock 'pblock_dynamic_SLR1' means that all children of 'psr_aclk3_SLR1' are in the pblock. Changing the pblock assignment to 'psr_aclk3_SLR1'. [/home/devsounio/darwin-atlas-phase-l/build-authorized/_x/link/vivado/vpl/prj/prj.gen/my_rm/bd/ulp/ip/ulp_memory_subsystem_0/bd_0/ip/ip_13/bd_b35e_psr_aclk3_SLR1_0_slr.xdc:55]
Finished Parsing XDC File [/home/devsounio/darwin-atlas-phase-l/build-authorized/_x/link/vivado/vpl/prj/prj.gen/my_rm/bd/ulp/ip/ulp_memory_subsystem_0/bd_0/ip/ip_13/bd_b35e_psr_aclk3_SLR1_0_slr.xdc] for cell 'level0_i/level1/level1_i/ulp/memory_subsystem/inst/reset/psr_aclk3_SLR1/U0'
Parsing XDC File [/home/devsounio/darwin-atlas-phase-l/build-authorized/_x/link/vivado/vpl/prj/prj.gen/my_rm/bd/ulp/ip/ulp_memory_subsystem_0/bd_0/ip/ip_45/bd_b35e_rs_M00_AXI_0_clocks.xdc] for cell 'level0_i/level1/level1_i/ulp/memory_subsystem/inst/interconnect/rs_m00_axi/inst'
Finished Parsing XDC File [/home/devsounio/darwin-atlas-phase-l/build-authorized/_x/link/vivado/vpl/prj/prj.gen/my_rm/bd/ulp/ip/ulp_memory_subsystem_0/bd_0/ip/ip_45/bd_b35e_rs_M00_AXI_0_clocks.xdc] for cell 'level0_i/level1/level1_i/ulp/memory_subsystem/inst/interconnect/rs_m00_axi/inst'
Parsing XDC File [/home/devsounio/darwin-atlas-phase-l/build-authorized/_x/link/vivado/vpl/prj/prj.gen/my_rm/bd/ulp/ip/ulp_memory_subsystem_0/bd_0/ip/ip_20/bd_b35e_ddr4_mem00_0_board.xdc] for cell 'level0_i/level1/level1_i/ulp/memory_subsystem/inst/memory/ddr4_mem00/inst'
Finished Parsing XDC File [/home/devsounio/darwin-atlas-phase-l/build-authorized/_x/link/vivado/vpl/prj/prj.gen/my_rm/bd/ulp/ip/ulp_memory_subsystem_0/bd_0/ip/ip_20/bd_b35e_ddr4_mem00_0_board.xdc] for cell 'level0_i/level1/level1_i/ulp/memory_subsystem/inst/memory/ddr4_mem00/inst'
Parsing XDC File [/home/devsounio/darwin-atlas-phase-l/build-authorized/_x/link/vivado/vpl/prj/prj.gen/my_rm/bd/ulp/ip/ulp_memory_subsystem_0/bd_0/ip/ip_22/bd_b35e_ddr4_mem00_ctrl_cc_0_clocks.xdc] for cell 'level0_i/level1/level1_i/ulp/memory_subsystem/inst/memory/ddr4_mem00_ctrl_cc/inst'
Finished Parsing XDC File [/home/devsounio/darwin-atlas-phase-l/build-authorized/_x/link/vivado/vpl/prj/prj.gen/my_rm/bd/ulp/ip/ulp_memory_subsystem_0/bd_0/ip/ip_22/bd_b35e_ddr4_mem00_ctrl_cc_0_clocks.xdc] for cell 'level0_i/level1/level1_i/ulp/memory_subsystem/inst/memory/ddr4_mem00_ctrl_cc/inst'
Parsing XDC File [/home/devsounio/darwin-atlas-phase-l/build-authorized/_x/link/vivado/vpl/prj/prj.gen/my_rm/bd/ulp/ip/ulp_memory_subsystem_0/bd_0/ip/ip_23/bd_b35e_ddr4_mem01_0_board.xdc] for cell 'level0_i/level1/level1_i/ulp/memory_subsystem/inst/memory/ddr4_mem01/inst'
Finished Parsing XDC File [/home/devsounio/darwin-atlas-phase-l/build-authorized/_x/link/vivado/vpl/prj/prj.gen/my_rm/bd/ulp/ip/ulp_memory_subsystem_0/bd_0/ip/ip_23/bd_b35e_ddr4_mem01_0_board.xdc] for cell 'level0_i/level1/level1_i/ulp/memory_subsystem/inst/memory/ddr4_mem01/inst'
Parsing XDC File [/home/devsounio/darwin-atlas-phase-l/build-authorized/_x/link/vivado/vpl/prj/prj.gen/my_rm/bd/ulp/ip/ulp_memory_subsystem_0/bd_0/ip/ip_25/bd_b35e_ddr4_mem01_ctrl_cc_0_clocks.xdc] for cell 'level0_i/level1/level1_i/ulp/memory_subsystem/inst/memory/ddr4_mem01_ctrl_cc/inst'
Finished Parsing XDC File [/home/devsounio/darwin-atlas-phase-l/build-authorized/_x/link/vivado/vpl/prj/prj.gen/my_rm/bd/ulp/ip/ulp_memory_subsystem_0/bd_0/ip/ip_25/bd_b35e_ddr4_mem01_ctrl_cc_0_clocks.xdc] for cell 'level0_i/level1/level1_i/ulp/memory_subsystem/inst/memory/ddr4_mem01_ctrl_cc/inst'
Parsing XDC File [/home/devsounio/darwin-atlas-phase-l/build-authorized/_x/link/vivado/vpl/prj/prj.gen/my_rm/bd/ulp/ip/ulp_memory_subsystem_0/ulp_memory_subsystem_0.xdc] for cell 'level0_i/level1/level1_i/ulp/memory_subsystem/inst'
WARNING: [Vivado 12-156] No cells matched 'interconnect/interconnect_ddr4_mem00/inst/s01_nodes/s01_aw_node/inst/inst_si_handler' [/home/devsounio/darwin-atlas-phase-l/build-authorized/_x/link/vivado/vpl/prj/prj.gen/my_rm/bd/ulp/ip/ulp_memory_subsystem_0/ulp_memory_subsystem_0.xdc:118]
WARNING: [Vivado 12-156] No cells matched 'interconnect/interconnect_ddr4_mem00/inst/s01_nodes/s01_w_node/inst/inst_si_handler' [/home/devsounio/darwin-atlas-phase-l/build-authorized/_x/link/vivado/vpl/prj/prj.gen/my_rm/bd/ulp/ip/ulp_memory_subsystem_0/ulp_memory_subsystem_0.xdc:118]
WARNING: [Vivado 12-156] No cells matched 'interconnect/interconnect_ddr4_mem00/inst/s01_nodes/s01_b_node/inst/inst_mi_handler' [/home/devsounio/darwin-atlas-phase-l/build-authorized/_x/link/vivado/vpl/prj/prj.gen/my_rm/bd/ulp/ip/ulp_memory_subsystem_0/ulp_memory_subsystem_0.xdc:118]
WARNING: [Vivado 12-156] No cells matched 'interconnect/interconnect_ddr4_mem00/inst/s01_nodes/s01_aw_node/inst/inst_mi_handler' [/home/devsounio/darwin-atlas-phase-l/build-authorized/_x/link/vivado/vpl/prj/prj.gen/my_rm/bd/ulp/ip/ulp_memory_subsystem_0/ulp_memory_subsystem_0.xdc:131]
WARNING: [Vivado 12-156] No cells matched 'interconnect/interconnect_ddr4_mem00/inst/s01_nodes/s01_w_node/inst/inst_mi_handler' [/home/devsounio/darwin-atlas-phase-l/build-authorized/_x/link/vivado/vpl/prj/prj.gen/my_rm/bd/ulp/ip/ulp_memory_subsystem_0/ulp_memory_subsystem_0.xdc:131]
WARNING: [Vivado 12-156] No cells matched 'interconnect/interconnect_ddr4_mem00/inst/s01_nodes/s01_b_node/inst/inst_si_handler' [/home/devsounio/darwin-atlas-phase-l/build-authorized/_x/link/vivado/vpl/prj/prj.gen/my_rm/bd/ulp/ip/ulp_memory_subsystem_0/ulp_memory_subsystem_0.xdc:131]
WARNING: [Vivado 12-156] No cells matched 'interconnect/interconnect_ddr4_mem01/inst/s01_nodes/s01_ar_node/inst/inst_si_handler' [/home/devsounio/darwin-atlas-phase-l/build-authorized/_x/link/vivado/vpl/prj/prj.gen/my_rm/bd/ulp/ip/ulp_memory_subsystem_0/ulp_memory_subsystem_0.xdc:193]
WARNING: [Vivado 12-156] No cells matched 'interconnect/interconnect_ddr4_mem01/inst/s01_nodes/s01_r_node/inst/inst_mi_handler' [/home/devsounio/darwin-atlas-phase-l/build-authorized/_x/link/vivado/vpl/prj/prj.gen/my_rm/bd/ulp/ip/ulp_memory_subsystem_0/ulp_memory_subsystem_0.xdc:193]
WARNING: [Vivado 12-156] No cells matched 'interconnect/interconnect_ddr4_mem01/inst/s01_nodes/s01_ar_node/inst/inst_mi_handler' [/home/devsounio/darwin-atlas-phase-l/build-authorized/_x/link/vivado/vpl/prj/prj.gen/my_rm/bd/ulp/ip/ulp_memory_subsystem_0/ulp_memory_subsystem_0.xdc:206]
WARNING: [Vivado 12-156] No cells matched 'interconnect/interconnect_ddr4_mem01/inst/s01_nodes/s01_r_node/inst/inst_si_handler' [/home/devsounio/darwin-atlas-phase-l/build-authorized/_x/link/vivado/vpl/prj/prj.gen/my_rm/bd/ulp/ip/ulp_memory_subsystem_0/ulp_memory_subsystem_0.xdc:206]
WARNING: [Vivado 12-156] No cells matched 'interconnect/interconnect_m00_axi_mem00/inst/s01_nodes/s01_aw_node/inst/inst_si_handler' [/home/devsounio/darwin-atlas-phase-l/build-authorized/_x/link/vivado/vpl/prj/prj.gen/my_rm/bd/ulp/ip/ulp_memory_subsystem_0/ulp_memory_subsystem_0.xdc:268]
WARNING: [Vivado 12-156] No cells matched 'interconnect/interconnect_m00_axi_mem00/inst/s01_nodes/s01_w_node/inst/inst_si_handler' [/home/devsounio/darwin-atlas-phase-l/build-authorized/_x/link/vivado/vpl/prj/prj.gen/my_rm/bd/ulp/ip/ulp_memory_subsystem_0/ulp_memory_subsystem_0.xdc:268]
WARNING: [Vivado 12-156] No cells matched 'interconnect/interconnect_m00_axi_mem00/inst/s01_nodes/s01_b_node/inst/inst_mi_handler' [/home/devsounio/darwin-atlas-phase-l/build-authorized/_x/link/vivado/vpl/prj/prj.gen/my_rm/bd/ulp/ip/ulp_memory_subsystem_0/ulp_memory_subsystem_0.xdc:268]
WARNING: [Vivado 12-156] No cells matched 'interconnect/interconnect_m00_axi_mem00/inst/s01_nodes/s01_aw_node/inst/inst_mi_handler' [/home/devsounio/darwin-atlas-phase-l/build-authorized/_x/link/vivado/vpl/prj/prj.gen/my_rm/bd/ulp/ip/ulp_memory_subsystem_0/ulp_memory_subsystem_0.xdc:281]
WARNING: [Vivado 12-156] No cells matched 'interconnect/interconnect_m00_axi_mem00/inst/s01_nodes/s01_w_node/inst/inst_mi_handler' [/home/devsounio/darwin-atlas-phase-l/build-authorized/_x/link/vivado/vpl/prj/prj.gen/my_rm/bd/ulp/ip/ulp_memory_subsystem_0/ulp_memory_subsystem_0.xdc:281]
WARNING: [Vivado 12-156] No cells matched 'interconnect/interconnect_m00_axi_mem00/inst/s01_nodes/s01_b_node/inst/inst_si_handler' [/home/devsounio/darwin-atlas-phase-l/build-authorized/_x/link/vivado/vpl/prj/prj.gen/my_rm/bd/ulp/ip/ulp_memory_subsystem_0/ulp_memory_subsystem_0.xdc:281]
Finished Parsing XDC File [/home/devsounio/darwin-atlas-phase-l/build-authorized/_x/link/vivado/vpl/prj/prj.gen/my_rm/bd/ulp/ip/ulp_memory_subsystem_0/ulp_memory_subsystem_0.xdc] for cell 'level0_i/level1/level1_i/ulp/memory_subsystem/inst'
Parsing XDC File [/home/devsounio/darwin-atlas-phase-l/build-authorized/_x/link/vivado/vpl/prj/prj.gen/my_rm/bd/ulp/ip/ulp_shell_cmp_subsystem_0_0/bd_1/ip/ip_0/constraints/axi_jtag.xdc] for cell 'level0_i/level1/level1_i/ulp/shell_cmp_subsystem_0/inst/user_debug_bridge/inst/axi_jtag/inst'
Finished Parsing XDC File [/home/devsounio/darwin-atlas-phase-l/build-authorized/_x/link/vivado/vpl/prj/prj.gen/my_rm/bd/ulp/ip/ulp_shell_cmp_subsystem_0_0/bd_1/ip/ip_0/constraints/axi_jtag.xdc] for cell 'level0_i/level1/level1_i/ulp/shell_cmp_subsystem_0/inst/user_debug_bridge/inst/axi_jtag/inst'
Parsing XDC File [/home/devsounio/darwin-atlas-phase-l/build-authorized/_x/link/vivado/vpl/prj/prj.gen/my_rm/bd/ulp/ip/ulp_shell_cmp_subsystem_0_0/bd_1/ip/ip_1/constraints/bsip.xdc] for cell 'level0_i/level1/level1_i/ulp/shell_cmp_subsystem_0/inst/user_debug_bridge/inst/bsip/inst'
Finished Parsing XDC File [/home/devsounio/darwin-atlas-phase-l/build-authorized/_x/link/vivado/vpl/prj/prj.gen/my_rm/bd/ulp/ip/ulp_shell_cmp_subsystem_0_0/bd_1/ip/ip_1/constraints/bsip.xdc] for cell 'level0_i/level1/level1_i/ulp/shell_cmp_subsystem_0/inst/user_debug_bridge/inst/bsip/inst'
Parsing XDC File [/home/devsounio/darwin-atlas-phase-l/build-authorized/_x/link/vivado/vpl/prj/prj.gen/my_rm/bd/ulp/ip/ulp_shell_cmp_subsystem_0_0/ulp_shell_cmp_subsystem_0_0.xdc] for cell 'level0_i/level1/level1_i/ulp/shell_cmp_subsystem_0/inst'
Finished Parsing XDC File [/home/devsounio/darwin-atlas-phase-l/build-authorized/_x/link/vivado/vpl/prj/prj.gen/my_rm/bd/ulp/ip/ulp_shell_cmp_subsystem_0_0/ulp_shell_cmp_subsystem_0_0.xdc] for cell 'level0_i/level1/level1_i/ulp/shell_cmp_subsystem_0/inst'
Parsing XDC File [/home/devsounio/darwin-atlas-phase-l/build-authorized/_x/link/vivado/vpl/prj/prj.gen/my_rm/bd/ulp/ip/ulp_ss_ucs_0/bd_0/ip/ip_111/bd_1361_axi_ic_ctrl_mgmt_freq_imp_auto_cc_0_clocks.xdc] for cell 'level0_i/level1/level1_i/ulp/ss_ucs/inst/frequency_counters/axi_ic_ctrl_mgmt_freq/s00_couplers/auto_cc/inst'
Finished Parsing XDC File [/home/devsounio/darwin-atlas-phase-l/build-authorized/_x/link/vivado/vpl/prj/prj.gen/my_rm/bd/ulp/ip/ulp_ss_ucs_0/bd_0/ip/ip_111/bd_1361_axi_ic_ctrl_mgmt_freq_imp_auto_cc_0_clocks.xdc] for cell 'level0_i/level1/level1_i/ulp/ss_ucs/inst/frequency_counters/axi_ic_ctrl_mgmt_freq/s00_couplers/auto_cc/inst'
Parsing XDC File [/home/devsounio/darwin-atlas-phase-l/build-authorized/_x/link/vivado/vpl/prj/prj.gen/my_rm/bd/ulp/ip/ulp_ss_ucs_0/bd_0/ip/ip_65/bd_1361_clkwiz_aclk_kernel_00_0_late.xdc] for cell 'level0_i/level1/level1_i/ulp/ss_ucs/inst/aclk_kernel_00_hierarchy/clkwiz_aclk_kernel_00/inst'
Finished Parsing XDC File [/home/devsounio/darwin-atlas-phase-l/build-authorized/_x/link/vivado/vpl/prj/prj.gen/my_rm/bd/ulp/ip/ulp_ss_ucs_0/bd_0/ip/ip_65/bd_1361_clkwiz_aclk_kernel_00_0_late.xdc] for cell 'level0_i/level1/level1_i/ulp/ss_ucs/inst/aclk_kernel_00_hierarchy/clkwiz_aclk_kernel_00/inst'
Parsing XDC File [/home/devsounio/darwin-atlas-phase-l/build-authorized/_x/link/vivado/vpl/prj/prj.gen/my_rm/bd/ulp/ip/ulp_ss_ucs_0/bd_0/ip/ip_66/bd_1361_clock_throttling_aclk_kernel_00_0.xdc] for cell 'level0_i/level1/level1_i/ulp/ss_ucs/inst/aclk_kernel_00_hierarchy/clock_throttling_aclk_kernel_00/U0'
Finished Parsing XDC File [/home/devsounio/darwin-atlas-phase-l/build-authorized/_x/link/vivado/vpl/prj/prj.gen/my_rm/bd/ulp/ip/ulp_ss_ucs_0/bd_0/ip/ip_66/bd_1361_clock_throttling_aclk_kernel_00_0.xdc] for cell 'level0_i/level1/level1_i/ulp/ss_ucs/inst/aclk_kernel_00_hierarchy/clock_throttling_aclk_kernel_00/U0'
Parsing XDC File [/home/devsounio/darwin-atlas-phase-l/build-authorized/_x/link/vivado/vpl/prj/prj.gen/my_rm/bd/ulp/ip/ulp_ss_ucs_0/bd_0/ip/ip_89/bd_1361_clkwiz_aclk_kernel_01_0_late.xdc] for cell 'level0_i/level1/level1_i/ulp/ss_ucs/inst/aclk_kernel_01_hierarchy/clkwiz_aclk_kernel_01/inst'
Finished Parsing XDC File [/home/devsounio/darwin-atlas-phase-l/build-authorized/_x/link/vivado/vpl/prj/prj.gen/my_rm/bd/ulp/ip/ulp_ss_ucs_0/bd_0/ip/ip_89/bd_1361_clkwiz_aclk_kernel_01_0_late.xdc] for cell 'level0_i/level1/level1_i/ulp/ss_ucs/inst/aclk_kernel_01_hierarchy/clkwiz_aclk_kernel_01/inst'
Parsing XDC File [/home/devsounio/darwin-atlas-phase-l/build-authorized/_x/link/vivado/vpl/prj/prj.gen/my_rm/bd/ulp/ip/ulp_ss_ucs_0/bd_0/ip/ip_90/bd_1361_clock_throttling_aclk_kernel_01_0.xdc] for cell 'level0_i/level1/level1_i/ulp/ss_ucs/inst/aclk_kernel_01_hierarchy/clock_throttling_aclk_kernel_01/U0'
Finished Parsing XDC File [/home/devsounio/darwin-atlas-phase-l/build-authorized/_x/link/vivado/vpl/prj/prj.gen/my_rm/bd/ulp/ip/ulp_ss_ucs_0/bd_0/ip/ip_90/bd_1361_clock_throttling_aclk_kernel_01_0.xdc] for cell 'level0_i/level1/level1_i/ulp/ss_ucs/inst/aclk_kernel_01_hierarchy/clock_throttling_aclk_kernel_01/U0'
Parsing XDC File [/home/devsounio/darwin-atlas-phase-l/build-authorized/_x/link/vivado/vpl/prj/prj.gen/my_rm/bd/ulp/ip/ulp_ss_ucs_0/ulp_ss_ucs_0.xdc] for cell 'level0_i/level1/level1_i/ulp/ss_ucs/inst'
Finished Parsing XDC File [/home/devsounio/darwin-atlas-phase-l/build-authorized/_x/link/vivado/vpl/prj/prj.gen/my_rm/bd/ulp/ip/ulp_ss_ucs_0/ulp_ss_ucs_0.xdc] for cell 'level0_i/level1/level1_i/ulp/ss_ucs/inst'
Parsing XDC File [/home/devsounio/darwin-atlas-phase-l/build-authorized/_x/link/vivado/vpl/prj/prj.gen/my_rm/bd/ulp/ip/ulp_ii_level1_wire_0/bd_0/ip/ip_7/bd_1860_s_ip_axi_ctrl_mgmt_00_0_clocks.xdc] for cell 'level0_i/level1/level1_i/ulp/ii_level1_wire/inst/pxi_ii_core/inst/s_ip_axi_ctrl_mgmt_00/inst'
Finished Parsing XDC File [/home/devsounio/darwin-atlas-phase-l/build-authorized/_x/link/vivado/vpl/prj/prj.gen/my_rm/bd/ulp/ip/ulp_ii_level1_wire_0/bd_0/ip/ip_7/bd_1860_s_ip_axi_ctrl_mgmt_00_0_clocks.xdc] for cell 'level0_i/level1/level1_i/ulp/ii_level1_wire/inst/pxi_ii_core/inst/s_ip_axi_ctrl_mgmt_00/inst'
Parsing XDC File [/home/devsounio/darwin-atlas-phase-l/build-authorized/_x/link/vivado/vpl/prj/prj.gen/my_rm/bd/ulp/ip/ulp_ii_level1_wire_0/bd_0/ip/ip_8/bd_1860_m_ip_axi_ctrl_mgmt_00_0_clocks.xdc] for cell 'level0_i/level1/level1_i/ulp/ii_level1_wire/inst/pxi_ii_core/inst/m_ip_axi_ctrl_mgmt_00/inst'
Finished Parsing XDC File [/home/devsounio/darwin-atlas-phase-l/build-authorized/_x/link/vivado/vpl/prj/prj.gen/my_rm/bd/ulp/ip/ulp_ii_level1_wire_0/bd_0/ip/ip_8/bd_1860_m_ip_axi_ctrl_mgmt_00_0_clocks.xdc] for cell 'level0_i/level1/level1_i/ulp/ii_level1_wire/inst/pxi_ii_core/inst/m_ip_axi_ctrl_mgmt_00/inst'
Parsing XDC File [/home/devsounio/darwin-atlas-phase-l/build-authorized/_x/link/vivado/vpl/prj/prj.gen/my_rm/bd/ulp/ip/ulp_ii_level1_wire_0/bd_0/ip/ip_9/bd_1860_s_ip_axi_ctrl_mgmt_01_0_clocks.xdc] for cell 'level0_i/level1/level1_i/ulp/ii_level1_wire/inst/pxi_ii_core/inst/s_ip_axi_ctrl_mgmt_01/inst'
Finished Parsing XDC File [/home/devsounio/darwin-atlas-phase-l/build-authorized/_x/link/vivado/vpl/prj/prj.gen/my_rm/bd/ulp/ip/ulp_ii_level1_wire_0/bd_0/ip/ip_9/bd_1860_s_ip_axi_ctrl_mgmt_01_0_clocks.xdc] for cell 'level0_i/level1/level1_i/ulp/ii_level1_wire/inst/pxi_ii_core/inst/s_ip_axi_ctrl_mgmt_01/inst'
Parsing XDC File [/home/devsounio/darwin-atlas-phase-l/build-authorized/_x/link/vivado/vpl/prj/prj.gen/my_rm/bd/ulp/ip/ulp_ii_level1_wire_0/bd_0/ip/ip_10/bd_1860_m_ip_axi_ctrl_mgmt_01_0_clocks.xdc] for cell 'level0_i/level1/level1_i/ulp/ii_level1_wire/inst/pxi_ii_core/inst/m_ip_axi_ctrl_mgmt_01/inst'
Finished Parsing XDC File [/home/devsounio/darwin-atlas-phase-l/build-authorized/_x/link/vivado/vpl/prj/prj.gen/my_rm/bd/ulp/ip/ulp_ii_level1_wire_0/bd_0/ip/ip_10/bd_1860_m_ip_axi_ctrl_mgmt_01_0_clocks.xdc] for cell 'level0_i/level1/level1_i/ulp/ii_level1_wire/inst/pxi_ii_core/inst/m_ip_axi_ctrl_mgmt_01/inst'
Parsing XDC File [/home/devsounio/darwin-atlas-phase-l/build-authorized/_x/link/vivado/vpl/prj/prj.gen/my_rm/bd/ulp/ip/ulp_ii_level1_wire_0/bd_0/ip/ip_11/bd_1860_s_ip_axi_ctrl_user_00_0_clocks.xdc] for cell 'level0_i/level1/level1_i/ulp/ii_level1_wire/inst/pxi_ii_core/inst/s_ip_axi_ctrl_user_00/inst'
Finished Parsing XDC File [/home/devsounio/darwin-atlas-phase-l/build-authorized/_x/link/vivado/vpl/prj/prj.gen/my_rm/bd/ulp/ip/ulp_ii_level1_wire_0/bd_0/ip/ip_11/bd_1860_s_ip_axi_ctrl_user_00_0_clocks.xdc] for cell 'level0_i/level1/level1_i/ulp/ii_level1_wire/inst/pxi_ii_core/inst/s_ip_axi_ctrl_user_00/inst'
Parsing XDC File [/home/devsounio/darwin-atlas-phase-l/build-authorized/_x/link/vivado/vpl/prj/prj.gen/my_rm/bd/ulp/ip/ulp_ii_level1_wire_0/bd_0/ip/ip_12/bd_1860_m_ip_axi_ctrl_user_00_0_clocks.xdc] for cell 'level0_i/level1/level1_i/ulp/ii_level1_wire/inst/pxi_ii_core/inst/m_ip_axi_ctrl_user_00/inst'
Finished Parsing XDC File [/home/devsounio/darwin-atlas-phase-l/build-authorized/_x/link/vivado/vpl/prj/prj.gen/my_rm/bd/ulp/ip/ulp_ii_level1_wire_0/bd_0/ip/ip_12/bd_1860_m_ip_axi_ctrl_user_00_0_clocks.xdc] for cell 'level0_i/level1/level1_i/ulp/ii_level1_wire/inst/pxi_ii_core/inst/m_ip_axi_ctrl_user_00/inst'
Parsing XDC File [/home/devsounio/darwin-atlas-phase-l/build-authorized/_x/link/vivado/vpl/prj/prj.gen/my_rm/bd/ulp/ip/ulp_ii_level1_wire_0/bd_0/ip/ip_13/bd_1860_s_ip_axi_ctrl_user_01_0_clocks.xdc] for cell 'level0_i/level1/level1_i/ulp/ii_level1_wire/inst/pxi_ii_core/inst/s_ip_axi_ctrl_user_01/inst'
Finished Parsing XDC File [/home/devsounio/darwin-atlas-phase-l/build-authorized/_x/link/vivado/vpl/prj/prj.gen/my_rm/bd/ulp/ip/ulp_ii_level1_wire_0/bd_0/ip/ip_13/bd_1860_s_ip_axi_ctrl_user_01_0_clocks.xdc] for cell 'level0_i/level1/level1_i/ulp/ii_level1_wire/inst/pxi_ii_core/inst/s_ip_axi_ctrl_user_01/inst'
Parsing XDC File [/home/devsounio/darwin-atlas-phase-l/build-authorized/_x/link/vivado/vpl/prj/prj.gen/my_rm/bd/ulp/ip/ulp_ii_level1_wire_0/bd_0/ip/ip_14/bd_1860_m_ip_axi_ctrl_user_01_0_clocks.xdc] for cell 'level0_i/level1/level1_i/ulp/ii_level1_wire/inst/pxi_ii_core/inst/m_ip_axi_ctrl_user_01/inst'
Finished Parsing XDC File [/home/devsounio/darwin-atlas-phase-l/build-authorized/_x/link/vivado/vpl/prj/prj.gen/my_rm/bd/ulp/ip/ulp_ii_level1_wire_0/bd_0/ip/ip_14/bd_1860_m_ip_axi_ctrl_user_01_0_clocks.xdc] for cell 'level0_i/level1/level1_i/ulp/ii_level1_wire/inst/pxi_ii_core/inst/m_ip_axi_ctrl_user_01/inst'
Parsing XDC File [/home/devsounio/darwin-atlas-phase-l/build-authorized/_x/link/vivado/vpl/prj/prj.gen/my_rm/bd/ulp/ip/ulp_ii_level1_wire_0/bd_0/ip/ip_15/bd_1860_s_ip_axi_ctrl_user_02_0_clocks.xdc] for cell 'level0_i/level1/level1_i/ulp/ii_level1_wire/inst/pxi_ii_core/inst/s_ip_axi_ctrl_user_02/inst'
Finished Parsing XDC File [/home/devsounio/darwin-atlas-phase-l/build-authorized/_x/link/vivado/vpl/prj/prj.gen/my_rm/bd/ulp/ip/ulp_ii_level1_wire_0/bd_0/ip/ip_15/bd_1860_s_ip_axi_ctrl_user_02_0_clocks.xdc] for cell 'level0_i/level1/level1_i/ulp/ii_level1_wire/inst/pxi_ii_core/inst/s_ip_axi_ctrl_user_02/inst'
Parsing XDC File [/home/devsounio/darwin-atlas-phase-l/build-authorized/_x/link/vivado/vpl/prj/prj.gen/my_rm/bd/ulp/ip/ulp_ii_level1_wire_0/bd_0/ip/ip_16/bd_1860_m_ip_axi_ctrl_user_02_0_clocks.xdc] for cell 'level0_i/level1/level1_i/ulp/ii_level1_wire/inst/pxi_ii_core/inst/m_ip_axi_ctrl_user_02/inst'
Finished Parsing XDC File [/home/devsounio/darwin-atlas-phase-l/build-authorized/_x/link/vivado/vpl/prj/prj.gen/my_rm/bd/ulp/ip/ulp_ii_level1_wire_0/bd_0/ip/ip_16/bd_1860_m_ip_axi_ctrl_user_02_0_clocks.xdc] for cell 'level0_i/level1/level1_i/ulp/ii_level1_wire/inst/pxi_ii_core/inst/m_ip_axi_ctrl_user_02/inst'
Parsing XDC File [/home/devsounio/darwin-atlas-phase-l/build-authorized/_x/link/vivado/vpl/prj/prj.gen/my_rm/bd/ulp/ip/ulp_ii_level1_wire_0/bd_0/ip/ip_17/bd_1860_s_ip_axi_ctrl_user_03_0_clocks.xdc] for cell 'level0_i/level1/level1_i/ulp/ii_level1_wire/inst/pxi_ii_core/inst/s_ip_axi_ctrl_user_03/inst'
Finished Parsing XDC File [/home/devsounio/darwin-atlas-phase-l/build-authorized/_x/link/vivado/vpl/prj/prj.gen/my_rm/bd/ulp/ip/ulp_ii_level1_wire_0/bd_0/ip/ip_17/bd_1860_s_ip_axi_ctrl_user_03_0_clocks.xdc] for cell 'level0_i/level1/level1_i/ulp/ii_level1_wire/inst/pxi_ii_core/inst/s_ip_axi_ctrl_user_03/inst'
Parsing XDC File [/home/devsounio/darwin-atlas-phase-l/build-authorized/_x/link/vivado/vpl/prj/prj.gen/my_rm/bd/ulp/ip/ulp_ii_level1_wire_0/bd_0/ip/ip_18/bd_1860_m_ip_axi_ctrl_user_03_0_clocks.xdc] for cell 'level0_i/level1/level1_i/ulp/ii_level1_wire/inst/pxi_ii_core/inst/m_ip_axi_ctrl_user_03/inst'
Finished Parsing XDC File [/home/devsounio/darwin-atlas-phase-l/build-authorized/_x/link/vivado/vpl/prj/prj.gen/my_rm/bd/ulp/ip/ulp_ii_level1_wire_0/bd_0/ip/ip_18/bd_1860_m_ip_axi_ctrl_user_03_0_clocks.xdc] for cell 'level0_i/level1/level1_i/ulp/ii_level1_wire/inst/pxi_ii_core/inst/m_ip_axi_ctrl_user_03/inst'
Parsing XDC File [/home/devsounio/darwin-atlas-phase-l/build-authorized/_x/link/vivado/vpl/prj/prj.gen/my_rm/bd/ulp/ip/ulp_ii_level1_wire_0/bd_0/ip/ip_19/bd_1860_s_ip_axi_ctrl_user_debug_00_0_clocks.xdc] for cell 'level0_i/level1/level1_i/ulp/ii_level1_wire/inst/pxi_ii_core/inst/s_ip_axi_ctrl_user_debug_00/inst'
Finished Parsing XDC File [/home/devsounio/darwin-atlas-phase-l/build-authorized/_x/link/vivado/vpl/prj/prj.gen/my_rm/bd/ulp/ip/ulp_ii_level1_wire_0/bd_0/ip/ip_19/bd_1860_s_ip_axi_ctrl_user_debug_00_0_clocks.xdc] for cell 'level0_i/level1/level1_i/ulp/ii_level1_wire/inst/pxi_ii_core/inst/s_ip_axi_ctrl_user_debug_00/inst'
Parsing XDC File [/home/devsounio/darwin-atlas-phase-l/build-authorized/_x/link/vivado/vpl/prj/prj.gen/my_rm/bd/ulp/ip/ulp_ii_level1_wire_0/bd_0/ip/ip_20/bd_1860_m_ip_axi_ctrl_user_debug_00_0_clocks.xdc] for cell 'level0_i/level1/level1_i/ulp/ii_level1_wire/inst/pxi_ii_core/inst/m_ip_axi_ctrl_user_debug_00/inst'
Finished Parsing XDC File [/home/devsounio/darwin-atlas-phase-l/build-authorized/_x/link/vivado/vpl/prj/prj.gen/my_rm/bd/ulp/ip/ulp_ii_level1_wire_0/bd_0/ip/ip_20/bd_1860_m_ip_axi_ctrl_user_debug_00_0_clocks.xdc] for cell 'level0_i/level1/level1_i/ulp/ii_level1_wire/inst/pxi_ii_core/inst/m_ip_axi_ctrl_user_debug_00/inst'
Parsing XDC File [/home/devsounio/darwin-atlas-phase-l/build-authorized/_x/link/vivado/vpl/prj/prj.gen/my_rm/bd/ulp/ip/ulp_ii_level1_wire_0/bd_0/ip/ip_21/bd_1860_s_ip_axi_data_c2h_00_0_clocks.xdc] for cell 'level0_i/level1/level1_i/ulp/ii_level1_wire/inst/pxi_ii_core/inst/s_ip_axi_data_c2h_00/inst'
Finished Parsing XDC File [/home/devsounio/darwin-atlas-phase-l/build-authorized/_x/link/vivado/vpl/prj/prj.gen/my_rm/bd/ulp/ip/ulp_ii_level1_wire_0/bd_0/ip/ip_21/bd_1860_s_ip_axi_data_c2h_00_0_clocks.xdc] for cell 'level0_i/level1/level1_i/ulp/ii_level1_wire/inst/pxi_ii_core/inst/s_ip_axi_data_c2h_00/inst'
Parsing XDC File [/home/devsounio/darwin-atlas-phase-l/build-authorized/_x/link/vivado/vpl/prj/prj.gen/my_rm/bd/ulp/ip/ulp_ii_level1_wire_0/bd_0/ip/ip_22/bd_1860_m_ip_axi_data_c2h_00_0_clocks.xdc] for cell 'level0_i/level1/level1_i/ulp/ii_level1_wire/inst/pxi_ii_core/inst/m_ip_axi_data_c2h_00/inst'
Finished Parsing XDC File [/home/devsounio/darwin-atlas-phase-l/build-authorized/_x/link/vivado/vpl/prj/prj.gen/my_rm/bd/ulp/ip/ulp_ii_level1_wire_0/bd_0/ip/ip_22/bd_1860_m_ip_axi_data_c2h_00_0_clocks.xdc] for cell 'level0_i/level1/level1_i/ulp/ii_level1_wire/inst/pxi_ii_core/inst/m_ip_axi_data_c2h_00/inst'
Parsing XDC File [/home/devsounio/darwin-atlas-phase-l/build-authorized/_x/link/vivado/vpl/prj/prj.gen/my_rm/bd/ulp/ip/ulp_ii_level1_wire_0/bd_0/ip/ip_23/bd_1860_s_ip_axi_data_h2c_00_0_clocks.xdc] for cell 'level0_i/level1/level1_i/ulp/ii_level1_wire/inst/pxi_ii_core/inst/s_ip_axi_data_h2c_00/inst'
Finished Parsing XDC File [/home/devsounio/darwin-atlas-phase-l/build-authorized/_x/link/vivado/vpl/prj/prj.gen/my_rm/bd/ulp/ip/ulp_ii_level1_wire_0/bd_0/ip/ip_23/bd_1860_s_ip_axi_data_h2c_00_0_clocks.xdc] for cell 'level0_i/level1/level1_i/ulp/ii_level1_wire/inst/pxi_ii_core/inst/s_ip_axi_data_h2c_00/inst'
Parsing XDC File [/home/devsounio/darwin-atlas-phase-l/build-authorized/_x/link/vivado/vpl/prj/prj.gen/my_rm/bd/ulp/ip/ulp_ii_level1_wire_0/bd_0/ip/ip_24/bd_1860_m_ip_axi_data_h2c_00_0_clocks.xdc] for cell 'level0_i/level1/level1_i/ulp/ii_level1_wire/inst/pxi_ii_core/inst/m_ip_axi_data_h2c_00/inst'
Finished Parsing XDC File [/home/devsounio/darwin-atlas-phase-l/build-authorized/_x/link/vivado/vpl/prj/prj.gen/my_rm/bd/ulp/ip/ulp_ii_level1_wire_0/bd_0/ip/ip_24/bd_1860_m_ip_axi_data_h2c_00_0_clocks.xdc] for cell 'level0_i/level1/level1_i/ulp/ii_level1_wire/inst/pxi_ii_core/inst/m_ip_axi_data_h2c_00/inst'
Parsing XDC File [/home/devsounio/darwin-atlas-phase-l/build-authorized/_x/link/vivado/vpl/prj/prj.gen/my_rm/bd/ulp/ip/ulp_ii_level1_wire_0/bd_0/ip/ip_25/bd_1860_s_ip_axi_data_h2c_01_0_clocks.xdc] for cell 'level0_i/level1/level1_i/ulp/ii_level1_wire/inst/pxi_ii_core/inst/s_ip_axi_data_h2c_01/inst'
Finished Parsing XDC File [/home/devsounio/darwin-atlas-phase-l/build-authorized/_x/link/vivado/vpl/prj/prj.gen/my_rm/bd/ulp/ip/ulp_ii_level1_wire_0/bd_0/ip/ip_25/bd_1860_s_ip_axi_data_h2c_01_0_clocks.xdc] for cell 'level0_i/level1/level1_i/ulp/ii_level1_wire/inst/pxi_ii_core/inst/s_ip_axi_data_h2c_01/inst'
Parsing XDC File [/home/devsounio/darwin-atlas-phase-l/build-authorized/_x/link/vivado/vpl/prj/prj.gen/my_rm/bd/ulp/ip/ulp_ii_level1_wire_0/bd_0/ip/ip_26/bd_1860_m_ip_axi_data_h2c_01_0_clocks.xdc] for cell 'level0_i/level1/level1_i/ulp/ii_level1_wire/inst/pxi_ii_core/inst/m_ip_axi_data_h2c_01/inst'
Finished Parsing XDC File [/home/devsounio/darwin-atlas-phase-l/build-authorized/_x/link/vivado/vpl/prj/prj.gen/my_rm/bd/ulp/ip/ulp_ii_level1_wire_0/bd_0/ip/ip_26/bd_1860_m_ip_axi_data_h2c_01_0_clocks.xdc] for cell 'level0_i/level1/level1_i/ulp/ii_level1_wire/inst/pxi_ii_core/inst/m_ip_axi_data_h2c_01/inst'
Parsing XDC File [/home/devsounio/darwin-atlas-phase-l/build-authorized/_x/link/vivado/vpl/prj/prj.gen/my_rm/bd/ulp/ip/ulp_ii_level1_wire_0/bd_0/ip/ip_27/bd_1860_s_ip_axi_data_h2c_02_0_clocks.xdc] for cell 'level0_i/level1/level1_i/ulp/ii_level1_wire/inst/pxi_ii_core/inst/s_ip_axi_data_h2c_02/inst'
Finished Parsing XDC File [/home/devsounio/darwin-atlas-phase-l/build-authorized/_x/link/vivado/vpl/prj/prj.gen/my_rm/bd/ulp/ip/ulp_ii_level1_wire_0/bd_0/ip/ip_27/bd_1860_s_ip_axi_data_h2c_02_0_clocks.xdc] for cell 'level0_i/level1/level1_i/ulp/ii_level1_wire/inst/pxi_ii_core/inst/s_ip_axi_data_h2c_02/inst'
Parsing XDC File [/home/devsounio/darwin-atlas-phase-l/build-authorized/_x/link/vivado/vpl/prj/prj.gen/my_rm/bd/ulp/ip/ulp_ii_level1_wire_0/bd_0/ip/ip_28/bd_1860_m_ip_axi_data_h2c_02_0_clocks.xdc] for cell 'level0_i/level1/level1_i/ulp/ii_level1_wire/inst/pxi_ii_core/inst/m_ip_axi_data_h2c_02/inst'
Finished Parsing XDC File [/home/devsounio/darwin-atlas-phase-l/build-authorized/_x/link/vivado/vpl/prj/prj.gen/my_rm/bd/ulp/ip/ulp_ii_level1_wire_0/bd_0/ip/ip_28/bd_1860_m_ip_axi_data_h2c_02_0_clocks.xdc] for cell 'level0_i/level1/level1_i/ulp/ii_level1_wire/inst/pxi_ii_core/inst/m_ip_axi_data_h2c_02/inst'
Parsing XDC File [/home/devsounio/darwin-atlas-phase-l/build-authorized/_x/link/vivado/vpl/prj/prj.gen/my_rm/bd/ulp/ip/ulp_ii_level1_wire_0/bd_0/ip/ip_29/bd_1860_s_ip_axi_data_h2c_03_0_clocks.xdc] for cell 'level0_i/level1/level1_i/ulp/ii_level1_wire/inst/pxi_ii_core/inst/s_ip_axi_data_h2c_03/inst'
Finished Parsing XDC File [/home/devsounio/darwin-atlas-phase-l/build-authorized/_x/link/vivado/vpl/prj/prj.gen/my_rm/bd/ulp/ip/ulp_ii_level1_wire_0/bd_0/ip/ip_29/bd_1860_s_ip_axi_data_h2c_03_0_clocks.xdc] for cell 'level0_i/level1/level1_i/ulp/ii_level1_wire/inst/pxi_ii_core/inst/s_ip_axi_data_h2c_03/inst'
Parsing XDC File [/home/devsounio/darwin-atlas-phase-l/build-authorized/_x/link/vivado/vpl/prj/prj.gen/my_rm/bd/ulp/ip/ulp_ii_level1_wire_0/bd_0/ip/ip_30/bd_1860_m_ip_axi_data_h2c_03_0_clocks.xdc] for cell 'level0_i/level1/level1_i/ulp/ii_level1_wire/inst/pxi_ii_core/inst/m_ip_axi_data_h2c_03/inst'
Finished Parsing XDC File [/home/devsounio/darwin-atlas-phase-l/build-authorized/_x/link/vivado/vpl/prj/prj.gen/my_rm/bd/ulp/ip/ulp_ii_level1_wire_0/bd_0/ip/ip_30/bd_1860_m_ip_axi_data_h2c_03_0_clocks.xdc] for cell 'level0_i/level1/level1_i/ulp/ii_level1_wire/inst/pxi_ii_core/inst/m_ip_axi_data_h2c_03/inst'
Parsing XDC File [/home/devsounio/darwin-atlas-phase-l/build-authorized/_x/link/vivado/vpl/prj/prj.gen/my_rm/bd/ulp/ip/ulp_ii_level1_wire_0/bd_0/ip/ip_31/bd_1860_s_ip_axi_data_u2s_00_0_clocks.xdc] for cell 'level0_i/level1/level1_i/ulp/ii_level1_wire/inst/pxi_ii_core/inst/s_ip_axi_data_u2s_00/inst'
Finished Parsing XDC File [/home/devsounio/darwin-atlas-phase-l/build-authorized/_x/link/vivado/vpl/prj/prj.gen/my_rm/bd/ulp/ip/ulp_ii_level1_wire_0/bd_0/ip/ip_31/bd_1860_s_ip_axi_data_u2s_00_0_clocks.xdc] for cell 'level0_i/level1/level1_i/ulp/ii_level1_wire/inst/pxi_ii_core/inst/s_ip_axi_data_u2s_00/inst'
Parsing XDC File [/home/devsounio/darwin-atlas-phase-l/build-authorized/_x/link/vivado/vpl/prj/prj.gen/my_rm/bd/ulp/ip/ulp_ii_level1_wire_0/bd_0/ip/ip_32/bd_1860_m_ip_axi_data_u2s_00_0_clocks.xdc] for cell 'level0_i/level1/level1_i/ulp/ii_level1_wire/inst/pxi_ii_core/inst/m_ip_axi_data_u2s_00/inst'
Finished Parsing XDC File [/home/devsounio/darwin-atlas-phase-l/build-authorized/_x/link/vivado/vpl/prj/prj.gen/my_rm/bd/ulp/ip/ulp_ii_level1_wire_0/bd_0/ip/ip_32/bd_1860_m_ip_axi_data_u2s_00_0_clocks.xdc] for cell 'level0_i/level1/level1_i/ulp/ii_level1_wire/inst/pxi_ii_core/inst/m_ip_axi_data_u2s_00/inst'
Parsing XDC File [/home/devsounio/darwin-atlas-phase-l/build-authorized/_x/link/vivado/vpl/prj/prj.gen/my_rm/bd/ulp/ip/ulp_memory_subsystem_0/bd_0/ip/ip_0/bd_b35e_psr_aclk_SLR0_0_slr.xdc] for cell 'level0_i/level1/level1_i/ulp/memory_subsystem/inst/reset/psr_aclk_SLR0/U0'
Finished Parsing XDC File [/home/devsounio/darwin-atlas-phase-l/build-authorized/_x/link/vivado/vpl/prj/prj.gen/my_rm/bd/ulp/ip/ulp_memory_subsystem_0/bd_0/ip/ip_0/bd_b35e_psr_aclk_SLR0_0_slr.xdc] for cell 'level0_i/level1/level1_i/ulp/memory_subsystem/inst/reset/psr_aclk_SLR0/U0'
Parsing XDC File [/home/devsounio/darwin-atlas-phase-l/build-authorized/_x/link/vivado/vpl/prj/prj.gen/my_rm/bd/ulp/ip/ulp_memory_subsystem_0/bd_0/ip/ip_2/bd_b35e_psr_aclk_SLR2_0_slr.xdc] for cell 'level0_i/level1/level1_i/ulp/memory_subsystem/inst/reset/psr_aclk_SLR2/U0'
Finished Parsing XDC File [/home/devsounio/darwin-atlas-phase-l/build-authorized/_x/link/vivado/vpl/prj/prj.gen/my_rm/bd/ulp/ip/ulp_memory_subsystem_0/bd_0/ip/ip_2/bd_b35e_psr_aclk_SLR2_0_slr.xdc] for cell 'level0_i/level1/level1_i/ulp/memory_subsystem/inst/reset/psr_aclk_SLR2/U0'
Parsing XDC File [/home/devsounio/darwin-atlas-phase-l/build-authorized/_x/link/vivado/vpl/prj/prj.gen/my_rm/bd/ulp/ip/ulp_memory_subsystem_0/bd_0/ip/ip_4/bd_b35e_psr_aclk1_SLR0_0_slr.xdc] for cell 'level0_i/level1/level1_i/ulp/memory_subsystem/inst/reset/psr_aclk1_SLR0/U0'
Finished Parsing XDC File [/home/devsounio/darwin-atlas-phase-l/build-authorized/_x/link/vivado/vpl/prj/prj.gen/my_rm/bd/ulp/ip/ulp_memory_subsystem_0/bd_0/ip/ip_4/bd_b35e_psr_aclk1_SLR0_0_slr.xdc] for cell 'level0_i/level1/level1_i/ulp/memory_subsystem/inst/reset/psr_aclk1_SLR0/U0'
Parsing XDC File [/home/devsounio/darwin-atlas-phase-l/build-authorized/_x/link/vivado/vpl/prj/prj.gen/my_rm/bd/ulp/ip/ulp_memory_subsystem_0/bd_0/ip/ip_5/bd_b35e_psr_aclk1_SLR1_0_slr.xdc] for cell 'level0_i/level1/level1_i/ulp/memory_subsystem/inst/reset/psr_aclk1_SLR1/U0'
Finished Parsing XDC File [/home/devsounio/darwin-atlas-phase-l/build-authorized/_x/link/vivado/vpl/prj/prj.gen/my_rm/bd/ulp/ip/ulp_memory_subsystem_0/bd_0/ip/ip_5/bd_b35e_psr_aclk1_SLR1_0_slr.xdc] for cell 'level0_i/level1/level1_i/ulp/memory_subsystem/inst/reset/psr_aclk1_SLR1/U0'
Parsing XDC File [/home/devsounio/darwin-atlas-phase-l/build-authorized/_x/link/vivado/vpl/prj/prj.gen/my_rm/bd/ulp/ip/ulp_memory_subsystem_0/bd_0/ip/ip_6/bd_b35e_psr_aclk1_SLR2_0_slr.xdc] for cell 'level0_i/level1/level1_i/ulp/memory_subsystem/inst/reset/psr_aclk1_SLR2/U0'
Finished Parsing XDC File [/home/devsounio/darwin-atlas-phase-l/build-authorized/_x/link/vivado/vpl/prj/prj.gen/my_rm/bd/ulp/ip/ulp_memory_subsystem_0/bd_0/ip/ip_6/bd_b35e_psr_aclk1_SLR2_0_slr.xdc] for cell 'level0_i/level1/level1_i/ulp/memory_subsystem/inst/reset/psr_aclk1_SLR2/U0'
Parsing XDC File [/home/devsounio/darwin-atlas-phase-l/build-authorized/_x/link/vivado/vpl/prj/prj.gen/my_rm/bd/ulp/ip/ulp_memory_subsystem_0/bd_0/ip/ip_13/bd_b35e_psr_aclk3_SLR1_0_slr.xdc] for cell 'level0_i/level1/level1_i/ulp/memory_subsystem/inst/reset/psr_aclk3_SLR1/U0'
Finished Parsing XDC File [/home/devsounio/darwin-atlas-phase-l/build-authorized/_x/link/vivado/vpl/prj/prj.gen/my_rm/bd/ulp/ip/ulp_memory_subsystem_0/bd_0/ip/ip_13/bd_b35e_psr_aclk3_SLR1_0_slr.xdc] for cell 'level0_i/level1/level1_i/ulp/memory_subsystem/inst/reset/psr_aclk3_SLR1/U0'
Parsing XDC File [/home/devsounio/darwin-atlas-phase-l/build-authorized/_x/link/vivado/vpl/prj/prj.gen/my_rm/bd/ulp/ip/ulp_memory_subsystem_0/bd_0/ip/ip_45/bd_b35e_rs_M00_AXI_0_clocks.xdc] for cell 'level0_i/level1/level1_i/ulp/memory_subsystem/inst/interconnect/rs_m00_axi/inst'
Finished Parsing XDC File [/home/devsounio/darwin-atlas-phase-l/build-authorized/_x/link/vivado/vpl/prj/prj.gen/my_rm/bd/ulp/ip/ulp_memory_subsystem_0/bd_0/ip/ip_45/bd_b35e_rs_M00_AXI_0_clocks.xdc] for cell 'level0_i/level1/level1_i/ulp/memory_subsystem/inst/interconnect/rs_m00_axi/inst'
Parsing XDC File [/home/devsounio/darwin-atlas-phase-l/build-authorized/_x/link/vivado/vpl/prj/prj.gen/my_rm/bd/ulp/ip/ulp_memory_subsystem_0/bd_0/ip/ip_20/bd_b35e_ddr4_mem00_0_board.xdc] for cell 'level0_i/level1/level1_i/ulp/memory_subsystem/inst/memory/ddr4_mem00/inst'
Finished Parsing XDC File [/home/devsounio/darwin-atlas-phase-l/build-authorized/_x/link/vivado/vpl/prj/prj.gen/my_rm/bd/ulp/ip/ulp_memory_subsystem_0/bd_0/ip/ip_20/bd_b35e_ddr4_mem00_0_board.xdc] for cell 'level0_i/level1/level1_i/ulp/memory_subsystem/inst/memory/ddr4_mem00/inst'
Parsing XDC File [/home/devsounio/darwin-atlas-phase-l/build-authorized/_x/link/vivado/vpl/prj/prj.gen/my_rm/bd/ulp/ip/ulp_memory_subsystem_0/bd_0/ip/ip_22/bd_b35e_ddr4_mem00_ctrl_cc_0_clocks.xdc] for cell 'level0_i/level1/level1_i/ulp/memory_subsystem/inst/memory/ddr4_mem00_ctrl_cc/inst'
Finished Parsing XDC File [/home/devsounio/darwin-atlas-phase-l/build-authorized/_x/link/vivado/vpl/prj/prj.gen/my_rm/bd/ulp/ip/ulp_memory_subsystem_0/bd_0/ip/ip_22/bd_b35e_ddr4_mem00_ctrl_cc_0_clocks.xdc] for cell 'level0_i/level1/level1_i/ulp/memory_subsystem/inst/memory/ddr4_mem00_ctrl_cc/inst'
Parsing XDC File [/home/devsounio/darwin-atlas-phase-l/build-authorized/_x/link/vivado/vpl/prj/prj.gen/my_rm/bd/ulp/ip/ulp_memory_subsystem_0/bd_0/ip/ip_23/bd_b35e_ddr4_mem01_0_board.xdc] for cell 'level0_i/level1/level1_i/ulp/memory_subsystem/inst/memory/ddr4_mem01/inst'
Finished Parsing XDC File [/home/devsounio/darwin-atlas-phase-l/build-authorized/_x/link/vivado/vpl/prj/prj.gen/my_rm/bd/ulp/ip/ulp_memory_subsystem_0/bd_0/ip/ip_23/bd_b35e_ddr4_mem01_0_board.xdc] for cell 'level0_i/level1/level1_i/ulp/memory_subsystem/inst/memory/ddr4_mem01/inst'
Parsing XDC File [/home/devsounio/darwin-atlas-phase-l/build-authorized/_x/link/vivado/vpl/prj/prj.gen/my_rm/bd/ulp/ip/ulp_memory_subsystem_0/bd_0/ip/ip_25/bd_b35e_ddr4_mem01_ctrl_cc_0_clocks.xdc] for cell 'level0_i/level1/level1_i/ulp/memory_subsystem/inst/memory/ddr4_mem01_ctrl_cc/inst'
Finished Parsing XDC File [/home/devsounio/darwin-atlas-phase-l/build-authorized/_x/link/vivado/vpl/prj/prj.gen/my_rm/bd/ulp/ip/ulp_memory_subsystem_0/bd_0/ip/ip_25/bd_b35e_ddr4_mem01_ctrl_cc_0_clocks.xdc] for cell 'level0_i/level1/level1_i/ulp/memory_subsystem/inst/memory/ddr4_mem01_ctrl_cc/inst'
Parsing XDC File [/home/devsounio/darwin-atlas-phase-l/build-authorized/_x/link/vivado/vpl/prj/prj.gen/my_rm/bd/ulp/ip/ulp_memory_subsystem_0/ulp_memory_subsystem_0.xdc] for cell 'level0_i/level1/level1_i/ulp/memory_subsystem/inst'
WARNING: [Vivado 12-156] No cells matched 'interconnect/interconnect_ddr4_mem00/inst/s01_nodes/s01_aw_node/inst/inst_si_handler' [/home/devsounio/darwin-atlas-phase-l/build-authorized/_x/link/vivado/vpl/prj/prj.gen/my_rm/bd/ulp/ip/ulp_memory_subsystem_0/ulp_memory_subsystem_0.xdc:118]
WARNING: [Vivado 12-156] No cells matched 'interconnect/interconnect_ddr4_mem00/inst/s01_nodes/s01_w_node/inst/inst_si_handler' [/home/devsounio/darwin-atlas-phase-l/build-authorized/_x/link/vivado/vpl/prj/prj.gen/my_rm/bd/ulp/ip/ulp_memory_subsystem_0/ulp_memory_subsystem_0.xdc:118]
WARNING: [Vivado 12-156] No cells matched 'interconnect/interconnect_ddr4_mem00/inst/s01_nodes/s01_b_node/inst/inst_mi_handler' [/home/devsounio/darwin-atlas-phase-l/build-authorized/_x/link/vivado/vpl/prj/prj.gen/my_rm/bd/ulp/ip/ulp_memory_subsystem_0/ulp_memory_subsystem_0.xdc:118]
WARNING: [Vivado 12-156] No cells matched 'interconnect/interconnect_ddr4_mem00/inst/s01_nodes/s01_aw_node/inst/inst_mi_handler' [/home/devsounio/darwin-atlas-phase-l/build-authorized/_x/link/vivado/vpl/prj/prj.gen/my_rm/bd/ulp/ip/ulp_memory_subsystem_0/ulp_memory_subsystem_0.xdc:131]
WARNING: [Vivado 12-156] No cells matched 'interconnect/interconnect_ddr4_mem00/inst/s01_nodes/s01_w_node/inst/inst_mi_handler' [/home/devsounio/darwin-atlas-phase-l/build-authorized/_x/link/vivado/vpl/prj/prj.gen/my_rm/bd/ulp/ip/ulp_memory_subsystem_0/ulp_memory_subsystem_0.xdc:131]
WARNING: [Vivado 12-156] No cells matched 'interconnect/interconnect_ddr4_mem00/inst/s01_nodes/s01_b_node/inst/inst_si_handler' [/home/devsounio/darwin-atlas-phase-l/build-authorized/_x/link/vivado/vpl/prj/prj.gen/my_rm/bd/ulp/ip/ulp_memory_subsystem_0/ulp_memory_subsystem_0.xdc:131]
WARNING: [Vivado 12-156] No cells matched 'interconnect/interconnect_ddr4_mem01/inst/s01_nodes/s01_ar_node/inst/inst_si_handler' [/home/devsounio/darwin-atlas-phase-l/build-authorized/_x/link/vivado/vpl/prj/prj.gen/my_rm/bd/ulp/ip/ulp_memory_subsystem_0/ulp_memory_subsystem_0.xdc:193]
WARNING: [Vivado 12-156] No cells matched 'interconnect/interconnect_ddr4_mem01/inst/s01_nodes/s01_r_node/inst/inst_mi_handler' [/home/devsounio/darwin-atlas-phase-l/build-authorized/_x/link/vivado/vpl/prj/prj.gen/my_rm/bd/ulp/ip/ulp_memory_subsystem_0/ulp_memory_subsystem_0.xdc:193]
WARNING: [Vivado 12-156] No cells matched 'interconnect/interconnect_ddr4_mem01/inst/s01_nodes/s01_ar_node/inst/inst_mi_handler' [/home/devsounio/darwin-atlas-phase-l/build-authorized/_x/link/vivado/vpl/prj/prj.gen/my_rm/bd/ulp/ip/ulp_memory_subsystem_0/ulp_memory_subsystem_0.xdc:206]
WARNING: [Vivado 12-156] No cells matched 'interconnect/interconnect_ddr4_mem01/inst/s01_nodes/s01_r_node/inst/inst_si_handler' [/home/devsounio/darwin-atlas-phase-l/build-authorized/_x/link/vivado/vpl/prj/prj.gen/my_rm/bd/ulp/ip/ulp_memory_subsystem_0/ulp_memory_subsystem_0.xdc:206]
WARNING: [Vivado 12-156] No cells matched 'interconnect/interconnect_m00_axi_mem00/inst/s01_nodes/s01_aw_node/inst/inst_si_handler' [/home/devsounio/darwin-atlas-phase-l/build-authorized/_x/link/vivado/vpl/prj/prj.gen/my_rm/bd/ulp/ip/ulp_memory_subsystem_0/ulp_memory_subsystem_0.xdc:268]
WARNING: [Vivado 12-156] No cells matched 'interconnect/interconnect_m00_axi_mem00/inst/s01_nodes/s01_w_node/inst/inst_si_handler' [/home/devsounio/darwin-atlas-phase-l/build-authorized/_x/link/vivado/vpl/prj/prj.gen/my_rm/bd/ulp/ip/ulp_memory_subsystem_0/ulp_memory_subsystem_0.xdc:268]
WARNING: [Vivado 12-156] No cells matched 'interconnect/interconnect_m00_axi_mem00/inst/s01_nodes/s01_b_node/inst/inst_mi_handler' [/home/devsounio/darwin-atlas-phase-l/build-authorized/_x/link/vivado/vpl/prj/prj.gen/my_rm/bd/ulp/ip/ulp_memory_subsystem_0/ulp_memory_subsystem_0.xdc:268]
WARNING: [Vivado 12-156] No cells matched 'interconnect/interconnect_m00_axi_mem00/inst/s01_nodes/s01_aw_node/inst/inst_mi_handler' [/home/devsounio/darwin-atlas-phase-l/build-authorized/_x/link/vivado/vpl/prj/prj.gen/my_rm/bd/ulp/ip/ulp_memory_subsystem_0/ulp_memory_subsystem_0.xdc:281]
WARNING: [Vivado 12-156] No cells matched 'interconnect/interconnect_m00_axi_mem00/inst/s01_nodes/s01_w_node/inst/inst_mi_handler' [/home/devsounio/darwin-atlas-phase-l/build-authorized/_x/link/vivado/vpl/prj/prj.gen/my_rm/bd/ulp/ip/ulp_memory_subsystem_0/ulp_memory_subsystem_0.xdc:281]
WARNING: [Vivado 12-156] No cells matched 'interconnect/interconnect_m00_axi_mem00/inst/s01_nodes/s01_b_node/inst/inst_si_handler' [/home/devsounio/darwin-atlas-phase-l/build-authorized/_x/link/vivado/vpl/prj/prj.gen/my_rm/bd/ulp/ip/ulp_memory_subsystem_0/ulp_memory_subsystem_0.xdc:281]
Finished Parsing XDC File [/home/devsounio/darwin-atlas-phase-l/build-authorized/_x/link/vivado/vpl/prj/prj.gen/my_rm/bd/ulp/ip/ulp_memory_subsystem_0/ulp_memory_subsystem_0.xdc] for cell 'level0_i/level1/level1_i/ulp/memory_subsystem/inst'
Parsing XDC File [/home/devsounio/darwin-atlas-phase-l/build-authorized/_x/link/vivado/vpl/prj/prj.gen/my_rm/bd/ulp/ip/ulp_ss_ucs_0/bd_0/ip/ip_111/bd_1361_axi_ic_ctrl_mgmt_freq_imp_auto_cc_0_clocks.xdc] for cell 'level0_i/level1/level1_i/ulp/ss_ucs/inst/frequency_counters/axi_ic_ctrl_mgmt_freq/s00_couplers/auto_cc/inst'
Finished Parsing XDC File [/home/devsounio/darwin-atlas-phase-l/build-authorized/_x/link/vivado/vpl/prj/prj.gen/my_rm/bd/ulp/ip/ulp_ss_ucs_0/bd_0/ip/ip_111/bd_1361_axi_ic_ctrl_mgmt_freq_imp_auto_cc_0_clocks.xdc] for cell 'level0_i/level1/level1_i/ulp/ss_ucs/inst/frequency_counters/axi_ic_ctrl_mgmt_freq/s00_couplers/auto_cc/inst'
Parsing XDC File [/home/devsounio/darwin-atlas-phase-l/build-authorized/_x/link/vivado/vpl/prj/prj.gen/my_rm/bd/ulp/ip/ulp_ss_ucs_0/bd_0/ip/ip_65/bd_1361_clkwiz_aclk_kernel_00_0_late.xdc] for cell 'level0_i/level1/level1_i/ulp/ss_ucs/inst/aclk_kernel_00_hierarchy/clkwiz_aclk_kernel_00/inst'
Finished Parsing XDC File [/home/devsounio/darwin-atlas-phase-l/build-authorized/_x/link/vivado/vpl/prj/prj.gen/my_rm/bd/ulp/ip/ulp_ss_ucs_0/bd_0/ip/ip_65/bd_1361_clkwiz_aclk_kernel_00_0_late.xdc] for cell 'level0_i/level1/level1_i/ulp/ss_ucs/inst/aclk_kernel_00_hierarchy/clkwiz_aclk_kernel_00/inst'
Parsing XDC File [/home/devsounio/darwin-atlas-phase-l/build-authorized/_x/link/vivado/vpl/prj/prj.gen/my_rm/bd/ulp/ip/ulp_ss_ucs_0/bd_0/ip/ip_66/bd_1361_clock_throttling_aclk_kernel_00_0.xdc] for cell 'level0_i/level1/level1_i/ulp/ss_ucs/inst/aclk_kernel_00_hierarchy/clock_throttling_aclk_kernel_00/U0'
Finished Parsing XDC File [/home/devsounio/darwin-atlas-phase-l/build-authorized/_x/link/vivado/vpl/prj/prj.gen/my_rm/bd/ulp/ip/ulp_ss_ucs_0/bd_0/ip/ip_66/bd_1361_clock_throttling_aclk_kernel_00_0.xdc] for cell 'level0_i/level1/level1_i/ulp/ss_ucs/inst/aclk_kernel_00_hierarchy/clock_throttling_aclk_kernel_00/U0'
Parsing XDC File [/home/devsounio/darwin-atlas-phase-l/build-authorized/_x/link/vivado/vpl/prj/prj.gen/my_rm/bd/ulp/ip/ulp_ss_ucs_0/bd_0/ip/ip_89/bd_1361_clkwiz_aclk_kernel_01_0_late.xdc] for cell 'level0_i/level1/level1_i/ulp/ss_ucs/inst/aclk_kernel_01_hierarchy/clkwiz_aclk_kernel_01/inst'
Finished Parsing XDC File [/home/devsounio/darwin-atlas-phase-l/build-authorized/_x/link/vivado/vpl/prj/prj.gen/my_rm/bd/ulp/ip/ulp_ss_ucs_0/bd_0/ip/ip_89/bd_1361_clkwiz_aclk_kernel_01_0_late.xdc] for cell 'level0_i/level1/level1_i/ulp/ss_ucs/inst/aclk_kernel_01_hierarchy/clkwiz_aclk_kernel_01/inst'
Parsing XDC File [/home/devsounio/darwin-atlas-phase-l/build-authorized/_x/link/vivado/vpl/prj/prj.gen/my_rm/bd/ulp/ip/ulp_ss_ucs_0/bd_0/ip/ip_90/bd_1361_clock_throttling_aclk_kernel_01_0.xdc] for cell 'level0_i/level1/level1_i/ulp/ss_ucs/inst/aclk_kernel_01_hierarchy/clock_throttling_aclk_kernel_01/U0'
Finished Parsing XDC File [/home/devsounio/darwin-atlas-phase-l/build-authorized/_x/link/vivado/vpl/prj/prj.gen/my_rm/bd/ulp/ip/ulp_ss_ucs_0/bd_0/ip/ip_90/bd_1361_clock_throttling_aclk_kernel_01_0.xdc] for cell 'level0_i/level1/level1_i/ulp/ss_ucs/inst/aclk_kernel_01_hierarchy/clock_throttling_aclk_kernel_01/U0'
Parsing XDC File [/home/devsounio/darwin-atlas-phase-l/build-authorized/_x/link/vivado/vpl/prj/prj.gen/my_rm/bd/ulp/ip/ulp_ss_ucs_0/ulp_ss_ucs_0.xdc] for cell 'level0_i/level1/level1_i/ulp/ss_ucs/inst'
Finished Parsing XDC File [/home/devsounio/darwin-atlas-phase-l/build-authorized/_x/link/vivado/vpl/prj/prj.gen/my_rm/bd/ulp/ip/ulp_ss_ucs_0/ulp_ss_ucs_0.xdc] for cell 'level0_i/level1/level1_i/ulp/ss_ucs/inst'
Parsing XDC File [/home/devsounio/darwin-atlas-phase-l/build-authorized/_x/link/vivado/vpl/prj/prj.gen/my_rm/bd/ulp/ip/ulp_ip_cc_axi_data_h2c_00_0/ulp_ip_cc_axi_data_h2c_00_0_clocks.xdc] for cell 'level0_i/level1/level1_i/ulp/ip_cc_axi_data_h2c_00/inst'
WARNING: [Vivado_Tcl 4-935] Waiver ID 'CDC-10' is a duplicate and will not be added again. [/home/devsounio/darwin-atlas-phase-l/build-authorized/_x/link/vivado/vpl/prj/prj.gen/my_rm/bd/ulp/ip/ulp_ip_cc_axi_data_h2c_00_0/ulp_ip_cc_axi_data_h2c_00_0_clocks.xdc:20]
WARNING: [Vivado_Tcl 4-935] Waiver ID 'CDC-11' is a duplicate and will not be added again. [/home/devsounio/darwin-atlas-phase-l/build-authorized/_x/link/vivado/vpl/prj/prj.gen/my_rm/bd/ulp/ip/ulp_ip_cc_axi_data_h2c_00_0/ulp_ip_cc_axi_data_h2c_00_0_clocks.xdc:23]
WARNING: [Vivado_Tcl 4-935] Waiver ID 'CDC-15' is a duplicate and will not be added again. [/home/devsounio/darwin-atlas-phase-l/build-authorized/_x/link/vivado/vpl/prj/prj.gen/my_rm/bd/ulp/ip/ulp_ip_cc_axi_data_h2c_00_0/ulp_ip_cc_axi_data_h2c_00_0_clocks.xdc:26]
WARNING: [Vivado_Tcl 4-935] Waiver ID 'LUTAR-1' is a duplicate and will not be added again. [/home/devsounio/darwin-atlas-phase-l/build-authorized/_x/link/vivado/vpl/prj/prj.gen/my_rm/bd/ulp/ip/ulp_ip_cc_axi_data_h2c_00_0/ulp_ip_cc_axi_data_h2c_00_0_clocks.xdc:30]
Finished Parsing XDC File [/home/devsounio/darwin-atlas-phase-l/build-authorized/_x/link/vivado/vpl/prj/prj.gen/my_rm/bd/ulp/ip/ulp_ip_cc_axi_data_h2c_00_0/ulp_ip_cc_axi_data_h2c_00_0_clocks.xdc] for cell 'level0_i/level1/level1_i/ulp/ip_cc_axi_data_h2c_00/inst'
Parsing XDC File [/home/devsounio/darwin-atlas-phase-l/build-authorized/_x/link/vivado/vpl/prj/prj.gen/my_rm/bd/ulp/ip/ulp_ip_cc_axi_data_h2c_00_0/ulp_ip_cc_axi_data_h2c_00_0_slr.xdc] for cell 'level0_i/level1/level1_i/ulp/ip_cc_axi_data_h2c_00/inst'
Finished Parsing XDC File [/home/devsounio/darwin-atlas-phase-l/build-authorized/_x/link/vivado/vpl/prj/prj.gen/my_rm/bd/ulp/ip/ulp_ip_cc_axi_data_h2c_00_0/ulp_ip_cc_axi_data_h2c_00_0_slr.xdc] for cell 'level0_i/level1/level1_i/ulp/ip_cc_axi_data_h2c_00/inst'
Parsing XDC File [/home/devsounio/darwin-atlas-phase-l/build-authorized/_x/link/vivado/vpl/prj/prj.gen/my_rm/bd/ulp/ip/ulp_ip_cc_axi_data_h2c_01_0/ulp_ip_cc_axi_data_h2c_01_0_clocks.xdc] for cell 'level0_i/level1/level1_i/ulp/ip_cc_axi_data_h2c_01/inst'
WARNING: [Vivado_Tcl 4-935] Waiver ID 'CDC-10' is a duplicate and will not be added again. [/home/devsounio/darwin-atlas-phase-l/build-authorized/_x/link/vivado/vpl/prj/prj.gen/my_rm/bd/ulp/ip/ulp_ip_cc_axi_data_h2c_01_0/ulp_ip_cc_axi_data_h2c_01_0_clocks.xdc:20]
WARNING: [Vivado_Tcl 4-935] Waiver ID 'CDC-11' is a duplicate and will not be added again. [/home/devsounio/darwin-atlas-phase-l/build-authorized/_x/link/vivado/vpl/prj/prj.gen/my_rm/bd/ulp/ip/ulp_ip_cc_axi_data_h2c_01_0/ulp_ip_cc_axi_data_h2c_01_0_clocks.xdc:23]
WARNING: [Vivado_Tcl 4-935] Waiver ID 'CDC-15' is a duplicate and will not be added again. [/home/devsounio/darwin-atlas-phase-l/build-authorized/_x/link/vivado/vpl/prj/prj.gen/my_rm/bd/ulp/ip/ulp_ip_cc_axi_data_h2c_01_0/ulp_ip_cc_axi_data_h2c_01_0_clocks.xdc:26]
WARNING: [Vivado_Tcl 4-935] Waiver ID 'LUTAR-1' is a duplicate and will not be added again. [/home/devsounio/darwin-atlas-phase-l/build-authorized/_x/link/vivado/vpl/prj/prj.gen/my_rm/bd/ulp/ip/ulp_ip_cc_axi_data_h2c_01_0/ulp_ip_cc_axi_data_h2c_01_0_clocks.xdc:30]
Finished Parsing XDC File [/home/devsounio/darwin-atlas-phase-l/build-authorized/_x/link/vivado/vpl/prj/prj.gen/my_rm/bd/ulp/ip/ulp_ip_cc_axi_data_h2c_01_0/ulp_ip_cc_axi_data_h2c_01_0_clocks.xdc] for cell 'level0_i/level1/level1_i/ulp/ip_cc_axi_data_h2c_01/inst'
Parsing XDC File [/home/devsounio/darwin-atlas-phase-l/build-authorized/_x/link/vivado/vpl/prj/prj.gen/my_rm/bd/ulp/ip/ulp_ip_cc_axi_data_h2c_01_0/ulp_ip_cc_axi_data_h2c_01_0_slr.xdc] for cell 'level0_i/level1/level1_i/ulp/ip_cc_axi_data_h2c_01/inst'
Finished Parsing XDC File [/home/devsounio/darwin-atlas-phase-l/build-authorized/_x/link/vivado/vpl/prj/prj.gen/my_rm/bd/ulp/ip/ulp_ip_cc_axi_data_h2c_01_0/ulp_ip_cc_axi_data_h2c_01_0_slr.xdc] for cell 'level0_i/level1/level1_i/ulp/ip_cc_axi_data_h2c_01/inst'
Parsing XDC File [/home/devsounio/darwin-atlas-phase-l/build-authorized/_x/link/vivado/vpl/prj/prj.gen/my_rm/bd/ulp/ip/ulp_ip_cc_axi_data_h2c_02_0/ulp_ip_cc_axi_data_h2c_02_0_clocks.xdc] for cell 'level0_i/level1/level1_i/ulp/ip_cc_axi_data_h2c_02/inst'
WARNING: [Vivado_Tcl 4-935] Waiver ID 'CDC-10' is a duplicate and will not be added again. [/home/devsounio/darwin-atlas-phase-l/build-authorized/_x/link/vivado/vpl/prj/prj.gen/my_rm/bd/ulp/ip/ulp_ip_cc_axi_data_h2c_02_0/ulp_ip_cc_axi_data_h2c_02_0_clocks.xdc:20]
WARNING: [Vivado_Tcl 4-935] Waiver ID 'CDC-11' is a duplicate and will not be added again. [/home/devsounio/darwin-atlas-phase-l/build-authorized/_x/link/vivado/vpl/prj/prj.gen/my_rm/bd/ulp/ip/ulp_ip_cc_axi_data_h2c_02_0/ulp_ip_cc_axi_data_h2c_02_0_clocks.xdc:23]
WARNING: [Vivado_Tcl 4-935] Waiver ID 'CDC-15' is a duplicate and will not be added again. [/home/devsounio/darwin-atlas-phase-l/build-authorized/_x/link/vivado/vpl/prj/prj.gen/my_rm/bd/ulp/ip/ulp_ip_cc_axi_data_h2c_02_0/ulp_ip_cc_axi_data_h2c_02_0_clocks.xdc:26]
WARNING: [Vivado_Tcl 4-935] Waiver ID 'LUTAR-1' is a duplicate and will not be added again. [/home/devsounio/darwin-atlas-phase-l/build-authorized/_x/link/vivado/vpl/prj/prj.gen/my_rm/bd/ulp/ip/ulp_ip_cc_axi_data_h2c_02_0/ulp_ip_cc_axi_data_h2c_02_0_clocks.xdc:30]
Finished Parsing XDC File [/home/devsounio/darwin-atlas-phase-l/build-authorized/_x/link/vivado/vpl/prj/prj.gen/my_rm/bd/ulp/ip/ulp_ip_cc_axi_data_h2c_02_0/ulp_ip_cc_axi_data_h2c_02_0_clocks.xdc] for cell 'level0_i/level1/level1_i/ulp/ip_cc_axi_data_h2c_02/inst'
Parsing XDC File [/home/devsounio/darwin-atlas-phase-l/build-authorized/_x/link/vivado/vpl/prj/prj.gen/my_rm/bd/ulp/ip/ulp_ip_cc_axi_data_h2c_02_0/ulp_ip_cc_axi_data_h2c_02_0_slr.xdc] for cell 'level0_i/level1/level1_i/ulp/ip_cc_axi_data_h2c_02/inst'
Finished Parsing XDC File [/home/devsounio/darwin-atlas-phase-l/build-authorized/_x/link/vivado/vpl/prj/prj.gen/my_rm/bd/ulp/ip/ulp_ip_cc_axi_data_h2c_02_0/ulp_ip_cc_axi_data_h2c_02_0_slr.xdc] for cell 'level0_i/level1/level1_i/ulp/ip_cc_axi_data_h2c_02/inst'
Parsing XDC File [/home/devsounio/darwin-atlas-phase-l/build-authorized/_x/link/vivado/vpl/prj/prj.gen/my_rm/bd/ulp/ip/ulp_ip_cc_axi_data_h2c_03_0/ulp_ip_cc_axi_data_h2c_03_0_clocks.xdc] for cell 'level0_i/level1/level1_i/ulp/ip_cc_axi_data_h2c_03/inst'
WARNING: [Vivado_Tcl 4-935] Waiver ID 'CDC-10' is a duplicate and will not be added again. [/home/devsounio/darwin-atlas-phase-l/build-authorized/_x/link/vivado/vpl/prj/prj.gen/my_rm/bd/ulp/ip/ulp_ip_cc_axi_data_h2c_03_0/ulp_ip_cc_axi_data_h2c_03_0_clocks.xdc:20]
WARNING: [Vivado_Tcl 4-935] Waiver ID 'CDC-11' is a duplicate and will not be added again. [/home/devsounio/darwin-atlas-phase-l/build-authorized/_x/link/vivado/vpl/prj/prj.gen/my_rm/bd/ulp/ip/ulp_ip_cc_axi_data_h2c_03_0/ulp_ip_cc_axi_data_h2c_03_0_clocks.xdc:23]
WARNING: [Vivado_Tcl 4-935] Waiver ID 'CDC-15' is a duplicate and will not be added again. [/home/devsounio/darwin-atlas-phase-l/build-authorized/_x/link/vivado/vpl/prj/prj.gen/my_rm/bd/ulp/ip/ulp_ip_cc_axi_data_h2c_03_0/ulp_ip_cc_axi_data_h2c_03_0_clocks.xdc:26]
WARNING: [Vivado_Tcl 4-935] Waiver ID 'LUTAR-1' is a duplicate and will not be added again. [/home/devsounio/darwin-atlas-phase-l/build-authorized/_x/link/vivado/vpl/prj/prj.gen/my_rm/bd/ulp/ip/ulp_ip_cc_axi_data_h2c_03_0/ulp_ip_cc_axi_data_h2c_03_0_clocks.xdc:30]
Finished Parsing XDC File [/home/devsounio/darwin-atlas-phase-l/build-authorized/_x/link/vivado/vpl/prj/prj.gen/my_rm/bd/ulp/ip/ulp_ip_cc_axi_data_h2c_03_0/ulp_ip_cc_axi_data_h2c_03_0_clocks.xdc] for cell 'level0_i/level1/level1_i/ulp/ip_cc_axi_data_h2c_03/inst'
Parsing XDC File [/home/devsounio/darwin-atlas-phase-l/build-authorized/_x/link/vivado/vpl/prj/prj.gen/my_rm/bd/ulp/ip/ulp_ip_cc_axi_data_h2c_03_0/ulp_ip_cc_axi_data_h2c_03_0_slr.xdc] for cell 'level0_i/level1/level1_i/ulp/ip_cc_axi_data_h2c_03/inst'
Finished Parsing XDC File [/home/devsounio/darwin-atlas-phase-l/build-authorized/_x/link/vivado/vpl/prj/prj.gen/my_rm/bd/ulp/ip/ulp_ip_cc_axi_data_h2c_03_0/ulp_ip_cc_axi_data_h2c_03_0_slr.xdc] for cell 'level0_i/level1/level1_i/ulp/ip_cc_axi_data_h2c_03/inst'
Parsing XDC File [/home/devsounio/darwin-atlas-phase-l/build-authorized/_x/link/vivado/vpl/prj/prj.gen/my_rm/bd/ulp/ip/ulp_ip_rs_axi_data_h2c_03_0/ulp_ip_rs_axi_data_h2c_03_0_clocks.xdc] for cell 'level0_i/level1/level1_i/ulp/ip_rs_axi_data_h2c_03/inst'
WARNING: [Vivado_Tcl 4-935] Waiver ID 'CDC-7' is a duplicate and will not be added again. [/home/devsounio/darwin-atlas-phase-l/build-authorized/_x/link/vivado/vpl/prj/prj.gen/my_rm/bd/ulp/ip/ulp_ip_rs_axi_data_h2c_03_0/ulp_ip_rs_axi_data_h2c_03_0_clocks.xdc:14]
Finished Parsing XDC File [/home/devsounio/darwin-atlas-phase-l/build-authorized/_x/link/vivado/vpl/prj/prj.gen/my_rm/bd/ulp/ip/ulp_ip_rs_axi_data_h2c_03_0/ulp_ip_rs_axi_data_h2c_03_0_clocks.xdc] for cell 'level0_i/level1/level1_i/ulp/ip_rs_axi_data_h2c_03/inst'
Parsing XDC File [/home/devsounio/darwin-atlas-phase-l/build-authorized/_x/link/vivado/vpl/prj/prj.gen/my_rm/bd/ulp/ip/ulp_ip_rs_axi_ctrl_user_03_0/ulp_ip_rs_axi_ctrl_user_03_0_clocks.xdc] for cell 'level0_i/level1/level1_i/ulp/ip_rs_axi_ctrl_user_03/inst'
WARNING: [Vivado_Tcl 4-935] Waiver ID 'CDC-7' is a duplicate and will not be added again. [/home/devsounio/darwin-atlas-phase-l/build-authorized/_x/link/vivado/vpl/prj/prj.gen/my_rm/bd/ulp/ip/ulp_ip_rs_axi_ctrl_user_03_0/ulp_ip_rs_axi_ctrl_user_03_0_clocks.xdc:14]
Finished Parsing XDC File [/home/devsounio/darwin-atlas-phase-l/build-authorized/_x/link/vivado/vpl/prj/prj.gen/my_rm/bd/ulp/ip/ulp_ip_rs_axi_ctrl_user_03_0/ulp_ip_rs_axi_ctrl_user_03_0_clocks.xdc] for cell 'level0_i/level1/level1_i/ulp/ip_rs_axi_ctrl_user_03/inst'
Parsing XDC File [/home/devsounio/darwin-atlas-phase-l/build-authorized/_x/link/vivado/vpl/prj/prj.gen/my_rm/bd/ulp/ip/ulp_ip_rs_axi_data_c2h_00_0/ulp_ip_rs_axi_data_c2h_00_0_clocks.xdc] for cell 'level0_i/level1/level1_i/ulp/ip_rs_axi_data_c2h_00/inst'
Finished Parsing XDC File [/home/devsounio/darwin-atlas-phase-l/build-authorized/_x/link/vivado/vpl/prj/prj.gen/my_rm/bd/ulp/ip/ulp_ip_rs_axi_data_c2h_00_0/ulp_ip_rs_axi_data_c2h_00_0_clocks.xdc] for cell 'level0_i/level1/level1_i/ulp/ip_rs_axi_data_c2h_00/inst'
Parsing XDC File [/home/devsounio/darwin-atlas-phase-l/build-authorized/_x/link/vivado/vpl/prj/prj.gen/my_rm/bd/ulp/ip/ulp_ict_axi_ctrl_mgmt_00_imp_s00_regslice_0/ulp_ict_axi_ctrl_mgmt_00_imp_s00_regslice_0_clocks.xdc] for cell 'level0_i/level1/level1_i/ulp/ict_axi_ctrl_mgmt_00/s00_couplers/s00_regslice/inst'
Finished Parsing XDC File [/home/devsounio/darwin-atlas-phase-l/build-authorized/_x/link/vivado/vpl/prj/prj.gen/my_rm/bd/ulp/ip/ulp_ict_axi_ctrl_mgmt_00_imp_s00_regslice_0/ulp_ict_axi_ctrl_mgmt_00_imp_s00_regslice_0_clocks.xdc] for cell 'level0_i/level1/level1_i/ulp/ict_axi_ctrl_mgmt_00/s00_couplers/s00_regslice/inst'
Parsing XDC File [/home/devsounio/darwin-atlas-phase-l/build-authorized/_x/link/vivado/vpl/prj/prj.gen/my_rm/bd/ulp/ip/ulp_ict_axi_ctrl_mgmt_01_imp_s00_regslice_0/ulp_ict_axi_ctrl_mgmt_01_imp_s00_regslice_0_clocks.xdc] for cell 'level0_i/level1/level1_i/ulp/ict_axi_ctrl_mgmt_01/s00_couplers/s00_regslice/inst'
Finished Parsing XDC File [/home/devsounio/darwin-atlas-phase-l/build-authorized/_x/link/vivado/vpl/prj/prj.gen/my_rm/bd/ulp/ip/ulp_ict_axi_ctrl_mgmt_01_imp_s00_regslice_0/ulp_ict_axi_ctrl_mgmt_01_imp_s00_regslice_0_clocks.xdc] for cell 'level0_i/level1/level1_i/ulp/ict_axi_ctrl_mgmt_01/s00_couplers/s00_regslice/inst'
Parsing XDC File [/home/devsounio/darwin-atlas-phase-l/build-authorized/_x/link/vivado/vpl/prj/prj.gen/my_rm/bd/ulp/ip/ulp_ict_axi_ctrl_mgmt_01_imp_m00_regslice_0/ulp_ict_axi_ctrl_mgmt_01_imp_m00_regslice_0_clocks.xdc] for cell 'level0_i/level1/level1_i/ulp/ict_axi_ctrl_mgmt_01/m00_couplers/m00_regslice/inst'
Finished Parsing XDC File [/home/devsounio/darwin-atlas-phase-l/build-authorized/_x/link/vivado/vpl/prj/prj.gen/my_rm/bd/ulp/ip/ulp_ict_axi_ctrl_mgmt_01_imp_m00_regslice_0/ulp_ict_axi_ctrl_mgmt_01_imp_m00_regslice_0_clocks.xdc] for cell 'level0_i/level1/level1_i/ulp/ict_axi_ctrl_mgmt_01/m00_couplers/m00_regslice/inst'
Parsing XDC File [/home/devsounio/darwin-atlas-phase-l/build-authorized/_x/link/vivado/vpl/prj/prj.gen/my_rm/bd/ulp/ip/ulp_ict_axi_ctrl_mgmt_01_imp_m01_regslice_0/ulp_ict_axi_ctrl_mgmt_01_imp_m01_regslice_0_clocks.xdc] for cell 'level0_i/level1/level1_i/ulp/ict_axi_ctrl_mgmt_01/m01_couplers/m01_regslice/inst'
Finished Parsing XDC File [/home/devsounio/darwin-atlas-phase-l/build-authorized/_x/link/vivado/vpl/prj/prj.gen/my_rm/bd/ulp/ip/ulp_ict_axi_ctrl_mgmt_01_imp_m01_regslice_0/ulp_ict_axi_ctrl_mgmt_01_imp_m01_regslice_0_clocks.xdc] for cell 'level0_i/level1/level1_i/ulp/ict_axi_ctrl_mgmt_01/m01_couplers/m01_regslice/inst'
Parsing XDC File [/home/devsounio/darwin-atlas-phase-l/build-authorized/_x/link/vivado/vpl/prj/prj.gen/my_rm/bd/ulp/ip/ulp_ict_axi_ctrl_mgmt_01_imp_m02_regslice_0/ulp_ict_axi_ctrl_mgmt_01_imp_m02_regslice_0_clocks.xdc] for cell 'level0_i/level1/level1_i/ulp/ict_axi_ctrl_mgmt_01/m02_couplers/m02_regslice/inst'
Finished Parsing XDC File [/home/devsounio/darwin-atlas-phase-l/build-authorized/_x/link/vivado/vpl/prj/prj.gen/my_rm/bd/ulp/ip/ulp_ict_axi_ctrl_mgmt_01_imp_m02_regslice_0/ulp_ict_axi_ctrl_mgmt_01_imp_m02_regslice_0_clocks.xdc] for cell 'level0_i/level1/level1_i/ulp/ict_axi_ctrl_mgmt_01/m02_couplers/m02_regslice/inst'
Parsing XDC File [/home/devsounio/darwin-atlas-phase-l/build-authorized/_x/link/vivado/vpl/prj/prj.gen/my_rm/bd/ulp/ip/ulp_ict_axi_ctrl_mgmt_01_imp_m03_regslice_0/ulp_ict_axi_ctrl_mgmt_01_imp_m03_regslice_0_clocks.xdc] for cell 'level0_i/level1/level1_i/ulp/ict_axi_ctrl_mgmt_01/m03_couplers/m03_regslice/inst'
Finished Parsing XDC File [/home/devsounio/darwin-atlas-phase-l/build-authorized/_x/link/vivado/vpl/prj/prj.gen/my_rm/bd/ulp/ip/ulp_ict_axi_ctrl_mgmt_01_imp_m03_regslice_0/ulp_ict_axi_ctrl_mgmt_01_imp_m03_regslice_0_clocks.xdc] for cell 'level0_i/level1/level1_i/ulp/ict_axi_ctrl_mgmt_01/m03_couplers/m03_regslice/inst'
Parsing XDC File [/home/devsounio/darwin-atlas-phase-l/build-authorized/_x/link/vivado/vpl/prj/prj.gen/my_rm/bd/ulp/ip/ulp_ict_axi_ctrl_user_00_imp_s00_regslice_0/ulp_ict_axi_ctrl_user_00_imp_s00_regslice_0_clocks.xdc] for cell 'level0_i/level1/level1_i/ulp/ict_axi_ctrl_user_00/s00_couplers/s00_regslice/inst'
Finished Parsing XDC File [/home/devsounio/darwin-atlas-phase-l/build-authorized/_x/link/vivado/vpl/prj/prj.gen/my_rm/bd/ulp/ip/ulp_ict_axi_ctrl_user_00_imp_s00_regslice_0/ulp_ict_axi_ctrl_user_00_imp_s00_regslice_0_clocks.xdc] for cell 'level0_i/level1/level1_i/ulp/ict_axi_ctrl_user_00/s00_couplers/s00_regslice/inst'
Parsing XDC File [/home/devsounio/darwin-atlas-phase-l/build-authorized/_x/link/vivado/vpl/prj/prj.gen/my_rm/bd/ulp/ip/ulp_ict_axi_ctrl_user_00_imp_m00_regslice_0/ulp_ict_axi_ctrl_user_00_imp_m00_regslice_0_clocks.xdc] for cell 'level0_i/level1/level1_i/ulp/ict_axi_ctrl_user_00/m00_couplers/m00_regslice/inst'
Finished Parsing XDC File [/home/devsounio/darwin-atlas-phase-l/build-authorized/_x/link/vivado/vpl/prj/prj.gen/my_rm/bd/ulp/ip/ulp_ict_axi_ctrl_user_00_imp_m00_regslice_0/ulp_ict_axi_ctrl_user_00_imp_m00_regslice_0_clocks.xdc] for cell 'level0_i/level1/level1_i/ulp/ict_axi_ctrl_user_00/m00_couplers/m00_regslice/inst'
Parsing XDC File [/home/devsounio/darwin-atlas-phase-l/build-authorized/_x/link/vivado/vpl/prj/prj.gen/my_rm/bd/ulp/ip/ulp_ict_axi_ctrl_user_00_imp_m01_regslice_0/ulp_ict_axi_ctrl_user_00_imp_m01_regslice_0_clocks.xdc] for cell 'level0_i/level1/level1_i/ulp/ict_axi_ctrl_user_00/m01_couplers/m01_regslice/inst'
Finished Parsing XDC File [/home/devsounio/darwin-atlas-phase-l/build-authorized/_x/link/vivado/vpl/prj/prj.gen/my_rm/bd/ulp/ip/ulp_ict_axi_ctrl_user_00_imp_m01_regslice_0/ulp_ict_axi_ctrl_user_00_imp_m01_regslice_0_clocks.xdc] for cell 'level0_i/level1/level1_i/ulp/ict_axi_ctrl_user_00/m01_couplers/m01_regslice/inst'
Parsing XDC File [/home/devsounio/darwin-atlas-phase-l/build-authorized/_x/link/vivado/vpl/prj/prj.gen/my_rm/bd/ulp/ip/ulp_ict_axi_ctrl_user_00_imp_auto_cc_0/ulp_ict_axi_ctrl_user_00_imp_auto_cc_0_clocks.xdc] for cell 'level0_i/level1/level1_i/ulp/ict_axi_ctrl_user_00/m01_couplers/auto_cc/inst'
Finished Parsing XDC File [/home/devsounio/darwin-atlas-phase-l/build-authorized/_x/link/vivado/vpl/prj/prj.gen/my_rm/bd/ulp/ip/ulp_ict_axi_ctrl_user_00_imp_auto_cc_0/ulp_ict_axi_ctrl_user_00_imp_auto_cc_0_clocks.xdc] for cell 'level0_i/level1/level1_i/ulp/ict_axi_ctrl_user_00/m01_couplers/auto_cc/inst'
Parsing XDC File [/home/devsounio/darwin-atlas-phase-l/build-authorized/_x/link/vivado/vpl/prj/prj.gen/my_rm/bd/ulp/ip/ulp_ict_axi_ctrl_user_01_imp_s00_regslice_0/ulp_ict_axi_ctrl_user_01_imp_s00_regslice_0_clocks.xdc] for cell 'level0_i/level1/level1_i/ulp/ict_axi_ctrl_user_01/s00_couplers/s00_regslice/inst'
Finished Parsing XDC File [/home/devsounio/darwin-atlas-phase-l/build-authorized/_x/link/vivado/vpl/prj/prj.gen/my_rm/bd/ulp/ip/ulp_ict_axi_ctrl_user_01_imp_s00_regslice_0/ulp_ict_axi_ctrl_user_01_imp_s00_regslice_0_clocks.xdc] for cell 'level0_i/level1/level1_i/ulp/ict_axi_ctrl_user_01/s00_couplers/s00_regslice/inst'
Parsing XDC File [/home/devsounio/darwin-atlas-phase-l/build-authorized/_x/link/vivado/vpl/prj/prj.gen/my_rm/bd/ulp/ip/ulp_ict_axi_ctrl_user_02_imp_s00_regslice_0/ulp_ict_axi_ctrl_user_02_imp_s00_regslice_0_clocks.xdc] for cell 'level0_i/level1/level1_i/ulp/ict_axi_ctrl_user_02/s00_couplers/s00_regslice/inst'
Finished Parsing XDC File [/home/devsounio/darwin-atlas-phase-l/build-authorized/_x/link/vivado/vpl/prj/prj.gen/my_rm/bd/ulp/ip/ulp_ict_axi_ctrl_user_02_imp_s00_regslice_0/ulp_ict_axi_ctrl_user_02_imp_s00_regslice_0_clocks.xdc] for cell 'level0_i/level1/level1_i/ulp/ict_axi_ctrl_user_02/s00_couplers/s00_regslice/inst'
Parsing XDC File [/home/devsounio/darwin-atlas-phase-l/build-authorized/_x/link/vivado/vpl/prj/prj.gen/my_rm/bd/ulp/ip/ulp_ict_axi_ctrl_user_03_imp_s00_regslice_0/ulp_ict_axi_ctrl_user_03_imp_s00_regslice_0_clocks.xdc] for cell 'level0_i/level1/level1_i/ulp/ict_axi_ctrl_user_03/s00_couplers/s00_regslice/inst'
Finished Parsing XDC File [/home/devsounio/darwin-atlas-phase-l/build-authorized/_x/link/vivado/vpl/prj/prj.gen/my_rm/bd/ulp/ip/ulp_ict_axi_ctrl_user_03_imp_s00_regslice_0/ulp_ict_axi_ctrl_user_03_imp_s00_regslice_0_clocks.xdc] for cell 'level0_i/level1/level1_i/ulp/ict_axi_ctrl_user_03/s00_couplers/s00_regslice/inst'
Parsing XDC File [/home/devsounio/darwin-atlas-phase-l/build-authorized/_x/link/vivado/vpl/prj/prj.gen/my_rm/bd/ulp/ip/ulp_ict_axi_ctrl_user_debug_00_imp_s00_regslice_0/ulp_ict_axi_ctrl_user_debug_00_imp_s00_regslice_0_clocks.xdc] for cell 'level0_i/level1/level1_i/ulp/ict_axi_ctrl_user_debug_00/s00_couplers/s00_regslice/inst'
Finished Parsing XDC File [/home/devsounio/darwin-atlas-phase-l/build-authorized/_x/link/vivado/vpl/prj/prj.gen/my_rm/bd/ulp/ip/ulp_ict_axi_ctrl_user_debug_00_imp_s00_regslice_0/ulp_ict_axi_ctrl_user_debug_00_imp_s00_regslice_0_clocks.xdc] for cell 'level0_i/level1/level1_i/ulp/ict_axi_ctrl_user_debug_00/s00_couplers/s00_regslice/inst'
Parsing XDC File [/home/devsounio/darwin-atlas-phase-l/build-authorized/_x/link/vivado/vpl/prj/prj.gen/my_rm/bd/ulp/ip/ulp_shell_cmp_subsystem_0_0/bd_1/ip/ip_0/constraints/axi_jtag.xdc] for cell 'level0_i/level1/level1_i/ulp/shell_cmp_subsystem_0/inst/user_debug_bridge/inst/axi_jtag/inst'
WARNING: [Constraints 18-619] A clock with name 'level0_i/level1/level1_i/ulp/shell_cmp_subsystem_0/inst/user_debug_bridge/inst/axi_jtag/inst/u_jtag_proc/tck_i_reg/Q' already exists, overwriting the previous clock with the same name. [/home/devsounio/darwin-atlas-phase-l/build-authorized/_x/link/vivado/vpl/prj/prj.gen/my_rm/bd/ulp/ip/ulp_shell_cmp_subsystem_0_0/bd_1/ip/ip_0/constraints/axi_jtag.xdc:8]
WARNING: [Vivado_Tcl 4-935] Waiver ID 'CDC-1' is a duplicate and will not be added again. [/home/devsounio/darwin-atlas-phase-l/build-authorized/_x/link/vivado/vpl/prj/prj.gen/my_rm/bd/ulp/ip/ulp_shell_cmp_subsystem_0_0/bd_1/ip/ip_0/constraints/axi_jtag.xdc:16]
WARNING: [Vivado_Tcl 4-935] Waiver ID 'CDC-1' is a duplicate and will not be added again. [/home/devsounio/darwin-atlas-phase-l/build-authorized/_x/link/vivado/vpl/prj/prj.gen/my_rm/bd/ulp/ip/ulp_shell_cmp_subsystem_0_0/bd_1/ip/ip_0/constraints/axi_jtag.xdc:17]
WARNING: [Vivado_Tcl 4-935] Waiver ID 'CDC-15' is a duplicate and will not be added again. [/home/devsounio/darwin-atlas-phase-l/build-authorized/_x/link/vivado/vpl/prj/prj.gen/my_rm/bd/ulp/ip/ulp_shell_cmp_subsystem_0_0/bd_1/ip/ip_0/constraints/axi_jtag.xdc:18]
Finished Parsing XDC File [/home/devsounio/darwin-atlas-phase-l/build-authorized/_x/link/vivado/vpl/prj/prj.gen/my_rm/bd/ulp/ip/ulp_shell_cmp_subsystem_0_0/bd_1/ip/ip_0/constraints/axi_jtag.xdc] for cell 'level0_i/level1/level1_i/ulp/shell_cmp_subsystem_0/inst/user_debug_bridge/inst/axi_jtag/inst'
Parsing XDC File [/home/devsounio/darwin-atlas-phase-l/build-authorized/_x/link/vivado/vpl/prj/prj.gen/my_rm/bd/ulp/ip/ulp_shell_cmp_subsystem_0_0/bd_1/ip/ip_1/constraints/bsip.xdc] for cell 'level0_i/level1/level1_i/ulp/shell_cmp_subsystem_0/inst/user_debug_bridge/inst/bsip/inst'
WARNING: [Constraints 18-619] A clock with name 'level0_i/level1/level1_i/ulp/shell_cmp_subsystem_0/inst/user_debug_bridge/inst/bsip/inst/USE_SOFTBSCAN.U_BSCAN_TAP/U_BASETAP/U_TAP/UPDATEDR_O_reg/Q' already exists, overwriting the previous clock with the same name. [/home/devsounio/darwin-atlas-phase-l/build-authorized/_x/link/vivado/vpl/prj/prj.gen/my_rm/bd/ulp/ip/ulp_shell_cmp_subsystem_0_0/bd_1/ip/ip_1/constraints/bsip.xdc:8]
Finished Parsing XDC File [/home/devsounio/darwin-atlas-phase-l/build-authorized/_x/link/vivado/vpl/prj/prj.gen/my_rm/bd/ulp/ip/ulp_shell_cmp_subsystem_0_0/bd_1/ip/ip_1/constraints/bsip.xdc] for cell 'level0_i/level1/level1_i/ulp/shell_cmp_subsystem_0/inst/user_debug_bridge/inst/bsip/inst'
Parsing XDC File [/home/devsounio/darwin-atlas-phase-l/build-authorized/_x/link/vivado/vpl/prj/prj.gen/my_rm/bd/ulp/ip/ulp_shell_cmp_subsystem_0_0/ulp_shell_cmp_subsystem_0_0.xdc] for cell 'level0_i/level1/level1_i/ulp/shell_cmp_subsystem_0/inst'
Finished Parsing XDC File [/home/devsounio/darwin-atlas-phase-l/build-authorized/_x/link/vivado/vpl/prj/prj.gen/my_rm/bd/ulp/ip/ulp_shell_cmp_subsystem_0_0/ulp_shell_cmp_subsystem_0_0.xdc] for cell 'level0_i/level1/level1_i/ulp/shell_cmp_subsystem_0/inst'
Parsing XDC File [/home/devsounio/darwin-atlas-phase-l/build-authorized/_x/link/vivado/vpl/prj/prj.gen/my_rm/bd/ulp/ip/ulp_ip_gpio_debug_axi_ctrl_mgmt_00_0/ulp_ip_gpio_debug_axi_ctrl_mgmt_00_0_slr.xdc] for cell 'level0_i/level1/level1_i/ulp/ip_gpio_debug_axi_ctrl_mgmt_00/U0'
Finished Parsing XDC File [/home/devsounio/darwin-atlas-phase-l/build-authorized/_x/link/vivado/vpl/prj/prj.gen/my_rm/bd/ulp/ip/ulp_ip_gpio_debug_axi_ctrl_mgmt_00_0/ulp_ip_gpio_debug_axi_ctrl_mgmt_00_0_slr.xdc] for cell 'level0_i/level1/level1_i/ulp/ip_gpio_debug_axi_ctrl_mgmt_00/U0'
Parsing XDC File [/home/devsounio/darwin-atlas-phase-l/build-authorized/_x/link/vivado/vpl/prj/prj.gen/my_rm/bd/ulp/ip/ulp_ip_gpio_debug_axi_ctrl_mgmt_01_0/ulp_ip_gpio_debug_axi_ctrl_mgmt_01_0_slr.xdc] for cell 'level0_i/level1/level1_i/ulp/ip_gpio_debug_axi_ctrl_mgmt_01/U0'
Finished Parsing XDC File [/home/devsounio/darwin-atlas-phase-l/build-authorized/_x/link/vivado/vpl/prj/prj.gen/my_rm/bd/ulp/ip/ulp_ip_gpio_debug_axi_ctrl_mgmt_01_0/ulp_ip_gpio_debug_axi_ctrl_mgmt_01_0_slr.xdc] for cell 'level0_i/level1/level1_i/ulp/ip_gpio_debug_axi_ctrl_mgmt_01/U0'
Parsing XDC File [/home/devsounio/darwin-atlas-phase-l/build-authorized/_x/link/vivado/vpl/prj/prj.gen/my_rm/bd/ulp/ip/ulp_ip_gpio_debug_axi_ctrl_user_00_0/ulp_ip_gpio_debug_axi_ctrl_user_00_0_slr.xdc] for cell 'level0_i/level1/level1_i/ulp/ip_gpio_debug_axi_ctrl_user_00/U0'
Finished Parsing XDC File [/home/devsounio/darwin-atlas-phase-l/build-authorized/_x/link/vivado/vpl/prj/prj.gen/my_rm/bd/ulp/ip/ulp_ip_gpio_debug_axi_ctrl_user_00_0/ulp_ip_gpio_debug_axi_ctrl_user_00_0_slr.xdc] for cell 'level0_i/level1/level1_i/ulp/ip_gpio_debug_axi_ctrl_user_00/U0'
Parsing XDC File [/home/devsounio/darwin-atlas-phase-l/build-authorized/_x/link/vivado/vpl/prj/prj.gen/my_rm/bd/ulp/ip/ulp_ip_gpio_debug_axi_ctrl_user_01_0/ulp_ip_gpio_debug_axi_ctrl_user_01_0_slr.xdc] for cell 'level0_i/level1/level1_i/ulp/ip_gpio_debug_axi_ctrl_user_01/U0'
Finished Parsing XDC File [/home/devsounio/darwin-atlas-phase-l/build-authorized/_x/link/vivado/vpl/prj/prj.gen/my_rm/bd/ulp/ip/ulp_ip_gpio_debug_axi_ctrl_user_01_0/ulp_ip_gpio_debug_axi_ctrl_user_01_0_slr.xdc] for cell 'level0_i/level1/level1_i/ulp/ip_gpio_debug_axi_ctrl_user_01/U0'
Parsing XDC File [/home/devsounio/darwin-atlas-phase-l/build-authorized/_x/link/vivado/vpl/prj/prj.gen/my_rm/bd/ulp/ip/ulp_ip_gpio_debug_axi_ctrl_user_02_0/ulp_ip_gpio_debug_axi_ctrl_user_02_0_slr.xdc] for cell 'level0_i/level1/level1_i/ulp/ip_gpio_debug_axi_ctrl_user_02/U0'
Finished Parsing XDC File [/home/devsounio/darwin-atlas-phase-l/build-authorized/_x/link/vivado/vpl/prj/prj.gen/my_rm/bd/ulp/ip/ulp_ip_gpio_debug_axi_ctrl_user_02_0/ulp_ip_gpio_debug_axi_ctrl_user_02_0_slr.xdc] for cell 'level0_i/level1/level1_i/ulp/ip_gpio_debug_axi_ctrl_user_02/U0'
Parsing XDC File [/home/devsounio/darwin-atlas-phase-l/build-authorized/_x/link/vivado/vpl/prj/prj.gen/my_rm/bd/ulp/ip/ulp_ip_gpio_debug_axi_ctrl_user_03_0/ulp_ip_gpio_debug_axi_ctrl_user_03_0_slr.xdc] for cell 'level0_i/level1/level1_i/ulp/ip_gpio_debug_axi_ctrl_user_03/U0'
Finished Parsing XDC File [/home/devsounio/darwin-atlas-phase-l/build-authorized/_x/link/vivado/vpl/prj/prj.gen/my_rm/bd/ulp/ip/ulp_ip_gpio_debug_axi_ctrl_user_03_0/ulp_ip_gpio_debug_axi_ctrl_user_03_0_slr.xdc] for cell 'level0_i/level1/level1_i/ulp/ip_gpio_debug_axi_ctrl_user_03/U0'
Parsing XDC File [/home/devsounio/darwin-atlas-phase-l/build-authorized/_x/link/vivado/vpl/prj/prj.gen/my_rm/bd/ulp/ip/ulp_ict_axi_data_h2c_01_imp_s00_regslice_0/ulp_ict_axi_data_h2c_01_imp_s00_regslice_0_clocks.xdc] for cell 'level0_i/level1/level1_i/ulp/ict_axi_data_h2c_01/s00_couplers/s00_regslice/inst'
Finished Parsing XDC File [/home/devsounio/darwin-atlas-phase-l/build-authorized/_x/link/vivado/vpl/prj/prj.gen/my_rm/bd/ulp/ip/ulp_ict_axi_data_h2c_01_imp_s00_regslice_0/ulp_ict_axi_data_h2c_01_imp_s00_regslice_0_clocks.xdc] for cell 'level0_i/level1/level1_i/ulp/ict_axi_data_h2c_01/s00_couplers/s00_regslice/inst'
Parsing XDC File [/home/devsounio/darwin-atlas-phase-l/build-authorized/_x/link/vivado/vpl/prj/prj.gen/my_rm/bd/ulp/ip/ulp_ict_axi_data_h2c_01_imp_auto_ds_0/ulp_ict_axi_data_h2c_01_imp_auto_ds_0_clocks.xdc] for cell 'level0_i/level1/level1_i/ulp/ict_axi_data_h2c_01/m01_couplers/auto_ds/inst'
Finished Parsing XDC File [/home/devsounio/darwin-atlas-phase-l/build-authorized/_x/link/vivado/vpl/prj/prj.gen/my_rm/bd/ulp/ip/ulp_ict_axi_data_h2c_01_imp_auto_ds_0/ulp_ict_axi_data_h2c_01_imp_auto_ds_0_clocks.xdc] for cell 'level0_i/level1/level1_i/ulp/ict_axi_data_h2c_01/m01_couplers/auto_ds/inst'
Parsing XDC File [/home/devsounio/darwin-atlas-phase-l/build-authorized/_x/link/vivado/vpl/prj/prj.gen/my_rm/bd/ulp/ip/ulp_ip_gpio_debug_axi_data_h2c_01_0/ulp_ip_gpio_debug_axi_data_h2c_01_0_slr.xdc] for cell 'level0_i/level1/level1_i/ulp/ip_gpio_debug_axi_data_h2c_01/U0'
Finished Parsing XDC File [/home/devsounio/darwin-atlas-phase-l/build-authorized/_x/link/vivado/vpl/prj/prj.gen/my_rm/bd/ulp/ip/ulp_ip_gpio_debug_axi_data_h2c_01_0/ulp_ip_gpio_debug_axi_data_h2c_01_0_slr.xdc] for cell 'level0_i/level1/level1_i/ulp/ip_gpio_debug_axi_data_h2c_01/U0'
Parsing XDC File [/home/devsounio/darwin-atlas-phase-l/build-authorized/_x/link/vivado/vpl/prj/prj.gen/my_rm/bd/ulp/ip/ulp_ip_psr_aresetn_ctrl_slr0_0/ulp_ip_psr_aresetn_ctrl_slr0_0_slr.xdc] for cell 'level0_i/level1/level1_i/ulp/ip_psr_aresetn_ctrl_slr0/U0'
Finished Parsing XDC File [/home/devsounio/darwin-atlas-phase-l/build-authorized/_x/link/vivado/vpl/prj/prj.gen/my_rm/bd/ulp/ip/ulp_ip_psr_aresetn_ctrl_slr0_0/ulp_ip_psr_aresetn_ctrl_slr0_0_slr.xdc] for cell 'level0_i/level1/level1_i/ulp/ip_psr_aresetn_ctrl_slr0/U0'
Parsing XDC File [/home/devsounio/darwin-atlas-phase-l/build-authorized/_x/link/vivado/vpl/prj/prj.gen/my_rm/bd/ulp/ip/ulp_ip_psr_aresetn_ctrl_slr1_0/ulp_ip_psr_aresetn_ctrl_slr1_0_slr.xdc] for cell 'level0_i/level1/level1_i/ulp/ip_psr_aresetn_ctrl_slr1/U0'
Finished Parsing XDC File [/home/devsounio/darwin-atlas-phase-l/build-authorized/_x/link/vivado/vpl/prj/prj.gen/my_rm/bd/ulp/ip/ulp_ip_psr_aresetn_ctrl_slr1_0/ulp_ip_psr_aresetn_ctrl_slr1_0_slr.xdc] for cell 'level0_i/level1/level1_i/ulp/ip_psr_aresetn_ctrl_slr1/U0'
Parsing XDC File [/home/devsounio/darwin-atlas-phase-l/build-authorized/_x/link/vivado/vpl/prj/prj.gen/my_rm/bd/ulp/ip/ulp_ip_psr_aresetn_ctrl_slr2_0/ulp_ip_psr_aresetn_ctrl_slr2_0_slr.xdc] for cell 'level0_i/level1/level1_i/ulp/ip_psr_aresetn_ctrl_slr2/U0'
Finished Parsing XDC File [/home/devsounio/darwin-atlas-phase-l/build-authorized/_x/link/vivado/vpl/prj/prj.gen/my_rm/bd/ulp/ip/ulp_ip_psr_aresetn_ctrl_slr2_0/ulp_ip_psr_aresetn_ctrl_slr2_0_slr.xdc] for cell 'level0_i/level1/level1_i/ulp/ip_psr_aresetn_ctrl_slr2/U0'
Parsing XDC File [/home/devsounio/darwin-atlas-phase-l/build-authorized/_x/link/vivado/vpl/prj/prj.gen/my_rm/bd/ulp/ip/ulp_ip_psr_aresetn_ctrl_slr3_0/ulp_ip_psr_aresetn_ctrl_slr3_0_slr.xdc] for cell 'level0_i/level1/level1_i/ulp/ip_psr_aresetn_ctrl_slr3/U0'
Finished Parsing XDC File [/home/devsounio/darwin-atlas-phase-l/build-authorized/_x/link/vivado/vpl/prj/prj.gen/my_rm/bd/ulp/ip/ulp_ip_psr_aresetn_ctrl_slr3_0/ulp_ip_psr_aresetn_ctrl_slr3_0_slr.xdc] for cell 'level0_i/level1/level1_i/ulp/ip_psr_aresetn_ctrl_slr3/U0'
Parsing XDC File [/home/devsounio/darwin-atlas-phase-l/build-authorized/_x/link/vivado/vpl/prj/prj.gen/my_rm/bd/ulp/ip/ulp_ip_psr_aresetn_kernel_00_slr0_0/ulp_ip_psr_aresetn_kernel_00_slr0_0_slr.xdc] for cell 'level0_i/level1/level1_i/ulp/ip_psr_aresetn_kernel_00_slr0/U0'
Finished Parsing XDC File [/home/devsounio/darwin-atlas-phase-l/build-authorized/_x/link/vivado/vpl/prj/prj.gen/my_rm/bd/ulp/ip/ulp_ip_psr_aresetn_kernel_00_slr0_0/ulp_ip_psr_aresetn_kernel_00_slr0_0_slr.xdc] for cell 'level0_i/level1/level1_i/ulp/ip_psr_aresetn_kernel_00_slr0/U0'
Parsing XDC File [/home/devsounio/darwin-atlas-phase-l/build-authorized/_x/link/vivado/vpl/prj/prj.gen/my_rm/bd/ulp/ip/ulp_ip_psr_aresetn_kernel_00_slr1_0/ulp_ip_psr_aresetn_kernel_00_slr1_0_slr.xdc] for cell 'level0_i/level1/level1_i/ulp/ip_psr_aresetn_kernel_00_slr1/U0'
Finished Parsing XDC File [/home/devsounio/darwin-atlas-phase-l/build-authorized/_x/link/vivado/vpl/prj/prj.gen/my_rm/bd/ulp/ip/ulp_ip_psr_aresetn_kernel_00_slr1_0/ulp_ip_psr_aresetn_kernel_00_slr1_0_slr.xdc] for cell 'level0_i/level1/level1_i/ulp/ip_psr_aresetn_kernel_00_slr1/U0'
Parsing XDC File [/home/devsounio/darwin-atlas-phase-l/build-authorized/_x/link/vivado/vpl/prj/prj.gen/my_rm/bd/ulp/ip/ulp_ip_psr_aresetn_kernel_00_slr2_0/ulp_ip_psr_aresetn_kernel_00_slr2_0_slr.xdc] for cell 'level0_i/level1/level1_i/ulp/ip_psr_aresetn_kernel_00_slr2/U0'
Finished Parsing XDC File [/home/devsounio/darwin-atlas-phase-l/build-authorized/_x/link/vivado/vpl/prj/prj.gen/my_rm/bd/ulp/ip/ulp_ip_psr_aresetn_kernel_00_slr2_0/ulp_ip_psr_aresetn_kernel_00_slr2_0_slr.xdc] for cell 'level0_i/level1/level1_i/ulp/ip_psr_aresetn_kernel_00_slr2/U0'
Parsing XDC File [/home/devsounio/darwin-atlas-phase-l/build-authorized/_x/link/vivado/vpl/prj/prj.gen/my_rm/bd/ulp/ip/ulp_ip_psr_aresetn_kernel_00_slr3_0/ulp_ip_psr_aresetn_kernel_00_slr3_0_slr.xdc] for cell 'level0_i/level1/level1_i/ulp/ip_psr_aresetn_kernel_00_slr3/U0'
Finished Parsing XDC File [/home/devsounio/darwin-atlas-phase-l/build-authorized/_x/link/vivado/vpl/prj/prj.gen/my_rm/bd/ulp/ip/ulp_ip_psr_aresetn_kernel_00_slr3_0/ulp_ip_psr_aresetn_kernel_00_slr3_0_slr.xdc] for cell 'level0_i/level1/level1_i/ulp/ip_psr_aresetn_kernel_00_slr3/U0'
Parsing XDC File [/home/devsounio/darwin-atlas-phase-l/build-authorized/_x/link/vivado/vpl/prj/prj.gen/my_rm/bd/ulp/ip/ulp_ip_psr_aresetn_kernel_01_slr0_0/ulp_ip_psr_aresetn_kernel_01_slr0_0_slr.xdc] for cell 'level0_i/level1/level1_i/ulp/ip_psr_aresetn_kernel_01_slr0/U0'
Finished Parsing XDC File [/home/devsounio/darwin-atlas-phase-l/build-authorized/_x/link/vivado/vpl/prj/prj.gen/my_rm/bd/ulp/ip/ulp_ip_psr_aresetn_kernel_01_slr0_0/ulp_ip_psr_aresetn_kernel_01_slr0_0_slr.xdc] for cell 'level0_i/level1/level1_i/ulp/ip_psr_aresetn_kernel_01_slr0/U0'
Parsing XDC File [/home/devsounio/darwin-atlas-phase-l/build-authorized/_x/link/vivado/vpl/prj/prj.gen/my_rm/bd/ulp/ip/ulp_ip_psr_aresetn_kernel_01_slr1_0/ulp_ip_psr_aresetn_kernel_01_slr1_0_slr.xdc] for cell 'level0_i/level1/level1_i/ulp/ip_psr_aresetn_kernel_01_slr1/U0'
Finished Parsing XDC File [/home/devsounio/darwin-atlas-phase-l/build-authorized/_x/link/vivado/vpl/prj/prj.gen/my_rm/bd/ulp/ip/ulp_ip_psr_aresetn_kernel_01_slr1_0/ulp_ip_psr_aresetn_kernel_01_slr1_0_slr.xdc] for cell 'level0_i/level1/level1_i/ulp/ip_psr_aresetn_kernel_01_slr1/U0'
Parsing XDC File [/home/devsounio/darwin-atlas-phase-l/build-authorized/_x/link/vivado/vpl/prj/prj.gen/my_rm/bd/ulp/ip/ulp_ip_psr_aresetn_kernel_01_slr2_0/ulp_ip_psr_aresetn_kernel_01_slr2_0_slr.xdc] for cell 'level0_i/level1/level1_i/ulp/ip_psr_aresetn_kernel_01_slr2/U0'
Finished Parsing XDC File [/home/devsounio/darwin-atlas-phase-l/build-authorized/_x/link/vivado/vpl/prj/prj.gen/my_rm/bd/ulp/ip/ulp_ip_psr_aresetn_kernel_01_slr2_0/ulp_ip_psr_aresetn_kernel_01_slr2_0_slr.xdc] for cell 'level0_i/level1/level1_i/ulp/ip_psr_aresetn_kernel_01_slr2/U0'
Parsing XDC File [/home/devsounio/darwin-atlas-phase-l/build-authorized/_x/link/vivado/vpl/prj/prj.gen/my_rm/bd/ulp/ip/ulp_ip_psr_aresetn_kernel_01_slr3_0/ulp_ip_psr_aresetn_kernel_01_slr3_0_slr.xdc] for cell 'level0_i/level1/level1_i/ulp/ip_psr_aresetn_kernel_01_slr3/U0'
Finished Parsing XDC File [/home/devsounio/darwin-atlas-phase-l/build-authorized/_x/link/vivado/vpl/prj/prj.gen/my_rm/bd/ulp/ip/ulp_ip_psr_aresetn_kernel_01_slr3_0/ulp_ip_psr_aresetn_kernel_01_slr3_0_slr.xdc] for cell 'level0_i/level1/level1_i/ulp/ip_psr_aresetn_kernel_01_slr3/U0'
Parsing XDC File [/home/devsounio/darwin-atlas-phase-l/build-authorized/_x/link/vivado/vpl/prj/prj.gen/my_rm/bd/ulp/ip/ulp_ip_psr_aresetn_pcie_slr0_0/ulp_ip_psr_aresetn_pcie_slr0_0_slr.xdc] for cell 'level0_i/level1/level1_i/ulp/ip_psr_aresetn_pcie_slr0/U0'
Finished Parsing XDC File [/home/devsounio/darwin-atlas-phase-l/build-authorized/_x/link/vivado/vpl/prj/prj.gen/my_rm/bd/ulp/ip/ulp_ip_psr_aresetn_pcie_slr0_0/ulp_ip_psr_aresetn_pcie_slr0_0_slr.xdc] for cell 'level0_i/level1/level1_i/ulp/ip_psr_aresetn_pcie_slr0/U0'
Parsing XDC File [/home/devsounio/darwin-atlas-phase-l/build-authorized/_x/link/vivado/vpl/prj/prj.gen/my_rm/bd/ulp/ip/ulp_ip_psr_aresetn_pcie_slr1_0/ulp_ip_psr_aresetn_pcie_slr1_0_slr.xdc] for cell 'level0_i/level1/level1_i/ulp/ip_psr_aresetn_pcie_slr1/U0'
Finished Parsing XDC File [/home/devsounio/darwin-atlas-phase-l/build-authorized/_x/link/vivado/vpl/prj/prj.gen/my_rm/bd/ulp/ip/ulp_ip_psr_aresetn_pcie_slr1_0/ulp_ip_psr_aresetn_pcie_slr1_0_slr.xdc] for cell 'level0_i/level1/level1_i/ulp/ip_psr_aresetn_pcie_slr1/U0'
Parsing XDC File [/home/devsounio/darwin-atlas-phase-l/build-authorized/_x/link/vivado/vpl/prj/prj.gen/my_rm/bd/ulp/ip/ulp_ip_psr_aresetn_pcie_slr2_0/ulp_ip_psr_aresetn_pcie_slr2_0_slr.xdc] for cell 'level0_i/level1/level1_i/ulp/ip_psr_aresetn_pcie_slr2/U0'
Finished Parsing XDC File [/home/devsounio/darwin-atlas-phase-l/build-authorized/_x/link/vivado/vpl/prj/prj.gen/my_rm/bd/ulp/ip/ulp_ip_psr_aresetn_pcie_slr2_0/ulp_ip_psr_aresetn_pcie_slr2_0_slr.xdc] for cell 'level0_i/level1/level1_i/ulp/ip_psr_aresetn_pcie_slr2/U0'
Parsing XDC File [/home/devsounio/darwin-atlas-phase-l/build-authorized/_x/link/vivado/vpl/prj/prj.gen/my_rm/bd/ulp/ip/ulp_ip_psr_aresetn_pcie_slr3_0/ulp_ip_psr_aresetn_pcie_slr3_0_slr.xdc] for cell 'level0_i/level1/level1_i/ulp/ip_psr_aresetn_pcie_slr3/U0'
Finished Parsing XDC File [/home/devsounio/darwin-atlas-phase-l/build-authorized/_x/link/vivado/vpl/prj/prj.gen/my_rm/bd/ulp/ip/ulp_ip_psr_aresetn_pcie_slr3_0/ulp_ip_psr_aresetn_pcie_slr3_0_slr.xdc] for cell 'level0_i/level1/level1_i/ulp/ip_psr_aresetn_pcie_slr3/U0'
Parsing XDC File [/home/devsounio/darwin-atlas-phase-l/build-authorized/_x/link/vivado/vpl/prj/prj.gen/my_rm/bd/ulp/ip/ulp_ip_psr_aresetn_freerun_slr0_0/ulp_ip_psr_aresetn_freerun_slr0_0_slr.xdc] for cell 'level0_i/level1/level1_i/ulp/ip_psr_aresetn_freerun_slr0/U0'
Finished Parsing XDC File [/home/devsounio/darwin-atlas-phase-l/build-authorized/_x/link/vivado/vpl/prj/prj.gen/my_rm/bd/ulp/ip/ulp_ip_psr_aresetn_freerun_slr0_0/ulp_ip_psr_aresetn_freerun_slr0_0_slr.xdc] for cell 'level0_i/level1/level1_i/ulp/ip_psr_aresetn_freerun_slr0/U0'
Parsing XDC File [/home/devsounio/darwin-atlas-phase-l/build-authorized/_x/link/vivado/vpl/prj/prj.gen/my_rm/bd/ulp/ip/ulp_ip_psr_aresetn_freerun_slr1_0/ulp_ip_psr_aresetn_freerun_slr1_0_slr.xdc] for cell 'level0_i/level1/level1_i/ulp/ip_psr_aresetn_freerun_slr1/U0'
Finished Parsing XDC File [/home/devsounio/darwin-atlas-phase-l/build-authorized/_x/link/vivado/vpl/prj/prj.gen/my_rm/bd/ulp/ip/ulp_ip_psr_aresetn_freerun_slr1_0/ulp_ip_psr_aresetn_freerun_slr1_0_slr.xdc] for cell 'level0_i/level1/level1_i/ulp/ip_psr_aresetn_freerun_slr1/U0'
Parsing XDC File [/home/devsounio/darwin-atlas-phase-l/build-authorized/_x/link/vivado/vpl/prj/prj.gen/my_rm/bd/ulp/ip/ulp_ip_psr_aresetn_freerun_slr2_0/ulp_ip_psr_aresetn_freerun_slr2_0_slr.xdc] for cell 'level0_i/level1/level1_i/ulp/ip_psr_aresetn_freerun_slr2/U0'
Finished Parsing XDC File [/home/devsounio/darwin-atlas-phase-l/build-authorized/_x/link/vivado/vpl/prj/prj.gen/my_rm/bd/ulp/ip/ulp_ip_psr_aresetn_freerun_slr2_0/ulp_ip_psr_aresetn_freerun_slr2_0_slr.xdc] for cell 'level0_i/level1/level1_i/ulp/ip_psr_aresetn_freerun_slr2/U0'
Parsing XDC File [/home/devsounio/darwin-atlas-phase-l/build-authorized/_x/link/vivado/vpl/prj/prj.gen/my_rm/bd/ulp/ip/ulp_ip_psr_aresetn_freerun_slr3_0/ulp_ip_psr_aresetn_freerun_slr3_0_slr.xdc] for cell 'level0_i/level1/level1_i/ulp/ip_psr_aresetn_freerun_slr3/U0'
Finished Parsing XDC File [/home/devsounio/darwin-atlas-phase-l/build-authorized/_x/link/vivado/vpl/prj/prj.gen/my_rm/bd/ulp/ip/ulp_ip_psr_aresetn_freerun_slr3_0/ulp_ip_psr_aresetn_freerun_slr3_0_slr.xdc] for cell 'level0_i/level1/level1_i/ulp/ip_psr_aresetn_freerun_slr3/U0'
WARNING: [Vivado_Tcl 4-935] Waiver ID 'CDC-6' is a duplicate and will not be added again. [/opt/amd/2025.1/Vivado/data/ip/xpm/xpm_cdc/tcl/xpm_cdc_gray.tcl:23]
WARNING: [Vivado_Tcl 4-935] Waiver ID 'CDC-6' is a duplicate and will not be added again. [/opt/amd/2025.1/Vivado/data/ip/xpm/xpm_cdc/tcl/xpm_cdc_gray.tcl:23]
WARNING: [Vivado_Tcl 4-935] Waiver ID 'CDC-6' is a duplicate and will not be added again. [/opt/amd/2025.1/Vivado/data/ip/xpm/xpm_cdc/tcl/xpm_cdc_gray.tcl:23]
WARNING: [Vivado_Tcl 4-935] Waiver ID 'CDC-6' is a duplicate and will not be added again. [/opt/amd/2025.1/Vivado/data/ip/xpm/xpm_cdc/tcl/xpm_cdc_gray.tcl:23]
WARNING: [Vivado_Tcl 4-935] Waiver ID 'CDC-6' is a duplicate and will not be added again. [/opt/amd/2025.1/Vivado/data/ip/xpm/xpm_cdc/tcl/xpm_cdc_gray.tcl:23]
WARNING: [Vivado_Tcl 4-935] Waiver ID 'CDC-6' is a duplicate and will not be added again. [/opt/amd/2025.1/Vivado/data/ip/xpm/xpm_cdc/tcl/xpm_cdc_gray.tcl:23]
WARNING: [Vivado_Tcl 4-935] Waiver ID 'CDC-6' is a duplicate and will not be added again. [/opt/amd/2025.1/Vivado/data/ip/xpm/xpm_cdc/tcl/xpm_cdc_gray.tcl:23]
WARNING: [XPM_CDC_GRAY: TCL-1000] The source and destination clocks are the same. 
     Instance: level0_i/blp/blp_i/ss_hif/inst/flash_programmer/U0/NO_DUAL_QUAD_MODE.QSPI_NORMAL/QSPI_LEGACY_MD_GEN.QSPI_CORE_INTERFACE_I/FIFO_EXISTS.TX_FIFO_II/xpm_fifo_instance.xpm_fifo_async_inst/gnuram_async_fifo.xpm_fifo_base_inst/gen_cdc_pntr.rd_pntr_cdc_inst 
  This will add unnecessary latency to the design. Please check the design for the following: 
 1) Manually instantiated XPM_CDC modules: AMD recommends that you remove these modules. 
 2) AMD IP that contains XPM_CDC modules: Verify the connections to the IP to determine whether you can safely ignore this message.
 [/opt/amd/2025.1/Vivado/data/ip/xpm/xpm_cdc/tcl/xpm_cdc_gray.tcl:16]
WARNING: [Vivado_Tcl 4-935] Waiver ID 'CDC-6' is a duplicate and will not be added again. [/opt/amd/2025.1/Vivado/data/ip/xpm/xpm_cdc/tcl/xpm_cdc_gray.tcl:23]
WARNING: [XPM_CDC_GRAY: TCL-1000] The source and destination clocks are the same. 
     Instance: level0_i/blp/blp_i/ss_hif/inst/flash_programmer/U0/NO_DUAL_QUAD_MODE.QSPI_NORMAL/QSPI_LEGACY_MD_GEN.QSPI_CORE_INTERFACE_I/FIFO_EXISTS.RX_FIFO_II/gnuram_async_fifo.xpm_fifo_base_inst/gen_cdc_pntr.wr_pntr_cdc_inst 
  This will add unnecessary latency to the design. Please check the design for the following: 
 1) Manually instantiated XPM_CDC modules: AMD recommends that you remove these modules. 
 2) AMD IP that contains XPM_CDC modules: Verify the connections to the IP to determine whether you can safely ignore this message.
 [/opt/amd/2025.1/Vivado/data/ip/xpm/xpm_cdc/tcl/xpm_cdc_gray.tcl:16]
WARNING: [Vivado_Tcl 4-935] Waiver ID 'CDC-6' is a duplicate and will not be added again. [/opt/amd/2025.1/Vivado/data/ip/xpm/xpm_cdc/tcl/xpm_cdc_gray.tcl:23]
WARNING: [XPM_CDC_GRAY: TCL-1000] The source and destination clocks are the same. 
     Instance: level0_i/blp/blp_i/ss_hif/inst/flash_programmer/U0/NO_DUAL_QUAD_MODE.QSPI_NORMAL/QSPI_LEGACY_MD_GEN.QSPI_CORE_INTERFACE_I/FIFO_EXISTS.RX_FIFO_II/gnuram_async_fifo.xpm_fifo_base_inst/gen_cdc_pntr.rd_pntr_cdc_inst 
  This will add unnecessary latency to the design. Please check the design for the following: 
 1) Manually instantiated XPM_CDC modules: AMD recommends that you remove these modules. 
 2) AMD IP that contains XPM_CDC modules: Verify the connections to the IP to determine whether you can safely ignore this message.
 [/opt/amd/2025.1/Vivado/data/ip/xpm/xpm_cdc/tcl/xpm_cdc_gray.tcl:16]
WARNING: [Vivado_Tcl 4-935] Waiver ID 'CDC-6' is a duplicate and will not be added again. [/opt/amd/2025.1/Vivado/data/ip/xpm/xpm_cdc/tcl/xpm_cdc_gray.tcl:23]
WARNING: [XPM_CDC_GRAY: TCL-1000] The source and destination clocks are the same. 
     Instance: level0_i/blp/blp_i/ss_hif/inst/flash_programmer/U0/NO_DUAL_QUAD_MODE.QSPI_NORMAL/QSPI_LEGACY_MD_GEN.QSPI_CORE_INTERFACE_I/FIFO_EXISTS.TX_FIFO_II/xpm_fifo_instance.xpm_fifo_async_inst/gnuram_async_fifo.xpm_fifo_base_inst/gen_cdc_pntr.wr_pntr_cdc_inst 
  This will add unnecessary latency to the design. Please check the design for the following: 
 1) Manually instantiated XPM_CDC modules: AMD recommends that you remove these modules. 
 2) AMD IP that contains XPM_CDC modules: Verify the connections to the IP to determine whether you can safely ignore this message.
 [/opt/amd/2025.1/Vivado/data/ip/xpm/xpm_cdc/tcl/xpm_cdc_gray.tcl:16]
WARNING: [Vivado_Tcl 4-935] Waiver ID 'CDC-6' is a duplicate and will not be added again. [/opt/amd/2025.1/Vivado/data/ip/xpm/xpm_cdc/tcl/xpm_cdc_gray.tcl:23]
WARNING: [XPM_CDC_GRAY: TCL-1000] The source and destination clocks are the same. 
     Instance: level0_i/blp/blp_i/ss_hif/inst/flash_programmer/U0/NO_DUAL_QUAD_MODE.QSPI_NORMAL/QSPI_LEGACY_MD_GEN.QSPI_CORE_INTERFACE_I/FIFO_EXISTS.RX_FIFO_II/gnuram_async_fifo.xpm_fifo_base_inst/gen_cdc_pntr.wr_pntr_cdc_dc_inst 
  This will add unnecessary latency to the design. Please check the design for the following: 
 1) Manually instantiated XPM_CDC modules: AMD recommends that you remove these modules. 
 2) AMD IP that contains XPM_CDC modules: Verify the connections to the IP to determine whether you can safely ignore this message.
 [/opt/amd/2025.1/Vivado/data/ip/xpm/xpm_cdc/tcl/xpm_cdc_gray.tcl:16]
WARNING: [Vivado_Tcl 4-935] Waiver ID 'CDC-6' is a duplicate and will not be added again. [/opt/amd/2025.1/Vivado/data/ip/xpm/xpm_cdc/tcl/xpm_cdc_gray.tcl:23]
WARNING: [XPM_CDC_GRAY: TCL-1000] The source and destination clocks are the same. 
     Instance: level0_i/blp/blp_i/ss_hif/inst/flash_programmer/U0/NO_DUAL_QUAD_MODE.QSPI_NORMAL/QSPI_LEGACY_MD_GEN.QSPI_CORE_INTERFACE_I/FIFO_EXISTS.TX_FIFO_II/xpm_fifo_instance.xpm_fifo_async_inst/gnuram_async_fifo.xpm_fifo_base_inst/gen_cdc_pntr.rd_pntr_cdc_dc_inst 
  This will add unnecessary latency to the design. Please check the design for the following: 
 1) Manually instantiated XPM_CDC modules: AMD recommends that you remove these modules. 
 2) AMD IP that contains XPM_CDC modules: Verify the connections to the IP to determine whether you can safely ignore this message.
 [/opt/amd/2025.1/Vivado/data/ip/xpm/xpm_cdc/tcl/xpm_cdc_gray.tcl:16]
WARNING: [Vivado_Tcl 4-935] Waiver ID 'CDC-6' is a duplicate and will not be added again. [/opt/amd/2025.1/Vivado/data/ip/xpm/xpm_cdc/tcl/xpm_cdc_gray.tcl:23]
WARNING: [Vivado_Tcl 4-935] Waiver ID 'CDC-6' is a duplicate and will not be added again. [/opt/amd/2025.1/Vivado/data/ip/xpm/xpm_cdc/tcl/xpm_cdc_gray.tcl:23]
WARNING: [Vivado_Tcl 4-935] Waiver ID 'CDC-6' is a duplicate and will not be added again. [/opt/amd/2025.1/Vivado/data/ip/xpm/xpm_cdc/tcl/xpm_cdc_gray.tcl:23]
WARNING: [Vivado_Tcl 4-935] Waiver ID 'CDC-6' is a duplicate and will not be added again. [/opt/amd/2025.1/Vivado/data/ip/xpm/xpm_cdc/tcl/xpm_cdc_gray.tcl:23]
WARNING: [Vivado_Tcl 4-935] Waiver ID 'CDC-6' is a duplicate and will not be added again. [/opt/amd/2025.1/Vivado/data/ip/xpm/xpm_cdc/tcl/xpm_cdc_gray.tcl:23]
WARNING: [Vivado_Tcl 4-935] Waiver ID 'CDC-6' is a duplicate and will not be added again. [/opt/amd/2025.1/Vivado/data/ip/xpm/xpm_cdc/tcl/xpm_cdc_gray.tcl:23]
WARNING: [Vivado_Tcl 4-935] Waiver ID 'CDC-6' is a duplicate and will not be added again. [/opt/amd/2025.1/Vivado/data/ip/xpm/xpm_cdc/tcl/xpm_cdc_gray.tcl:23]
WARNING: [Vivado_Tcl 4-935] Waiver ID 'CDC-6' is a duplicate and will not be added again. [/opt/amd/2025.1/Vivado/data/ip/xpm/xpm_cdc/tcl/xpm_cdc_gray.tcl:23]
WARNING: [Vivado_Tcl 4-935] Waiver ID 'CDC-6' is a duplicate and will not be added again. [/opt/amd/2025.1/Vivado/data/ip/xpm/xpm_cdc/tcl/xpm_cdc_gray.tcl:23]
WARNING: [Vivado_Tcl 4-935] Waiver ID 'CDC-15' is a duplicate and will not be added again. [/opt/amd/2025.1/Vivado/data/ip/xpm/xpm_cdc/tcl/xpm_cdc_handshake.tcl:30]
WARNING: [Vivado_Tcl 4-935] Waiver ID 'CDC-15' is a duplicate and will not be added again. [/opt/amd/2025.1/Vivado/data/ip/xpm/xpm_cdc/tcl/xpm_cdc_handshake.tcl:30]
WARNING: [Vivado_Tcl 4-935] Waiver ID 'CDC-15' is a duplicate and will not be added again. [/opt/amd/2025.1/Vivado/data/ip/xpm/xpm_cdc/tcl/xpm_cdc_handshake.tcl:30]
WARNING: [Vivado_Tcl 4-935] Waiver ID 'CDC-15' is a duplicate and will not be added again. [/opt/amd/2025.1/Vivado/data/ip/xpm/xpm_cdc/tcl/xpm_cdc_handshake.tcl:30]
INFO: [Project 1-1714] 733 XPM XDC files have been applied to the design.
INFO: [Opt 31-138] Pushed 0 inverter(s) to 0 load pin(s).
WARNING: [Memdata 28-80] Empty top found while merging BMM files!
INFO: [Memdata 28-144] Successfully populated the BRAM INIT strings from the following elf files: /home/devsounio/darwin-atlas-phase-l/build-authorized/_x/link/vivado/vpl/prj/prj.gen/my_rm/bd/ulp/ip/ulp_memory_subsystem_0/bd_0/ip/ip_23/sw/calibration_0/Debug/calibration_ddr.elf /home/devsounio/darwin-atlas-phase-l/build-authorized/_x/link/vivado/vpl/prj/prj.gen/my_rm/bd/ulp/ip/ulp_memory_subsystem_0/bd_0/ip/ip_20/sw/calibration_0/Debug/calibration_ddr.elf /home/devsounio/darwin-atlas-phase-l/build-authorized/_x/link/vivado/vpl/prj/prj.gen/my_rm/bd/ulp/ip/ulp_memory_subsystem_0/bd_0/ip/ip_20/sw/calibration_0/Debug/calibration_ddr.elf /home/devsounio/darwin-atlas-phase-l/build-authorized/_x/link/vivado/vpl/prj/prj.gen/my_rm/bd/ulp/ip/ulp_memory_subsystem_0/bd_0/ip/ip_23/sw/calibration_0/Debug/calibration_ddr.elf /home/devsounio/darwin-atlas-phase-l/build-authorized/_x/link/vivado/vpl/prj/prj.gen/my_rm/bd/ulp/ip/ulp_memory_subsystem_0/bd_0/ip/ip_20/sw/calibration_0/Debug/calibration_ddr.elf /home/devsounio/darwin-atlas-phase-l/build-authorized/_x/link/vivado/vpl/prj/prj.gen/my_rm/bd/ulp/ip/ulp_memory_subsystem_0/bd_0/ip/ip_23/sw/calibration_0/Debug/calibration_ddr.elf 
INFO: [Project 1-1687] 366 scoped IP constraints or related sub-commands were skipped due to synthesis logic optimizations usually triggered by constant connectivity or unconnected output pins. To review the skipped constraints and messages, run the command 'set_param netlist.IPMsgFiltering false' before opening the design.
Netlist sorting complete. Time (s): cpu = 00:00:00.16 ; elapsed = 00:00:00.15 . Memory (MB): peak = 8278.633 ; gain = 0.000 ; free physical = 65712 ; free virtual = 69349
INFO: [Project 1-111] Unisim Transformation Summary:
  A total of 2076 instances were transformed.
  DSP48E1 => DSP48E2 (DSP_ALU, DSP_A_B_DATA, DSP_C_DATA, DSP_MULTIPLIER, DSP_M_DATA, DSP_OUTPUT, DSP_PREADD, DSP_PREADD_DATA): 10 instances
  DSP48E2 => DSP48E2 (DSP_ALU, DSP_A_B_DATA, DSP_C_DATA, DSP_MULTIPLIER, DSP_M_DATA, DSP_OUTPUT, DSP_PREADD, DSP_PREADD_DATA): 12 instances
  IBUF => IBUF (IBUFCTRL, INBUF): 10 instances
  IBUFDS => IBUFDS (DIFFINBUF, IBUFCTRL): 3 instances
  IOBUFDS => IOBUFDS (DIFFINBUF, IBUFCTRL, INV, OBUFT(x2)): 36 instances
  IOBUFE3 => IOBUFE3 (IBUFCTRL, INBUF, OBUFT_DCIEN): 144 instances
  LUT6_2 => LUT6_2 (LUT5, LUT6): 141 instances
  OBUFDS => OBUFDS_DUAL_BUF (INV, OBUF(x2)): 2 instances
  RAM16X1D => RAM32X1D (RAMD32(x2)): 276 instances
  RAM16X1S => RAM32X1S (RAMS32): 32 instances
  RAM32M => RAM32M (RAMD32(x6), RAMS32(x2)): 607 instances
  RAM32M16 => RAM32M16 (RAMD32(x14), RAMS32(x2)): 731 instances
  RAM32X1D => RAM32X1D (RAMD32(x2)): 56 instances
  RAM64M8 => RAM64M8 (RAMD64E(x8)): 8 instances
  RAM64X1D => RAM64X1D (RAMD64E(x2)): 8 instances

WARNING: [Constraints 18-5685] Specifying child pblock pblock_dynamic_SLR3 before parent pblock pblock_dynamic_region may result in the contents of the child being reassigned to parent after a "add_cells_to_pblock -pblock <parent>". If this is not intended, please read the parent pblock constraints first followed by its children pblock constraints. If using link_design flow, please use the PROCESSING_ORDER property for XDC files to make sure parent pblocks are processed before children pblocks. Refer UG912 to know more about PROCESSING_ORDER property of XDC files.
WARNING: [Constraints 18-5685] Specifying child pblock pblock_dynamic_SLR0 before parent pblock pblock_dynamic_region may result in the contents of the child being reassigned to parent after a "add_cells_to_pblock -pblock <parent>". If this is not intended, please read the parent pblock constraints first followed by its children pblock constraints. If using link_design flow, please use the PROCESSING_ORDER property for XDC files to make sure parent pblocks are processed before children pblocks. Refer UG912 to know more about PROCESSING_ORDER property of XDC files.
WARNING: [Constraints 18-5685] Specifying child pblock pblock_dynamic_SLR1 before parent pblock pblock_dynamic_region may result in the contents of the child being reassigned to parent after a "add_cells_to_pblock -pblock <parent>". If this is not intended, please read the parent pblock constraints first followed by its children pblock constraints. If using link_design flow, please use the PROCESSING_ORDER property for XDC files to make sure parent pblocks are processed before children pblocks. Refer UG912 to know more about PROCESSING_ORDER property of XDC files.
WARNING: [Constraints 18-5685] Specifying child pblock pblock_dynamic_SLR2 before parent pblock pblock_dynamic_region may result in the contents of the child being reassigned to parent after a "add_cells_to_pblock -pblock <parent>". If this is not intended, please read the parent pblock constraints first followed by its children pblock constraints. If using link_design flow, please use the PROCESSING_ORDER property for XDC files to make sure parent pblocks are processed before children pblocks. Refer UG912 to know more about PROCESSING_ORDER property of XDC files.
372 Infos, 414 Warnings, 0 Critical Warnings and 0 Errors encountered.
link_design completed successfully
link_design: Time (s): cpu = 00:08:39 ; elapsed = 00:06:48 . Memory (MB): peak = 8278.668 ; gain = 6494.621 ; free physical = 65712 ; free virtual = 69349
source /home/devsounio/darwin-atlas-phase-l/build-authorized/_x/link/vivado/vpl/scripts/impl_1/_full_init_post.tcl
Parsing XDC File [/home/devsounio/darwin-atlas-phase-l/build-authorized/_x/link/vivado/vpl/output/_user_impl_clk.xdc]
Finished Parsing XDC File [/home/devsounio/darwin-atlas-phase-l/build-authorized/_x/link/vivado/vpl/output/_user_impl_clk.xdc]
source /home/devsounio/darwin-atlas-phase-l/build-authorized/_x/link/vivado/vpl/scripts/impl_1/_full_opt_pre.tcl
Post-synthesis utilization DRC check...
available resources:
   luts      : 1488120
   registers : 2976240
   brams     : 2384
   dsps      : 10634
required resources:
   luts      : 115844
   registers : 163803
   brams     : 146.5
   dsps      : 18
report_accelerator_utilization: Time (s): cpu = 00:00:06 ; elapsed = 00:00:07 . Memory (MB): peak = 8278.668 ; gain = 0.000 ; free physical = 65703 ; free virtual = 69341
report_utilization: Time (s): cpu = 00:00:13 ; elapsed = 00:00:13 . Memory (MB): peak = 8278.668 ; gain = 0.000 ; free physical = 65699 ; free virtual = 69337
INFO: System Diagram: Run step: synthed

Possible DDR4_MEM level0_i/level1/level1_i/ulp/memory_subsystem/inst/DDR4_MEM02_DIFF_CLK_clk_n level0_i/level1/level1_i/ulp/memory_subsystem/inst/DDR4_MEM02_DIFF_CLK_clk_p
WARNING: [Coretcl 2-30] Cannot find net 'level0_i/blp/blp_i/<const0> level0_i/blp/blp_i/blp_axi/axi_ic_mgmt_blp/m01_couplers/auto_cc/inst/gen_clock_conv.gen_async_lite_conv.clock_conv_lite_fwd_ar/handshake/<const0> level0_i/blp/blp_i/blp_axi/axi_ic_mgmt_blp/m01_couplers/auto_cc/inst/gen_clock_conv.gen_async_lite_conv.clock_conv_lite_fwd_ar/handshake/xpm_cdc_single_dest2src_inst/<const0> level0_i/blp/blp_i/blp_axi/axi_ic_mgmt_blp/m01_couplers/auto_cc/inst/gen_clock_conv.gen_async_lite_conv.clock_conv_lite_fwd_ar/handshake/xpm_cdc_single_src2dest_inst/<const0> level0_i/blp/blp_i/blp_axi/axi_ic_mgmt_blp/m01_couplers/auto_cc/inst/gen_clock_conv.gen_async_lite_conv.clock_conv_lite_fwd_aw/<const0> level0_i/blp/blp_i/blp_axi/axi_ic_mgmt_blp/m01_couplers/auto_cc/inst/gen_clock_conv.gen_async_lite_conv.clock_conv_lite_fwd_aw/handshake/<const0> level0_i/blp/blp_i/blp_axi/axi_ic_mgmt_blp/m01_couplers/auto_cc/inst/gen_clock_conv.gen_async_lite_conv.clock_conv_lite_fwd_aw/handshake/xpm_cdc_single_dest2src_inst/<const0> level0_i/blp/blp_i/blp_axi/axi_ic_mgmt_blp/m01_couplers/auto_cc/inst/gen_clock_conv.gen_async_lite_conv.clock_conv_lite_fwd_aw/handshake/xpm_cdc_single_src2dest_inst/<const0> level0_i/blp/blp_i/blp_axi/axi_ic_mgmt_blp/m01_couplers/auto_cc/inst/gen_clock_conv.gen_async_lite_conv.clock_conv_lite_fwd_w/handshake/<const0> level0_i/blp/blp_i/blp_axi/axi_ic_mgmt_blp/m01_couplers/auto_cc/inst/gen_clock_conv.gen_async_lite_conv.clock_conv_lite_fwd_w/handshake/xpm_cdc_single_dest2src_inst/<const0> level0_i/blp/blp_i/blp_axi/axi_ic_mgmt_blp/m01_couplers/auto_cc/inst/gen_clock_conv.gen_async_lite_conv.clock_conv_lite_fwd_w/handshake/xpm_cdc_single_src2dest_inst/<const0> level0_i/blp/blp_i/blp_axi/axi_ic_mgmt_blp/m01_couplers/auto_cc/inst/gen_clock_conv.gen_async_lite_conv.clock_conv_lite_resp_b/handshake/<const0> level0_i/blp/blp_i/blp_axi/axi_ic_mgmt_blp/m01_couplers/auto_cc/inst/gen_clock_conv.gen_async_lite_conv.clock_conv_lite_resp_b/handshake/xpm_cdc_single_dest2src_inst/<const0> level0_i/blp/blp_i/blp_axi/axi_ic_mgmt_blp/m01_couplers/auto_cc/inst/gen_clock_conv.gen_async_lite_conv.clock_conv_lite_resp_b/handshake/xpm_cdc_single_src2dest_inst/<const0> level0_i/blp/blp_i/blp_axi/axi_ic_mgmt_blp/m01_couplers/auto_cc/inst/gen_clock_conv.gen_async_lite_conv.clock_conv_lite_resp_r/handshake/<const0> level0_i/blp/blp_i/blp_axi/axi_ic_mgmt_blp/m01_couplers/auto_cc/inst/gen_clock_conv.gen_async_lite_conv.clock_conv_lite_resp_r/handshake/xpm_cdc_single_dest2src_inst/<const0> level0_i/blp/blp_i/blp_axi/axi_ic_mgmt_blp/m01_couplers/auto_cc/inst/gen_clock_conv.gen_async_lite_conv.clock_conv_lite_resp_r/handshake/xpm_cdc_single_src2dest_inst/<const0> level0_i/blp/blp_i/blp_axi/axi_ic_mgmt_blp/m02_couplers/auto_cc/inst/gen_clock_conv.gen_async_lite_conv.clock_conv_lite_fwd_ar/handshake/<const0> level0_i/blp/blp_i/blp_axi/axi_ic_mgmt_blp/m02_couplers/auto_cc/inst/gen_clock_conv.gen_async_lite_conv.clock_conv_lite_fwd_ar/handshake/xpm_cdc_single_dest2src_inst/<const0> level0_i/blp/blp_i/blp_axi/axi_ic_mgmt_blp/m02_couplers/auto_cc/inst/gen_clock_conv.gen_async_lite_conv.clock_conv_lite_fwd_ar/handshake/xpm_cdc_single_src2dest_inst/<const0> level0_i/blp/blp_i/blp_axi/axi_ic_mgmt_blp/m02_couplers/auto_cc/inst/gen_clock_conv.gen_async_lite_conv.clock_conv_lite_fwd_aw/<const0> level0_i/blp/blp_i/blp_axi/axi_ic_mgmt_blp/m02_couplers/auto_cc/inst/gen_clock_conv.gen_async_lite_conv.clock_conv_lite_fwd_aw/handshake/<const0> level0_i/blp/blp_i/blp_axi/axi_ic_mgmt_blp/m02_couplers/auto_cc/inst/gen_clock_conv.gen_async_lite_conv.clock_conv_lite_fwd_aw/handshake/xpm_cdc_single_dest2src_inst/<const0> level0_i/blp/blp_i/blp_axi/axi_ic_mgmt_blp/m02_couplers/auto_cc/inst/gen_clock_conv.gen_async_lite_conv.clock_conv_lite_fwd_aw/handshake/xpm_cdc_single_src2dest_inst/<const0> level0_i/blp/blp_i/blp_axi/axi_ic_mgmt_blp/m02_couplers/auto_cc/inst/gen_clock_conv.gen_async_lite_conv.clock_conv_lite_fwd_w/handshake/<const0> level0_i/blp/blp_i/blp_axi/axi_ic_mgmt_blp/m02_couplers/auto_cc/inst/gen_clock_conv.gen_async_lite_conv.clock_conv_lite_fwd_w/handshake/xpm_cdc_single_dest2src_inst/<const0> level0_i/blp/blp_i/blp_axi/axi_ic_mgmt_blp/m02_couplers/auto_cc/inst/gen_clock_conv.gen_async_lite_conv.clock_conv_lite_fwd_w/handshake/xpm_cdc_single_src2dest_inst/<const0> level0_i/blp/blp_i/blp_axi/axi_ic_mgmt_blp/m02_couplers/auto_cc/inst/gen_clock_conv.gen_async_lite_conv.clock_conv_lite_resp_b/handshake/<const0> level0_i/blp/blp_i/blp_axi/axi_ic_mgmt_blp/m02_couplers/auto_cc/inst/gen_clock_conv.gen_async_lite_conv.clock_conv_lite_resp_b/handshake/xpm_cdc_single_dest2src_inst/<const0> level0_i/blp/blp_i/blp_axi/axi_ic_mgmt_blp/m02_couplers/auto_cc/inst/gen_clock_conv.gen_async_lite_conv.clock_conv_lite_resp_b/handshake/xpm_cdc_single_src2dest_inst/<const0> level0_i/blp/blp_i/blp_axi/axi_ic_mgmt_blp/m02_couplers/auto_cc/inst/gen_clock_conv.gen_async_lite_conv.clock_conv_lite_resp_r/handshake/<const0> level0_i/blp/blp_i/blp_axi/axi_ic_mgmt_blp/m02_couplers/auto_cc/inst/gen_clock_conv.gen_async_lite_conv.clock_conv_lite_resp_r/handshake/xpm_cdc_single_dest2src_inst/<const0> level0_i/blp/blp_i/blp_axi/axi_ic_mgmt_blp/m02_couplers/auto_cc/inst/gen_clock_conv.gen_async_lite_conv.clock_conv_lite_resp_r/handshake/xpm_cdc_single_src2dest_inst/<const0> level0_i/blp/blp_i/blp_axi/axi_ic_mgmt_blp/xbar/inst/gen_sasd.crossbar_sasd_0/<const0> level0_i/blp/blp_i/blp_axi/axi_ic_mgmt_blp/xbar/inst/gen_sasd.crossbar_sasd_0/addr_arbiter_inst/<const0> level0_i/blp/blp_i/blp_axi/axi_ic_mgmt_blp/xbar/inst/gen_sasd.crossbar_sasd_0/gen_decerr.decerr_slave_inst/<const0> level0_i/blp/blp_i/blp_axi/axi_ic_mgmt_blp/xbar/inst/gen_sasd.crossbar_sasd_0/reg_slice_r/<const0> level0_i/blp/blp_i/blp_axi/axi_ic_mgmt_blp2plp/xbar/inst/gen_sasd.crossbar_sasd_0/<const0> level0_i/blp/blp_i/blp_axi/axi_ic_mgmt_blp2plp/xbar/inst/gen_sasd.crossbar_sasd_0/addr_arbiter_inst/<const0> level0_i/blp/blp_i/blp_axi/axi_ic_mgmt_blp2plp/xbar/inst/gen_sasd.crossbar_sasd_0/gen_decerr.decerr_slave_inst/<const0> level0_i/blp/blp_i/blp_axi/axi_ic_mgmt_blp2plp/xbar/inst/gen_sasd.crossbar_sasd_0/reg_slice_r/<const0> level0_i/blp/blp_i/freerun_clk/<const0> level0_i/blp/blp_i/ss_cmc/inst/<const0> level0_i/blp/blp_i/ss_cmc/inst/axi_bram_ctrl_firmware/U0/gext_inst.abcv4_0_ext_inst/GEN_AXI4LITE.I_AXI_LITE/<const0> level0_i/blp/blp_i/ss_cmc/inst/axi_bram_ctrl_regmap_cmc/U0/gext_inst.abcv4_0_ext_inst/GEN_AXI4LITE.I_AXI_LITE/<const0> level0_i/blp/blp_i/ss_cmc/inst/axi_bram_ctrl_regmap_host/U0/gext_inst.abcv4_0_ext_inst/GEN_AXI4LITE.I_AXI_LITE/<const0> level0_i/blp/blp_i/ss_cmc/inst/axi_gpio_cmc_mb_rst_n/U0/AXI_LITE_IPIF_I/I_SLAVE_ATTACHMENT/<const0> level0_i/blp/blp_i/ss_cmc/inst/axi_gpio_cmc_mb_rst_n/U0/AXI_LITE_IPIF_I/I_SLAVE_ATTACHMENT/I_DECODER/<const0> level0_i/blp/blp_i/ss_cmc/inst/axi_gpio_cmc_mb_rst_n/U0/gpio_core_1/<const0> level0_i/blp/blp_i/ss_cmc/inst/axi_gpio_hbm_temp/U0/AXI_LITE_IPIF_I/I_SLAVE_ATTACHMENT/<const0> level0_i/blp/blp_i/ss_cmc/inst/axi_gpio_hbm_temp/U0/AXI_LITE_IPIF_I/I_SLAVE_ATTACHMENT/I_DECODER/<const0> level0_i/blp/blp_i/ss_cmc/inst/axi_gpio_hbm_temp/U0/gpio_core_1/<const0> level0_i/blp/blp_i/ss_cmc/inst/axi_gpio_hbm_temp/U0/gpio_core_1/Not_Dual.INPUT_DOUBLE_REGS3/<const0> level0_i/blp/blp_i/ss_cmc/inst/axi_gpio_mb_intr/U0/AXI_LITE_IPIF_I/I_SLAVE_ATTACHMENT/<const0> level0_i/blp/blp_i/ss_cmc/inst/axi_gpio_mb_intr/U0/AXI_LITE_IPIF_I/I_SLAVE_ATTACHMENT/I_DECODER/<const0> level0_i/blp/blp_i/ss_cmc/inst/axi_gpio_mutex_cmc/U0/AXI_LITE_IPIF_I/I_SLAVE_ATTACHMENT/<const0> level0_i/blp/blp_i/ss_cmc/inst/axi_gpio_mutex_cmc/U0/AXI_LITE_IPIF_I/I_SLAVE_ATTACHMENT/I_DECODER/<const0> level0_i/blp/blp_i/ss_cmc/inst/axi_gpio_mutex_cmc/U0/gpio_core_1/<const0> level0_i/blp/blp_i/ss_cmc/inst/axi_gpio_mutex_cmc/U0/gpio_core_1/Dual.INPUT_DOUBLE_REGS4/<const0> level0_i/blp/blp_i/ss_cmc/inst/axi_gpio_mutex_host/U0/AXI_LITE_IPIF_I/I_SLAVE_ATTACHMENT/<const0> level0_i/blp/blp_i/ss_cmc/inst/axi_gpio_mutex_host/U0/AXI_LITE_IPIF_I/I_SLAVE_ATTACHMENT/I_DECODER/<const0> level0_i/blp/blp_i/ss_cmc/inst/axi_gpio_mutex_host/U0/gpio_core_1/<const0> level0_i/blp/blp_i/ss_cmc/inst/axi_gpio_mutex_host/U0/gpio_core_1/Dual.INPUT_DOUBLE_REGS5/<const0> level0_i/blp/blp_i/ss_cmc/inst/axi_gpio_timebase/U0/AXI_LITE_IPIF_I/I_SLAVE_ATTACHMENT/<const0> level0_i/blp/blp_i/ss_cmc/inst/axi_gpio_timebase/U0/AXI_LITE_IPIF_I/I_SLAVE_ATTACHMENT/I_DECODER/<const0> level0_i/blp/blp_i/ss_cmc/inst/axi_gpio_timebase/U0/gpio_core_1/<const0> level0_i/blp/blp_i/ss_cmc/inst/axi_gpio_timebase/U0/gpio_core_1/Not_Dual.INPUT_DOUBLE_REGS3/<const0> level0_i/blp/blp_i/ss_cmc/inst/axi_gpio_wdt/U0/AXI_LITE_IPIF_I/I_SLAVE_ATTACHMENT/<const0> level0_i/blp/blp_i/ss_cmc/inst/axi_gpio_wdt/U0/AXI_LITE_IPIF_I/I_SLAVE_ATTACHMENT/I_DECODER/<const0> level0_i/blp/blp_i/ss_cmc/inst/axi_gpio_wdt/U0/gpio_core_1/<const0> level0_i/blp/blp_i/ss_cmc/inst/axi_ic_cmc_local/s00_mmu/inst/<const0> level0_i/blp/blp_i/ss_cmc/inst/axi_ic_cmc_local/s00_mmu/inst/decerr_slave_inst/<const0> level0_i/blp/blp_i/ss_cmc/inst/axi_ic_cmc_local/s00_mmu/inst/register_slice_inst/ar.ar_pipe/<const0> level0_i/blp/blp_i/ss_cmc/inst/axi_ic_cmc_local/s00_mmu/inst/register_slice_inst/aw.aw_pipe/<const0> level0_i/blp/blp_i/ss_cmc/inst/axi_ic_cmc_local/xbar/inst/gen_sasd.crossbar_sasd_0/<const0> level0_i/blp/blp_i/ss_cmc/inst/axi_ic_cmc_local/xbar/inst/gen_sasd.crossbar_sasd_0/addr_arbiter_inst/<const0> level0_i/blp/blp_i/ss_cmc/inst/axi_ic_cmc_local/xbar/inst/gen_sasd.crossbar_sasd_0/gen_decerr.decerr_slave_inst/<const0> level0_i/blp/blp_i/ss_cmc/inst/axi_ic_cmc_local/xbar/inst/gen_sasd.crossbar_sasd_0/reg_slice_r/<const0> level0_i/blp/blp_i/ss_cmc/inst/axi_ic_mgmt/xbar/inst/gen_sasd.crossbar_sasd_0/<const0> level0_i/blp/blp_i/ss_cmc/inst/axi_ic_mgmt/xbar/inst/gen_sasd.crossbar_sasd_0/addr_arbiter_inst/<const0> level0_i/blp/blp_i/ss_cmc/inst/axi_ic_mgmt/xbar/inst/gen_sasd.crossbar_sasd_0/gen_decerr.decerr_slave_inst/<const0> level0_i/blp/blp_i/ss_cmc/inst/axi_ic_mgmt/xbar/inst/gen_sasd.crossbar_sasd_0/reg_slice_r/<const0> level0_i/blp/blp_i/ss_cmc/inst/axi_intc_cmc/U0/AXI_LITE_IPIF_I/I_SLAVE_ATTACHMENT/<const0> level0_i/blp/blp_i/ss_cmc/inst/axi_intc_cmc/U0/AXI_LITE_IPIF_I/I_SLAVE_ATTACHMENT/I_DECODER/<const0> level0_i/blp/blp_i/ss_cmc/inst/axi_intc_cmc/U0/INTC_CORE_I/<const0> level0_i/blp/blp_i/ss_cmc/inst/axi_intc_cmc/U0/INTC_CORE_I/IVAR_FAST_MODE_GEN.IVAR_REG_MEM_AXI_CLK_GEN.IVAR_REG_MEM_I/<const0> level0_i/blp/blp_i/ss_cmc/inst/axi_intc_host/U0/AXI_LITE_IPIF_I/I_SLAVE_ATTACHMENT/<const0> level0_i/blp/blp_i/ss_cmc/inst/axi_intc_host/U0/AXI_LITE_IPIF_I/I_SLAVE_ATTACHMENT/I_DECODER/<const0> level0_i/blp/blp_i/ss_cmc/inst/axi_intc_host/U0/INTC_CORE_I/<const0> level0_i/blp/blp_i/ss_cmc/inst/axi_timebase_wdt/U0/LEGACY_WDT.axi_timebase_wdt_i/AXI4_LITE_I/I_SLAVE_ATTACHMENT/<const0> level0_i/blp/blp_i/ss_cmc/inst/axi_timebase_wdt/U0/LEGACY_WDT.axi_timebase_wdt_i/AXI4_LITE_I/I_SLAVE_ATTACHMENT/I_DECODER/<const0> level0_i/blp/blp_i/ss_cmc/inst/axi_timebase_wdt/U0/LEGACY_WDT.axi_timebase_wdt_i/TIMEBASE_WDT_CORE_I/<const0> level0_i/blp/blp_i/ss_cmc/inst/axi_timebase_wdt/U0/LEGACY_WDT.axi_timebase_wdt_i/TIMEBASE_WDT_CORE_I/INPUT_DOUBLE_REGS3/<const0> level0_i/blp/blp_i/ss_cmc/inst/axi_uartlite_satellite/U0/AXI_LITE_IPIF_I/I_SLAVE_ATTACHMENT/<const0> level0_i/blp/blp_i/ss_cmc/inst/axi_uartlite_satellite/U0/AXI_LITE_IPIF_I/I_SLAVE_ATTACHMENT/I_DECODER/<const0> level0_i/blp/blp_i/ss_cmc/inst/axi_uartlite_satellite/U0/UARTLITE_CORE_I/<const0> level0_i/blp/blp_i/ss_cmc/inst/axi_uartlite_satellite/U0/UARTLITE_CORE_I/UARTLITE_RX_I/<const0> level0_i/blp/blp_i/ss_cmc/inst/axi_uartlite_satellite/U0/UARTLITE_CORE_I/UARTLITE_RX_I/INPUT_DOUBLE_REGS3/<const0> level0_i/blp/blp_i/ss_cmc/inst/axi_uartlite_satellite/U0/UARTLITE_CORE_I/UARTLITE_TX_I/<const0> level0_i/blp/blp_i/ss_cmc/inst/build_info_cmc/U0/<const0> level0_i/blp/blp_i/ss_cmc/inst/build_info_cmc/U0/axi_lite_ipif_1/I_SLAVE_ATTACHMENT/<const0> level0_i/blp/blp_i/ss_cmc/inst/build_info_cmc/U0/axi_lite_ipif_1/I_SLAVE_ATTACHMENT/I_DECODER/<const0> level0_i/blp/blp_i/ss_cmc/inst/build_info_host/U0/<const0> level0_i/blp/blp_i/ss_cmc/inst/build_info_host/U0/axi_lite_ipif_1/I_SLAVE_ATTACHMENT/<const0> level0_i/blp/blp_i/ss_cmc/inst/build_info_host/U0/axi_lite_ipif_1/I_SLAVE_ATTACHMENT/I_DECODER/<const0> level0_i/blp/blp_i/ss_cmc/inst/freerun_counter/U0/i_synth/i_baseblox.i_baseblox_counter/the_addsub/no_pipelining.the_addsub/i_lut6.i_lut6_addsub/<const0> level0_i/blp/blp_i/ss_cmc/inst/freerun_counter/U0/i_synth/i_baseblox.i_baseblox_counter/the_addsub/no_pipelining.the_addsub/i_lut6.i_lut6_addsub/i_q.i_simple.qreg/<const0> level0_i/blp/blp_i/ss_cmc/inst/microblaze_cmc/U0/MicroBlaze_Core_I/<const0> level0_i/blp/blp_i/ss_cmc/inst/microblaze_cmc/U0/MicroBlaze_Core_I/Performance.Core/<const0> level0_i/blp/blp_i/ss_cmc/inst/microblaze_cmc/U0/MicroBlaze_Core_I/Performance.Core/Data_Flow_I/MUL_Unit_I/Use_HW_MUL.Using_DSP48_Architectures.Doing_mul64.Virtex_MUL64.dsp_module_I2/Using_DSP48E1.DSP48E1_I1/<const0> level0_i/blp/blp_i/ss_cmc/inst/microblaze_cmc/U0/MicroBlaze_Core_I/Performance.Core/Data_Flow_I/MUL_Unit_I/Use_HW_MUL.Using_DSP48_Architectures.Doing_mul64.Virtex_MUL64.dsp_module_I3/Using_DSP48E1.DSP48E1_I1/<const0> level0_i/blp/blp_i/ss_cmc/inst/microblaze_cmc/U0/MicroBlaze_Core_I/Performance.Core/Data_Flow_I/MUL_Unit_I/Use_HW_MUL.Using_DSP48_Architectures.Doing_mul64.Virtex_MUL64.dsp_module_I4/Using_DSP48E1.DSP48E1_I1/<const0> level0_i/blp/blp_i/ss_cmc/inst/microblaze_cmc/U0/MicroBlaze_Core_I/Performance.Core/Data_Flow_I/MUL_Unit_I/Use_HW_MUL.Using_DSP48_Architectures.dsp_module_I1/Using_DSP48E1.DSP48E1_I1/<const0> level0_i/blp/blp_i/ss_cmc/inst/microblaze_cmc/U0/MicroBlaze_Core_I/Performance.Core/Data_Flow_I/Using_DAXI_ALU_Carry.Post_MUXCY_I/<const0> level0_i/blp/blp_i/ss_cmc/inst/microblaze_cmc/U0/MicroBlaze_Core_I/Performance.Core/Data_Flow_I/Using_Div_Unit.Div_unit_I1/<const0> level0_i/blp/blp_i/ss_cmc/inst/microblaze_cmc/U0/MicroBlaze_Core_I/Performance.Core/Data_Flow_I/Using_Div_Unit.Div_unit_I1/FPGA_Impl1.D_Handle[10].MUXCY_XOR_I/<const0> level0_i/blp/blp_i/ss_cmc/inst/microblaze_cmc/U0/MicroBlaze_Core_I/Performance.Core/Data_Flow_I/Using_Div_Unit.Div_unit_I1/FPGA_Impl1.D_Handle[11].MUXCY_XOR_I/<const0> level0_i/blp/blp_i/ss_cmc/inst/microblaze_cmc/U0/MicroBlaze_Core_I/Performance.Core/Data_Flow_I/Using_Div_Unit.Div_unit_I1/FPGA_Impl1.D_Handle[12].MUXCY_XOR_I/<const0> level0_i/blp/blp_i/ss_cmc/inst/microblaze_cmc/U0/MicroBlaze_Core_I/Performance.Core/Data_Flow_I/Using_Div_Unit.Div_unit_I1/FPGA_Impl1.D_Handle[13].MUXCY_XOR_I/<const0> level0_i/blp/blp_i/ss_cmc/inst/microblaze_cmc/U0/MicroBlaze_Core_I/Performance.Core/Data_Flow_I/Using_Div_Unit.Div_unit_I1/FPGA_Impl1.D_Handle[14].MUXCY_XOR_I/<const0> level0_i/blp/blp_i/ss_cmc/inst/microblaze_cmc/U0/MicroBlaze_Core_I/Performance.Core/Data_Flow_I/Using_Div_Unit.Div_unit_I1/FPGA_Impl1.D_Handle[15].MUXCY_XOR_I/<const0> level0_i/blp/blp_i/ss_cmc/inst/microblaze_cmc/U0/MicroBlaze_Core_I/Performance.Core/Data_Flow_I/Using_Div_Unit.Div_unit_I1/FPGA_Impl1.D_Handle[16].MUXCY_XOR_I/<const0> level0_i/blp/blp_i/ss_cmc/inst/microblaze_cmc/U0/MicroBlaze_Core_I/Performance.Core/Data_Flow_I/Using_Div_Unit.Div_unit_I1/FPGA_Impl1.D_Handle[17].MUXCY_XOR_I/<const0> level0_i/blp/blp_i/ss_cmc/inst/microblaze_cmc/U0/MicroBlaze_Core_I/Performance.Core/Data_Flow_I/Using_Div_Unit.Div_unit_I1/FPGA_Impl1.D_Handle[18].MUXCY_XOR_I/<const0> level0_i/blp/blp_i/ss_cmc/inst/microblaze_cmc/U0/MicroBlaze_Core_I/Performance.Core/Data_Flow_I/Using_Div_Unit.Div_unit_I1/FPGA_Impl1.D_Handle[19].MUXCY_XOR_I/<const0> level0_i/blp/blp_i/ss_cmc/inst/microblaze_cmc/U0/MicroBlaze_Core_I/Performance.Core/Data_Flow_I/Using_Div_Unit.Div_unit_I1/FPGA_Impl1.D_Handle[1].MUXCY_XOR_I/<const0> level0_i/blp/blp_i/ss_cmc/inst/microblaze_cmc/U0/MicroBlaze_Core_I/Performance.Core/Data_Flow_I/Using_Div_Unit.Div_unit_I1/FPGA_Impl1.D_Handle[20].MUXCY_XOR_I/<const0> level0_i/blp/blp_i/ss_cmc/inst/microblaze_cmc/U0/MicroBlaze_Core_I/Performance.Core/Data_Flow_I/Using_Div_Unit.Div_unit_I1/FPGA_Impl1.D_Handle[21].MUXCY_XOR_I/<const0> level0_i/blp/blp_i/ss_cmc/inst/microblaze_cmc/U0/MicroBlaze_Core_I/Performance.Core/Data_Flow_I/Using_Div_Unit.Div_unit_I1/FPGA_Impl1.D_Handle[22].MUXCY_XOR_I/<const0> level0_i/blp/blp_i/ss_cmc/inst/microblaze_cmc/U0/MicroBlaze_Core_I/Performance.Core/Data_Flow_I/Using_Div_Unit.Div_unit_I1/FPGA_Impl1.D_Handle[23].MUXCY_XOR_I/<const0> level0_i/blp/blp_i/ss_cmc/inst/microblaze_cmc/U0/MicroBlaze_Core_I/Performance.Core/Data_Flow_I/Using_Div_Unit.Div_unit_I1/FPGA_Impl1.D_Handle[24].MUXCY_XOR_I/<const0> level0_i/blp/blp_i/ss_cmc/inst/microblaze_cmc/U0/MicroBlaze_Core_I/Performance.Core/Data_Flow_I/Using_Div_Unit.Div_unit_I1/FPGA_Impl1.D_Handle[25].MUXCY_XOR_I/<const0> level0_i/blp/blp_i/ss_cmc/inst/microblaze_cmc/U0/MicroBlaze_Core_I/Performance.Core/Data_Flow_I/Using_Div_Unit.Div_unit_I1/FPGA_Impl1.D_Handle[26].MUXCY_XOR_I/<const0> level0_i/blp/blp_i/ss_cmc/inst/microblaze_cmc/U0/MicroBlaze_Core_I/Performance.Core/Data_Flow_I/Using_Div_Unit.Div_unit_I1/FPGA_Impl1.D_Handle[27].MUXCY_XOR_I/<const0> level0_i/blp/blp_i/ss_cmc/inst/microblaze_cmc/U0/MicroBlaze_Core_I/Performance.Core/Data_Flow_I/Using_Div_Unit.Div_unit_I1/FPGA_Impl1.D_Handle[28].MUXCY_XOR_I/<const0> level0_i/blp/blp_i/ss_cmc/inst/microblaze_cmc/U0/MicroBlaze_Core_I/Performance.Core/Data_Flow_I/Using_Div_Unit.Div_unit_I1/FPGA_Impl1.D_Handle[29].MUXCY_XOR_I/<const0> level0_i/blp/blp_i/ss_cmc/inst/microblaze_cmc/U0/MicroBlaze_Core_I/Performance.Core/Data_Flow_I/Using_Div_Unit.Div_unit_I1/FPGA_Impl1.D_Handle[2].MUXCY_XOR_I/<const0> level0_i/blp/blp_i/ss_cmc/inst/microblaze_cmc/U0/MicroBlaze_Core_I/Performance.Core/Data_Flow_I/Using_Div_Unit.Div_unit_I1/FPGA_Impl1.D_Handle[30].MUXCY_XOR_I/<const0> level0_i/blp/blp_i/ss_cmc/inst/microblaze_cmc/U0/MicroBlaze_Core_I/Performance.Core/Data_Flow_I/Using_Div_Unit.Div_unit_I1/FPGA_Impl1.D_Handle[31].MUXCY_XOR_I/<const0> level0_i/blp/blp_i/ss_cmc/inst/microblaze_cmc/U0/MicroBlaze_Core_I/Performance.Core/Data_Flow_I/Using_Div_Unit.Div_unit_I1/FPGA_Impl1.D_Handle[3].MUXCY_XOR_I/<const0> level0_i/blp/blp_i/ss_cmc/inst/microblaze_cmc/U0/MicroBlaze_Core_I/Performance.Core/Data_Flow_I/Using_Div_Unit.Div_unit_I1/FPGA_Impl1.D_Handle[4].MUXCY_XOR_I/<const0> level0_i/blp/blp_i/ss_cmc/inst/microblaze_cmc/U0/MicroBlaze_Core_I/Performance.Core/Data_Flow_I/Using_Div_Unit.Div_unit_I1/FPGA_Impl1.D_Handle[5].MUXCY_XOR_I/<const0> level0_i/blp/blp_i/ss_cmc/inst/microblaze_cmc/U0/MicroBlaze_Core_I/Performance.Core/Data_Flow_I/Using_Div_Unit.Div_unit_I1/FPGA_Impl1.D_Handle[6].MUXCY_XOR_I/<const0> level0_i/blp/blp_i/ss_cmc/inst/microblaze_cmc/U0/MicroBlaze_Core_I/Performance.Core/Data_Flow_I/Using_Div_Unit.Div_unit_I1/FPGA_Impl1.D_Handle[7].MUXCY_XOR_I/<const0> level0_i/blp/blp_i/ss_cmc/inst/microblaze_cmc/U0/MicroBlaze_Core_I/Performance.Core/Data_Flow_I/Using_Div_Unit.Div_unit_I1/FPGA_Impl1.D_Handle[8].MUXCY_XOR_I/<const0> level0_i/blp/blp_i/ss_cmc/inst/microblaze_cmc/U0/MicroBlaze_Core_I/Performance.Core/Data_Flow_I/Using_Div_Unit.Div_unit_I1/FPGA_Impl1.D_Handle[9].MUXCY_XOR_I/<const0> level0_i/blp/blp_i/ss_cmc/inst/microblaze_cmc/U0/MicroBlaze_Core_I/Performance.Core/Data_Flow_I/Using_Div_Unit.Div_unit_I1/FPGA_Impl2.New_Q_Handle[10].MUXCY_XOR_I/<const0> level0_i/blp/blp_i/ss_cmc/inst/microblaze_cmc/U0/MicroBlaze_Core_I/Performance.Core/Data_Flow_I/Using_Div_Unit.Div_unit_I1/FPGA_Impl2.New_Q_Handle[11].MUXCY_XOR_I/<const0> level0_i/blp/blp_i/ss_cmc/inst/microblaze_cmc/U0/MicroBlaze_Core_I/Performance.Core/Data_Flow_I/Using_Div_Unit.Div_unit_I1/FPGA_Impl2.New_Q_Handle[12].MUXCY_XOR_I/<const0> level0_i/blp/blp_i/ss_cmc/inst/microblaze_cmc/U0/MicroBlaze_Core_I/Performance.Core/Data_Flow_I/Using_Div_Unit.Div_unit_I1/FPGA_Impl2.New_Q_Handle[13].MUXCY_XOR_I/<const0> level0_i/blp/blp_i/ss_cmc/inst/microblaze_cmc/U0/MicroBlaze_Core_I/Performance.Core/Data_Flow_I/Using_Div_Unit.Div_unit_I1/FPGA_Impl2.New_Q_Handle[14].MUXCY_XOR_I/<const0> level0_i/blp/blp_i/ss_cmc/inst/microblaze_cmc/U0/MicroBlaze_Core_I/Performance.Core/Data_Flow_I/Using_Div_Unit.Div_unit_I1/FPGA_Impl2.New_Q_Handle[15].MUXCY_XOR_I/<const0> level0_i/blp/blp_i/ss_cmc/inst/microblaze_cmc/U0/MicroBlaze_Core_I/Performance.Core/Data_Flow_I/Using_Div_Unit.Div_unit_I1/FPGA_Impl2.New_Q_Handle[16].MUXCY_XOR_I/<const0> level0_i/blp/blp_i/ss_cmc/inst/microblaze_cmc/U0/MicroBlaze_Core_I/Performance.Core/Data_Flow_I/Using_Div_Unit.Div_unit_I1/FPGA_Impl2.New_Q_Handle[17].MUXCY_XOR_I/<const0> level0_i/blp/blp_i/ss_cmc/inst/microblaze_cmc/U0/MicroBlaze_Core_I/Performance.Core/Data_Flow_I/Using_Div_Unit.Div_unit_I1/FPGA_Impl2.New_Q_Handle[18].MUXCY_XOR_I/<const0> level0_i/blp/blp_i/ss_cmc/inst/microblaze_cmc/U0/MicroBlaze_Core_I/Performance.Core/Data_Flow_I/Using_Div_Unit.Div_unit_I1/FPGA_Impl2.New_Q_Handle[19].MUXCY_XOR_I/<const0> level0_i/blp/blp_i/ss_cmc/inst/microblaze_cmc/U0/MicroBlaze_Core_I/Performance.Core/Data_Flow_I/Using_Div_Unit.Div_unit_I1/FPGA_Impl2.New_Q_Handle[1].MUXCY_XOR_I/<const0> level0_i/blp/blp_i/ss_cmc/inst/microblaze_cmc/U0/MicroBlaze_Core_I/Performance.Core/Data_Flow_I/Using_Div_Unit.Div_unit_I1/FPGA_Impl2.New_Q_Handle[20].MUXCY_XOR_I/<const0> level0_i/blp/blp_i/ss_cmc/inst/microblaze_cmc/U0/MicroBlaze_Core_I/Performance.Core/Data_Flow_I/Using_Div_Unit.Div_unit_I1/FPGA_Impl2.New_Q_Handle[21].MUXCY_XOR_I/<const0> level0_i/blp/blp_i/ss_cmc/inst/microblaze_cmc/U0/MicroBlaze_Core_I/Performance.Core/Data_Flow_I/Using_Div_Unit.Div_unit_I1/FPGA_Impl2.New_Q_Handle[22].MUXCY_XOR_I/<const0> level0_i/blp/blp_i/ss_cmc/inst/microblaze_cmc/U0/MicroBlaze_Core_I/Performance.Core/Data_Flow_I/Using_Div_Unit.Div_unit_I1/FPGA_Impl2.New_Q_Handle[23].MUXCY_XOR_I/<const0> level0_i/blp/blp_i/ss_cmc/inst/microblaze_cmc/U0/MicroBlaze_Core_I/Performance.Core/Data_Flow_I/Using_Div_Unit.Div_unit_I1/FPGA_Impl2.New_Q_Handle[24].MUXCY_XOR_I/<const0> level0_i/blp/blp_i/ss_cmc/inst/microblaze_cmc/U0/MicroBlaze_Core_I/Performance.Core/Data_Flow_I/Using_Div_Unit.Div_unit_I1/FPGA_Impl2.New_Q_Handle[25].MUXCY_XOR_I/<const0> level0_i/blp/blp_i/ss_cmc/inst/microblaze_cmc/U0/MicroBlaze_Core_I/Performance.Core/Data_Flow_I/Using_Div_Unit.Div_unit_I1/FPGA_Impl2.New_Q_Handle[26].MUXCY_XOR_I/<const0> level0_i/blp/blp_i/ss_cmc/inst/microblaze_cmc/U0/MicroBlaze_Core_I/Performance.Core/Data_Flow_I/Using_Div_Unit.Div_unit_I1/FPGA_Impl2.New_Q_Handle[27].MUXCY_XOR_I/<const0> level0_i/blp/blp_i/ss_cmc/inst/microblaze_cmc/U0/MicroBlaze_Core_I/Performance.Core/Data_Flow_I/Using_Div_Unit.Div_unit_I1/FPGA_Impl2.New_Q_Handle[28].MUXCY_XOR_I/<const0> level0_i/blp/blp_i/ss_cmc/inst/microblaze_cmc/U0/MicroBlaze_Core_I/Performance.Core/Data_Flow_I/Using_Div_Unit.Div_unit_I1/FPGA_Impl2.New_Q_Handle[29].MUXCY_XOR_I/<const0> level0_i/blp/blp_i/ss_cmc/inst/microblaze_cmc/U0/MicroBlaze_Core_I/Performance.Core/Data_Flow_I/Using_Div_Unit.Div_unit_I1/FPGA_Impl2.New_Q_Handle[2].MUXCY_XOR_I/<const0> level0_i/blp/blp_i/ss_cmc/inst/microblaze_cmc/U0/MicroBlaze_Core_I/Performance.Core/Data_Flow_I/Using_Div_Unit.Div_unit_I1/FPGA_Impl2.New_Q_Handle[30].MUXCY_XOR_I/<const0> level0_i/blp/blp_i/ss_cmc/inst/microblaze_cmc/U0/MicroBlaze_Core_I/Performance.Core/Data_Flow_I/Using_Div_Unit.Div_unit_I1/FPGA_Impl2.New_Q_Handle[31].MUXCY_XOR_I/<const0> level0_i/blp/blp_i/ss_cmc/inst/microblaze_cmc/U0/MicroBlaze_Core_I/Performance.Core/Data_Flow_I/Using_Div_Unit.Div_unit_I1/FPGA_Impl2.New_Q_Handle[3].MUXCY_XOR_I/<const0> level0_i/blp/blp_i/ss_cmc/inst/microblaze_cmc/U0/MicroBlaze_Core_I/Performance.Core/Data_Flow_I/Using_Div_Unit.Div_unit_I1/FPGA_Impl2.New_Q_Handle[4].MUXCY_XOR_I/<const0> level0_i/blp/blp_i/ss_cmc/inst/microblaze_cmc/U0/MicroBlaze_Core_I/Performance.Core/Data_Flow_I/Using_Div_Unit.Div_unit_I1/FPGA_Impl2.New_Q_Handle[5].MUXCY_XOR_I/<const0> level0_i/blp/blp_i/ss_cmc/inst/microblaze_cmc/U0/MicroBlaze_Core_I/Performance.Core/Data_Flow_I/Using_Div_Unit.Div_unit_I1/FPGA_Impl2.New_Q_Handle[6].MUXCY_XOR_I/<const0> level0_i/blp/blp_i/ss_cmc/inst/microblaze_cmc/U0/MicroBlaze_Core_I/Performance.Core/Data_Flow_I/Using_Div_Unit.Div_unit_I1/FPGA_Impl2.New_Q_Handle[7].MUXCY_XOR_I/<const0> level0_i/blp/blp_i/ss_cmc/inst/microblaze_cmc/U0/MicroBlaze_Core_I/Performance.Core/Data_Flow_I/Using_Div_Unit.Div_unit_I1/FPGA_Impl2.New_Q_Handle[8].MUXCY_XOR_I/<const0> level0_i/blp/blp_i/ss_cmc/inst/microblaze_cmc/U0/MicroBlaze_Core_I/Performance.Core/Data_Flow_I/Using_Div_Unit.Div_unit_I1/FPGA_Impl2.New_Q_Handle[9].MUXCY_XOR_I/<const0> level0_i/blp/blp_i/ss_cmc/inst/microblaze_cmc/U0/MicroBlaze_Core_I/Performance.Core/Data_Flow_I/Zero_Detect_I/Part_Of_Zero_Carry_Start/<const0> level0_i/blp/blp_i/ss_cmc/inst/microblaze_cmc/U0/MicroBlaze_Core_I/Performance.Core/Data_Flow_I/exception_registers_I1/CarryIn_MUXCY/<const0> level0_i/blp/blp_i/ss_cmc/inst/microblaze_cmc/U0/MicroBlaze_Core_I/Performance.Core/Data_Flow_I/exception_registers_I1/Using_FPGA_LUT6.Gen_Ret_Addr[0].I_RET_ADDR_WB/<const0> level0_i/blp/blp_i/ss_cmc/inst/microblaze_cmc/U0/MicroBlaze_Core_I/Performance.Core/Data_Flow_I/exception_registers_I1/Using_FPGA_LUT6.Gen_Ret_Addr[0].WB_PC_FDRE/<const0> level0_i/blp/blp_i/ss_cmc/inst/microblaze_cmc/U0/MicroBlaze_Core_I/Performance.Core/Data_Flow_I/exception_registers_I1/Using_FPGA_LUT6.Gen_Ret_Addr[10].I_RET_ADDR_WB/<const0> level0_i/blp/blp_i/ss_cmc/inst/microblaze_cmc/U0/MicroBlaze_Core_I/Performance.Core/Data_Flow_I/exception_registers_I1/Using_FPGA_LUT6.Gen_Ret_Addr[10].WB_PC_FDRE/<const0> level0_i/blp/blp_i/ss_cmc/inst/microblaze_cmc/U0/MicroBlaze_Core_I/Performance.Core/Data_Flow_I/exception_registers_I1/Using_FPGA_LUT6.Gen_Ret_Addr[11].I_RET_ADDR_WB/<const0> level0_i/blp/blp_i/ss_cmc/inst/microblaze_cmc/U0/MicroBlaze_Core_I/Performance.Core/Data_Flow_I/exception_registers_I1/Using_FPGA_LUT6.Gen_Ret_Addr[11].WB_PC_FDRE/<const0> level0_i/blp/blp_i/ss_cmc/inst/microblaze_cmc/U0/MicroBlaze_Core_I/Performance.Core/Data_Flow_I/exception_registers_I1/Using_FPGA_LUT6.Gen_Ret_Addr[12].I_RET_ADDR_WB/<const0> level0_i/blp/blp_i/ss_cmc/inst/microblaze_cmc/U0/MicroBlaze_Core_I/Performance.Core/Data_Flow_I/exception_registers_I1/Using_FPGA_LUT6.Gen_Ret_Addr[12].WB_PC_FDRE/<const0> level0_i/blp/blp_i/ss_cmc/inst/microblaze_cmc/U0/MicroBlaze_Core_I/Performance.Core/Data_Flow_I/exception_registers_I1/Using_FPGA_LUT6.Gen_Ret_Addr[13].I_RET_ADDR_WB/<const0> level0_i/blp/blp_i/ss_cmc/inst/microblaze_cmc/U0/MicroBlaze_Core_I/Performance.Core/Data_Flow_I/exception_registers_I1/Using_FPGA_LUT6.Gen_Ret_Addr[13].WB_PC_FDRE/<const0> level0_i/blp/blp_i/ss_cmc/inst/microblaze_cmc/U0/MicroBlaze_Core_I/Performance.Core/Data_Flow_I/exception_registers_I1/Using_FPGA_LUT6.Gen_Ret_Addr[14].I_RET_ADDR_WB/<const0> level0_i/blp/blp_i/ss_cmc/inst/microblaze_cmc/U0/MicroBlaze_Core_I/Performance.Core/Data_Flow_I/exception_registers_I1/Using_FPGA_LUT6.Gen_Ret_Addr[14].WB_PC_FDRE/<const0> level0_i/blp/blp_i/ss_cmc/inst/microblaze_cmc/U0/MicroBlaze_Core_I/Performance.Core/Data_Flow_I/exception_registers_I1/Using_FPGA_LUT6.Gen_Ret_Addr[15].I_RET_ADDR_WB/<const0> level0_i/blp/blp_i/ss_cmc/inst/microblaze_cmc/U0/MicroBlaze_Core_I/Performance.Core/Data_Flow_I/exception_registers_I1/Using_FPGA_LUT6.Gen_Ret_Addr[15].WB_PC_FDRE/<const0> level0_i/blp/blp_i/ss_cmc/inst/microblaze_cmc/U0/MicroBlaze_Core_I/Performance.Core/Data_Flow_I/exception_registers_I1/Using_FPGA_LUT6.Gen_Ret_Addr[16].I_RET_ADDR_WB/<const0> level0_i/blp/blp_i/ss_cmc/inst/microblaze_cmc/U0/MicroBlaze_Core_I/Performance.Core/Data_Flow_I/exception_registers_I1/Using_FPGA_LUT6.Gen_Ret_Addr[16].WB_PC_FDRE/<const0> level0_i/blp/blp_i/ss_cmc/inst/microblaze_cmc/U0/MicroBlaze_Core_I/Performance.Core/Data_Flow_I/exception_registers_I1/Using_FPGA_LUT6.Gen_Ret_Addr[17].I_RET_ADDR_WB/<const0> level0_i/blp/blp_i/ss_cmc/inst/microblaze_cmc/U0/MicroBlaze_Core_I/Performance.Core/Data_Flow_I/exception_registers_I1/Using_FPGA_LUT6.Gen_Ret_Addr[17].WB_PC_FDRE/<const0> level0_i/blp/blp_i/ss_cmc/inst/microblaze_cmc/U0/MicroBlaze_Core_I/Performance.Core/Data_Flow_I/exception_registers_I1/Using_FPGA_LUT6.Gen_Ret_Addr[18].I_RET_ADDR_WB/<const0> level0_i/blp/blp_i/ss_cmc/inst/microblaze_cmc/U0/MicroBlaze_Core_I/Performance.Core/Data_Flow_I/exception_registers_I1/Using_FPGA_LUT6.Gen_Ret_Addr[18].WB_PC_FDRE/<const0> level0_i/blp/blp_i/ss_cmc/inst/microblaze_cmc/U0/MicroBlaze_Core_I/Performance.Core/Data_Flow_I/exception_registers_I1/Using_FPGA_LUT6.Gen_Ret_Addr[19].I_RET_ADDR_WB/<const0> level0_i/blp/blp_i/ss_cmc/inst/microblaze_cmc/U0/MicroBlaze_Core_I/Performance.Core/Data_Flow_I/exception_registers_I1/Using_FPGA_LUT6.Gen_Ret_Addr[19].WB_PC_FDRE/<const0> level0_i/blp/blp_i/ss_cmc/inst/microblaze_cmc/U0/MicroBlaze_Core_I/Performance.Core/Data_Flow_I/exception_registers_I1/Using_FPGA_LUT6.Gen_Ret_Addr[1].I_RET_ADDR_WB/<const0> level0_i/blp/blp_i/ss_cmc/inst/microblaze_cmc/U0/MicroBlaze_Core_I/Performance.Core/Data_Flow_I/exception_registers_I1/Using_FPGA_LUT6.Gen_Ret_Addr[1].WB_PC_FDRE/<const0> level0_i/blp/blp_i/ss_cmc/inst/microblaze_cmc/U0/MicroBlaze_Core_I/Performance.Core/Data_Flow_I/exception_registers_I1/Using_FPGA_LUT6.Gen_Ret_Addr[20].I_RET_ADDR_WB/<const0> level0_i/blp/blp_i/ss_cmc/inst/microblaze_cmc/U0/MicroBlaze_Core_I/Performance.Core/Data_Flow_I/exception_registers_I1/Using_FPGA_LUT6.Gen_Ret_Addr[20].WB_PC_FDRE/<const0> level0_i/blp/blp_i/ss_cmc/inst/microblaze_cmc/U0/MicroBlaze_Core_I/Performance.Core/Data_Flow_I/exception_registers_I1/Using_FPGA_LUT6.Gen_Ret_Addr[21].I_RET_ADDR_WB/<const0> level0_i/blp/blp_i/ss_cmc/inst/microblaze_cmc/U0/MicroBlaze_Core_I/Performance.Core/Data_Flow_I/exception_registers_I1/Using_FPGA_LUT6.Gen_Ret_Addr[21].WB_PC_FDRE/<const0> level0_i/blp/blp_i/ss_cmc/inst/microblaze_cmc/U0/MicroBlaze_Core_I/Performance.Core/Data_Flow_I/exception_registers_I1/Using_FPGA_LUT6.Gen_Ret_Addr[22].I_RET_ADDR_WB/<const0> level0_i/blp/blp_i/ss_cmc/inst/microblaze_cmc/U0/MicroBlaze_Core_I/Performance.Core/Data_Flow_I/exception_registers_I1/Using_FPGA_LUT6.Gen_Ret_Addr[22].WB_PC_FDRE/<const0> level0_i/blp/blp_i/ss_cmc/inst/microblaze_cmc/U0/MicroBlaze_Core_I/Performance.Core/Data_Flow_I/exception_registers_I1/Using_FPGA_LUT6.Gen_Ret_Addr[23].I_RET_ADDR_WB/<const0> level0_i/blp/blp_i/ss_cmc/inst/microblaze_cmc/U0/MicroBlaze_Core_I/Performance.Core/Data_Flow_I/exception_registers_I1/Using_FPGA_LUT6.Gen_Ret_Addr[23].WB_PC_FDRE/<const0> level0_i/blp/blp_i/ss_cmc/inst/microblaze_cmc/U0/MicroBlaze_Core_I/Performance.Core/Data_Flow_I/exception_registers_I1/Using_FPGA_LUT6.Gen_Ret_Addr[24].I_RET_ADDR_WB/<const0> level0_i/blp/blp_i/ss_cmc/inst/microblaze_cmc/U0/MicroBlaze_Core_I/Performance.Core/Data_Flow_I/exception_registers_I1/Using_FPGA_LUT6.Gen_Ret_Addr[24].WB_PC_FDRE/<const0> level0_i/blp/blp_i/ss_cmc/inst/microblaze_cmc/U0/MicroBlaze_Core_I/Performance.Core/Data_Flow_I/exception_registers_I1/Using_FPGA_LUT6.Gen_Ret_Addr[25].I_RET_ADDR_WB/<const0> level0_i/blp/blp_i/ss_cmc/inst/microblaze_cmc/U0/MicroBlaze_Core_I/Performance.Core/Data_Flow_I/exception_registers_I1/Using_FPGA_LUT6.Gen_Ret_Addr[25].WB_PC_FDRE/<const0> level0_i/blp/blp_i/ss_cmc/inst/microblaze_cmc/U0/MicroBlaze_Core_I/Performance.Core/Data_Flow_I/exception_registers_I1/Using_FPGA_LUT6.Gen_Ret_Addr[26].I_RET_ADDR_WB/<const0> level0_i/blp/blp_i/ss_cmc/inst/microblaze_cmc/U0/MicroBlaze_Core_I/Performance.Core/Data_Flow_I/exception_registers_I1/Using_FPGA_LUT6.Gen_Ret_Addr[26].WB_PC_FDRE/<const0> level0_i/blp/blp_i/ss_cmc/inst/microblaze_cmc/U0/MicroBlaze_Core_I/Performance.Core/Data_Flow_I/exception_registers_I1/Using_FPGA_LUT6.Gen_Ret_Addr[27].I_RET_ADDR_WB/<const0> level0_i/blp/blp_i/ss_cmc/inst/microblaze_cmc/U0/MicroBlaze_Core_I/Performance.Core/Data_Flow_I/exception_registers_I1/Using_FPGA_LUT6.Gen_Ret_Addr[27].WB_PC_FDRE/<const0> level0_i/blp/blp_i/ss_cmc/inst/microblaze_cmc/U0/MicroBlaze_Core_I/Performance.Core/Data_Flow_I/exception_registers_I1/Using_FPGA_LUT6.Gen_Ret_Addr[28].I_RET_ADDR_WB/<const0> level0_i/blp/blp_i/ss_cmc/inst/microblaze_cmc/U0/MicroBlaze_Core_I/Performance.Core/Data_Flow_I/exception_registers_I1/Using_FPGA_LUT6.Gen_Ret_Addr[28].WB_PC_FDRE/<const0> level0_i/blp/blp_i/ss_cmc/inst/microblaze_cmc/U0/MicroBlaze_Core_I/Performance.Core/Data_Flow_I/exception_registers_I1/Using_FPGA_LUT6.Gen_Ret_Addr[29].WB_PC_FDRE/<const0> level0_i/blp/blp_i/ss_cmc/inst/microblaze_cmc/U0/MicroBlaze_Core_I/Performance.Core/Data_Flow_I/exception_registers_I1/Using_FPGA_LUT6.Gen_Ret_Addr[2].I_RET_ADDR_WB/<const0> level0_i/blp/blp_i/ss_cmc/inst/microblaze_cmc/U0/MicroBlaze_Core_I/Performance.Core/Data_Flow_I/exception_registers_I1/Using_FPGA_LUT6.Gen_Ret_Addr[2].WB_PC_FDRE/<const0> level0_i/blp/blp_i/ss_cmc/inst/microblaze_cmc/U0/MicroBlaze_Core_I/Performance.Core/Data_Flow_I/exception_registers_I1/Using_FPGA_LUT6.Gen_Ret_Addr[30].I_RET_ADDR_WB/<const0> level0_i/blp/blp_i/ss_cmc/inst/microblaze_cmc/U0/MicroBlaze_Core_I/Performance.Core/Data_Flow_I/exception_registers_I1/Using_FPGA_LUT6.Gen_Ret_Addr[30].WB_PC_FDRE/<const0> level0_i/blp/blp_i/ss_cmc/inst/microblaze_cmc/U0/MicroBlaze_Core_I/Performance.Core/Data_Flow_I/exception_registers_I1/Using_FPGA_LUT6.Gen_Ret_Addr[31].I_RET_ADDR_WB/<const0> level0_i/blp/blp_i/ss_cmc/inst/microblaze_cmc/U0/MicroBlaze_Core_I/Performance.Core/Data_Flow_I/exception_registers_I1/Using_FPGA_LUT6.Gen_Ret_Addr[31].WB_PC_FDRE/<const0> level0_i/blp/blp_i/ss_cmc/inst/microblaze_cmc/U0/MicroBlaze_Core_I/Performance.Core/Data_Flow_I/exception_registers_I1/Using_FPGA_LUT6.Gen_Ret_Addr[3].I_RET_ADDR_WB/<const0> level0_i/blp/blp_i/ss_cmc/inst/microblaze_cmc/U0/MicroBlaze_Core_I/Performance.Core/Data_Flow_I/exception_registers_I1/Using_FPGA_LUT6.Gen_Ret_Addr[3].WB_PC_FDRE/<const0> level0_i/blp/blp_i/ss_cmc/inst/microblaze_cmc/U0/MicroBlaze_Core_I/Performance.Core/Data_Flow_I/exception_registers_I1/Using_FPGA_LUT6.Gen_Ret_Addr[4].I_RET_ADDR_WB/<const0> level0_i/blp/blp_i/ss_cmc/inst/microblaze_cmc/U0/MicroBlaze_Core_I/Performance.Core/Data_Flow_I/exception_registers_I1/Using_FPGA_LUT6.Gen_Ret_Addr[4].WB_PC_FDRE/<const0> level0_i/blp/blp_i/ss_cmc/inst/microblaze_cmc/U0/MicroBlaze_Core_I/Performance.Core/Data_Flow_I/exception_registers_I1/Using_FPGA_LUT6.Gen_Ret_Addr[5].I_RET_ADDR_WB/<const0> level0_i/blp/blp_i/ss_cmc/inst/microblaze_cmc/U0/MicroBlaze_Core_I/Performance.Core/Data_Flow_I/exception_registers_I1/Using_FPGA_LUT6.Gen_Ret_Addr[5].WB_PC_FDRE/<const0> level0_i/blp/blp_i/ss_cmc/inst/microblaze_cmc/U0/MicroBlaze_Core_I/Performance.Core/Data_Flow_I/exception_registers_I1/Using_FPGA_LUT6.Gen_Ret_Addr[6].I_RET_ADDR_WB/<const0> level0_i/blp/blp_i/ss_cmc/inst/microblaze_cmc/U0/MicroBlaze_Core_I/Performance.Core/Data_Flow_I/exception_registers_I1/Using_FPGA_LUT6.Gen_Ret_Addr[6].WB_PC_FDRE/<const0> level0_i/blp/blp_i/ss_cmc/inst/microblaze_cmc/U0/MicroBlaze_Core_I/Performance.Core/Data_Flow_I/exception_registers_I1/Using_FPGA_LUT6.Gen_Ret_Addr[7].I_RET_ADDR_WB/<const0> level0_i/blp/blp_i/ss_cmc/inst/microblaze_cmc/U0/MicroBlaze_Core_I/Performance.Core/Data_Flow_I/exception_registers_I1/Using_FPGA_LUT6.Gen_Ret_Addr[7].WB_PC_FDRE/<const0> level0_i/blp/blp_i/ss_cmc/inst/microblaze_cmc/U0/MicroBlaze_Core_I/Performance.Core/Data_Flow_I/exception_registers_I1/Using_FPGA_LUT6.Gen_Ret_Addr[8].I_RET_ADDR_WB/<const0> level0_i/blp/blp_i/ss_cmc/inst/microblaze_cmc/U0/MicroBlaze_Core_I/Performance.Core/Data_Flow_I/exception_registers_I1/Using_FPGA_LUT6.Gen_Ret_Addr[8].WB_PC_FDRE/<const0> level0_i/blp/blp_i/ss_cmc/inst/microblaze_cmc/U0/MicroBlaze_Core_I/Performance.Core/Data_Flow_I/exception_registers_I1/Using_FPGA_LUT6.Gen_Ret_Addr[9].I_RET_ADDR_WB/<const0> level0_i/blp/blp_i/ss_cmc/inst/microblaze_cmc/U0/MicroBlaze_Core_I/Performance.Core/Data_Flow_I/exception_registers_I1/Using_FPGA_LUT6.Gen_Ret_Addr[9].WB_PC_FDRE/<const0> level0_i/blp/blp_i/ss_cmc/inst/microblaze_cmc/U0/MicroBlaze_Core_I/Performance.Core/Decode_I/<const0> level0_i/blp/blp_i/ss_cmc/inst/microblaze_cmc/U0/MicroBlaze_Core_I/Performance.Core/Decode_I/PC_Module_I/<const0> level0_i/blp/blp_i/ss_cmc/inst/microblaze_cmc/U0/MicroBlaze_Core_I/Performance.Core/Decode_I/PC_Module_I/Using_FPGA.Incr_PC[10].MUXCY_XOR_I/<const0> level0_i/blp/blp_i/ss_cmc/inst/microblaze_cmc/U0/MicroBlaze_Core_I/Performance.Core/Decode_I/PC_Module_I/Using_FPGA.Incr_PC[11].MUXCY_XOR_I/<const0> level0_i/blp/blp_i/ss_cmc/inst/microblaze_cmc/U0/MicroBlaze_Core_I/Performance.Core/Decode_I/PC_Module_I/Using_FPGA.Incr_PC[12].MUXCY_XOR_I/<const0> level0_i/blp/blp_i/ss_cmc/inst/microblaze_cmc/U0/MicroBlaze_Core_I/Performance.Core/Decode_I/PC_Module_I/Using_FPGA.Incr_PC[13].MUXCY_XOR_I/<const0> level0_i/blp/blp_i/ss_cmc/inst/microblaze_cmc/U0/MicroBlaze_Core_I/Performance.Core/Decode_I/PC_Module_I/Using_FPGA.Incr_PC[14].MUXCY_XOR_I/<const0> level0_i/blp/blp_i/ss_cmc/inst/microblaze_cmc/U0/MicroBlaze_Core_I/Performance.Core/Decode_I/PC_Module_I/Using_FPGA.Incr_PC[15].MUXCY_XOR_I/<const0> level0_i/blp/blp_i/ss_cmc/inst/microblaze_cmc/U0/MicroBlaze_Core_I/Performance.Core/Decode_I/PC_Module_I/Using_FPGA.Incr_PC[16].MUXCY_XOR_I/<const0> level0_i/blp/blp_i/ss_cmc/inst/microblaze_cmc/U0/MicroBlaze_Core_I/Performance.Core/Decode_I/PC_Module_I/Using_FPGA.Incr_PC[17].MUXCY_XOR_I/<const0> level0_i/blp/blp_i/ss_cmc/inst/microblaze_cmc/U0/MicroBlaze_Core_I/Performance.Core/Decode_I/PC_Module_I/Using_FPGA.Incr_PC[18].MUXCY_XOR_I/<const0> level0_i/blp/blp_i/ss_cmc/inst/microblaze_cmc/U0/MicroBlaze_Core_I/Performance.Core/Decode_I/PC_Module_I/Using_FPGA.Incr_PC[19].MUXCY_XOR_I/<const0> level0_i/blp/blp_i/ss_cmc/inst/microblaze_cmc/U0/MicroBlaze_Core_I/Performance.Core/Decode_I/PC_Module_I/Using_FPGA.Incr_PC[1].MUXCY_XOR_I/<const0> level0_i/blp/blp_i/ss_cmc/inst/microblaze_cmc/U0/MicroBlaze_Core_I/Performance.Core/Decode_I/PC_Module_I/Using_FPGA.Incr_PC[20].MUXCY_XOR_I/<const0> level0_i/blp/blp_i/ss_cmc/inst/microblaze_cmc/U0/MicroBlaze_Core_I/Performance.Core/Decode_I/PC_Module_I/Using_FPGA.Incr_PC[21].MUXCY_XOR_I/<const0> level0_i/blp/blp_i/ss_cmc/inst/microblaze_cmc/U0/MicroBlaze_Core_I/Performance.Core/Decode_I/PC_Module_I/Using_FPGA.Incr_PC[22].MUXCY_XOR_I/<const0> level0_i/blp/blp_i/ss_cmc/inst/microblaze_cmc/U0/MicroBlaze_Core_I/Performance.Core/Decode_I/PC_Module_I/Using_FPGA.Incr_PC[23].MUXCY_XOR_I/<const0> level0_i/blp/blp_i/ss_cmc/inst/microblaze_cmc/U0/MicroBlaze_Core_I/Performance.Core/Decode_I/PC_Module_I/Using_FPGA.Incr_PC[24].MUXCY_XOR_I/<const0> level0_i/blp/blp_i/ss_cmc/inst/microblaze_cmc/U0/MicroBlaze_Core_I/Performance.Core/Decode_I/PC_Module_I/Using_FPGA.Incr_PC[25].MUXCY_XOR_I/<const0> level0_i/blp/blp_i/ss_cmc/inst/microblaze_cmc/U0/MicroBlaze_Core_I/Performance.Core/Decode_I/PC_Module_I/Using_FPGA.Incr_PC[26].MUXCY_XOR_I/<const0> level0_i/blp/blp_i/ss_cmc/inst/microblaze_cmc/U0/MicroBlaze_Core_I/Performance.Core/Decode_I/PC_Module_I/Using_FPGA.Incr_PC[27].MUXCY_XOR_I/<const0> level0_i/blp/blp_i/ss_cmc/inst/microblaze_cmc/U0/MicroBlaze_Core_I/Performance.Core/Decode_I/PC_Module_I/Using_FPGA.Incr_PC[28].MUXCY_XOR_I/<const0> level0_i/blp/blp_i/ss_cmc/inst/microblaze_cmc/U0/MicroBlaze_Core_I/Performance.Core/Decode_I/PC_Module_I/Using_FPGA.Incr_PC[29].MUXCY_XOR_I/<const0> level0_i/blp/blp_i/ss_cmc/inst/microblaze_cmc/U0/MicroBlaze_Core_I/Performance.Core/Decode_I/PC_Module_I/Using_FPGA.Incr_PC[2].MUXCY_XOR_I/<const0> level0_i/blp/blp_i/ss_cmc/inst/microblaze_cmc/U0/MicroBlaze_Core_I/Performance.Core/Decode_I/PC_Module_I/Using_FPGA.Incr_PC[3].MUXCY_XOR_I/<const0> level0_i/blp/blp_i/ss_cmc/inst/microblaze_cmc/U0/MicroBlaze_Core_I/Performance.Core/Decode_I/PC_Module_I/Using_FPGA.Incr_PC[4].MUXCY_XOR_I/<const0> level0_i/blp/blp_i/ss_cmc/inst/microblaze_cmc/U0/MicroBlaze_Core_I/Performance.Core/Decode_I/PC_Module_I/Using_FPGA.Incr_PC[5].MUXCY_XOR_I/<const0> level0_i/blp/blp_i/ss_cmc/inst/microblaze_cmc/U0/MicroBlaze_Core_I/Performance.Core/Decode_I/PC_Module_I/Using_FPGA.Incr_PC[6].MUXCY_XOR_I/<const0> level0_i/blp/blp_i/ss_cmc/inst/microblaze_cmc/U0/MicroBlaze_Core_I/Performance.Core/Decode_I/PC_Module_I/Using_FPGA.Incr_PC[7].MUXCY_XOR_I/<const0> level0_i/blp/blp_i/ss_cmc/inst/microblaze_cmc/U0/MicroBlaze_Core_I/Performance.Core/Decode_I/PC_Module_I/Using_FPGA.Incr_PC[8].MUXCY_XOR_I/<const0> level0_i/blp/blp_i/ss_cmc/inst/microblaze_cmc/U0/MicroBlaze_Core_I/Performance.Core/Decode_I/PC_Module_I/Using_FPGA.Incr_PC[9].MUXCY_XOR_I/<const0> level0_i/blp/blp_i/ss_cmc/inst/microblaze_cmc/U0/MicroBlaze_Core_I/Performance.Core/Decode_I/PreFetch_Buffer_I1/<const0> level0_i/blp/blp_i/ss_cmc/inst/microblaze_cmc/U0/MicroBlaze_Core_I/Performance.Core/Decode_I/Use_MuxCy[10].OF_Piperun_Stage/MUXCY_I/<const0> level0_i/blp/blp_i/ss_cmc/inst/microblaze_cmc/U0/MicroBlaze_Core_I/Performance.Core/Decode_I/Use_MuxCy[11].OF_Piperun_Stage/MUXCY_I/<const0> level0_i/blp/blp_i/ss_cmc/inst/microblaze_cmc/U0/MicroBlaze_Core_I/Performance.Core/Decode_I/Use_MuxCy[1].OF_Piperun_Stage/MUXCY_I/<const0> level0_i/blp/blp_i/ss_cmc/inst/microblaze_cmc/U0/MicroBlaze_Core_I/Performance.Core/Decode_I/Use_MuxCy[2].OF_Piperun_Stage/MUXCY_I/<const0> level0_i/blp/blp_i/ss_cmc/inst/microblaze_cmc/U0/MicroBlaze_Core_I/Performance.Core/Decode_I/Use_MuxCy[3].OF_Piperun_Stage/MUXCY_I/<const0> level0_i/blp/blp_i/ss_cmc/inst/microblaze_cmc/U0/MicroBlaze_Core_I/Performance.Core/Decode_I/Use_MuxCy[4].OF_Piperun_Stage/MUXCY_I/<const0> level0_i/blp/blp_i/ss_cmc/inst/microblaze_cmc/U0/MicroBlaze_Core_I/Performance.Core/Decode_I/Use_MuxCy[5].OF_Piperun_Stage/MUXCY_I/<const0> level0_i/blp/blp_i/ss_cmc/inst/microblaze_cmc/U0/MicroBlaze_Core_I/Performance.Core/Decode_I/Use_MuxCy[6].OF_Piperun_Stage/MUXCY_I/<const0> level0_i/blp/blp_i/ss_cmc/inst/microblaze_cmc/U0/MicroBlaze_Core_I/Performance.Core/Decode_I/Use_MuxCy[7].OF_Piperun_Stage/MUXCY_I/<const0> level0_i/blp/blp_i/ss_cmc/inst/microblaze_cmc/U0/MicroBlaze_Core_I/Performance.Core/Decode_I/Use_MuxCy[8].OF_Piperun_Stage/MUXCY_I/<const0> level0_i/blp/blp_i/ss_cmc/inst/microblaze_cmc/U0/MicroBlaze_Core_I/Performance.Core/Decode_I/Use_MuxCy[9].OF_Piperun_Stage/MUXCY_I/<const0> level0_i/blp/blp_i/ss_cmc/inst/microblaze_cmc/U0/MicroBlaze_Core_I/Performance.Core/Decode_I/Using_PC_Incr_Dbg_or_Prot.if_pc_incr_carry_and_1/MUXCY_I/<const0> level0_i/blp/blp_i/ss_cmc/inst/microblaze_cmc/U0/MicroBlaze_Core_I/Performance.Core/Decode_I/if_pc_incr_carry_and_0/MUXCY_I/<const0> level0_i/blp/blp_i/ss_cmc/inst/microblaze_cmc/U0/MicroBlaze_Core_I/Performance.Core/Decode_I/if_pc_incr_carry_and_3/MUXCY_I/<const0> level0_i/blp/blp_i/ss_cmc/inst/microblaze_cmc/U0/MicroBlaze_Core_I/Performance.Core/Decode_I/jump_logic_I1/<const0> level0_i/blp/blp_i/ss_cmc/inst/microblaze_cmc/U0/MicroBlaze_Core_I/Performance.Core/Decode_I/jump_logic_I1/MUXCY_JUMP_CARRY3/<const0> level0_i/blp/blp_i/ss_cmc/inst/microblaze_cmc/U0/MicroBlaze_Core_I/Performance.Core/Decode_I/jump_logic_I1/MUXCY_JUMP_CARRY4/<const0> level0_i/blp/blp_i/ss_cmc/inst/microblaze_cmc/U0/MicroBlaze_Core_I/Performance.Core/Decode_I/jump_logic_I1/MUXCY_JUMP_CARRY5/<const0> level0_i/blp/blp_i/ss_cmc/inst/microblaze_cmc/U0/MicroBlaze_Core_I/Performance.Core/Decode_I/jump_logic_I1/MUXCY_JUMP_CARRY6/<const0> level0_i/blp/blp_i/ss_cmc/inst/microblaze_cmc/U0/MicroBlaze_Core_I/Performance.Core/Decode_I/mem_PipeRun_carry_and/MUXCY_I/<const0> level0_i/blp/blp_i/ss_cmc/inst/microblaze_cmc/U0/MicroBlaze_Core_I/Performance.Core/Use_DBUS.DAXI_Interface_I1/<const0> level0_i/blp/blp_i/ss_cmc/inst/microblaze_cmc/U0/MicroBlaze_Core_I/Performance.Core/Use_Debug_Logic.Master_Core.Debug_Perf/<const0> level0_i/blp/blp_i/ss_cmc/inst/microblaze_cmc/U0/MicroBlaze_Core_I/Performance.Core/Use_Debug_Logic.Master_Core.Debug_Perf/Serial_Dbg_Intf.SRL16E_1/<const0> level0_i/blp/blp_i/ss_cmc/inst/microblaze_cmc/U0/MicroBlaze_Core_I/Performance.Core/Use_Debug_Logic.Master_Core.Debug_Perf/Serial_Dbg_Intf.SRL16E_2/<const0> level0_i/blp/blp_i/ss_cmc/inst/microblaze_cmc/U0/MicroBlaze_Core_I/Performance.Core/Use_Debug_Logic.Master_Core.Debug_Perf/Serial_Dbg_Intf.SRL16E_3/<const0> level0_i/blp/blp_i/ss_cmc/inst/microblaze_cmc/U0/MicroBlaze_Core_I/Performance.Core/Use_Debug_Logic.Master_Core.Debug_Perf/Serial_Dbg_Intf.SRL16E_4/<const0> level0_i/blp/blp_i/ss_cmc/inst/microblaze_cmc/U0/MicroBlaze_Core_I/Performance.Core/Use_Debug_Logic.Master_Core.Debug_Perf/Serial_Dbg_Intf.The_Base_Vector[2].SRL16E_Base_Vector/<const0> level0_i/blp/blp_i/ss_cmc/inst/microblaze_cmc/U0/MicroBlaze_Core_I/Performance.Core/Use_Debug_Logic.Master_Core.Debug_Perf/Serial_Dbg_Intf.The_Cache_Addresses[1].SRL16E_Cache_I/<const0> level0_i/blp/blp_i/ss_cmc/inst/microblaze_cmc/U0/MicroBlaze_Core_I/Performance.Core/Use_Debug_Logic.Master_Core.Debug_Perf/Serial_Dbg_Intf.The_Cache_Addresses[2].SRL16E_Cache_I/<const0> level0_i/blp/blp_i/ss_cmc/inst/microblaze_cmc/U0/MicroBlaze_Core_I/Performance.Core/Use_Debug_Logic.Master_Core.Debug_Perf/Serial_Dbg_Intf.The_Cache_Addresses[5].SRL16E_Cache_I/<const0> level0_i/blp/blp_i/ss_cmc/inst/microblaze_cmc/U0/MicroBlaze_Core_I/Performance.Core/Use_Debug_Logic.Master_Core.Debug_Perf/Serial_Dbg_Intf.The_Cache_Addresses[6].SRL16E_Cache_I/<const0> level0_i/blp/blp_i/ss_cmc/inst/microblaze_cmc/U0/MicroBlaze_Core_I/Performance.Core/Use_Debug_Logic.Master_Core.Debug_Perf/Serial_Dbg_Intf.sync_dbg_brk_hit/<const0> level0_i/blp/blp_i/ss_cmc/inst/microblaze_cmc/U0/MicroBlaze_Core_I/Performance.Core/Use_Debug_Logic.Master_Core.Debug_Perf/Serial_Dbg_Intf.sync_dbg_hit/sync_bits[0].sync_bit/<const0> level0_i/blp/blp_i/ss_cmc/inst/microblaze_cmc/U0/MicroBlaze_Core_I/Performance.Core/Use_Debug_Logic.Master_Core.Debug_Perf/Serial_Dbg_Intf.sync_running_clock/<const0> level0_i/blp/blp_i/ss_cmc/inst/microblaze_cmc/U0/MicroBlaze_Core_I/Performance.Core/Use_Debug_Logic.Master_Core.Debug_Perf/Serial_Dbg_Intf.sync_sample/sync_bits[7].sync_bit/<const0> level0_i/blp/blp_i/ss_cmc/inst/microblaze_cmc/U0/MicroBlaze_Core_I/Performance.Core/Use_Debug_Logic.Master_Core.Debug_Perf/Serial_Dbg_Intf.sync_sleep/<const0> level0_i/blp/blp_i/ss_cmc/inst/microblaze_cmc/U0/MicroBlaze_Core_I/Performance.Core/Use_Debug_Logic.Master_Core.Debug_Perf/Serial_Dbg_Intf.sync_stop_CPU/<const0> level0_i/blp/blp_i/ss_cmc/inst/microblaze_cmc/U0/MicroBlaze_Core_I/Performance.Core/Use_Debug_Logic.Master_Core.Debug_Perf/Using_PC_Breakpoints.All_PC_Brks[0].Serial_Interface_1.address_hit_I/Compare[0].MUXCY_I/<const0> level0_i/blp/blp_i/ss_cmc/inst/microblaze_cmc/U0/MicroBlaze_Core_I/Performance.Core/Use_Debug_Logic.Master_Core.Debug_Perf/Using_PC_Breakpoints.All_PC_Brks[0].Serial_Interface_1.address_hit_I/Compare[1].MUXCY_I/<const0> level0_i/blp/blp_i/ss_cmc/inst/microblaze_cmc/U0/MicroBlaze_Core_I/Performance.Core/Use_Debug_Logic.Master_Core.Debug_Perf/Using_PC_Breakpoints.All_PC_Brks[0].Serial_Interface_1.address_hit_I/Compare[2].MUXCY_I/<const0> level0_i/blp/blp_i/ss_cmc/inst/microblaze_cmc/U0/MicroBlaze_Core_I/Performance.Core/Use_Debug_Logic.Master_Core.Debug_Perf/Using_PC_Breakpoints.All_PC_Brks[0].Serial_Interface_1.address_hit_I/Compare[3].MUXCY_I/<const0> level0_i/blp/blp_i/ss_cmc/inst/microblaze_cmc/U0/MicroBlaze_Core_I/Performance.Core/Use_Debug_Logic.Master_Core.Debug_Perf/Using_PC_Breakpoints.All_PC_Brks[0].Serial_Interface_1.address_hit_I/Compare[4].MUXCY_I/<const0> level0_i/blp/blp_i/ss_cmc/inst/microblaze_cmc/U0/MicroBlaze_Core_I/Performance.Core/Use_Debug_Logic.Master_Core.Debug_Perf/Using_PC_Breakpoints.All_PC_Brks[0].Serial_Interface_1.address_hit_I/Compare[5].MUXCY_I/<const0> level0_i/blp/blp_i/ss_cmc/inst/microblaze_cmc/U0/MicroBlaze_Core_I/Performance.Core/Use_Debug_Logic.Master_Core.Debug_Perf/Using_PC_Breakpoints.All_PC_Brks[0].Serial_Interface_1.address_hit_I/Compare[6].MUXCY_I/<const0> level0_i/blp/blp_i/ss_cmc/inst/microblaze_cmc/U0/MicroBlaze_Core_I/Performance.Core/Use_Debug_Logic.Master_Core.Debug_Perf/Using_PC_Breakpoints.All_PC_Brks[0].Serial_Interface_1.address_hit_I/Compare[7].MUXCY_I/<const0> level0_i/blp/blp_i/ss_cmc/inst/microblaze_cmc/U0/MicroBlaze_Core_I/Reset_DFF/<const0> level0_i/blp/blp_i/ss_cmc/inst/microblaze_cmc/U0/MicroBlaze_Core_I/Using_Async_Wakeup_0.Wakeup_DFF/<const0> level0_i/blp/blp_i/ss_cmc/inst/microblaze_cmc/U0/MicroBlaze_Core_I/Using_Async_Wakeup_1.Wakeup_DFF/<const0> level0_i/blp/blp_i/ss_cmc/inst/microblaze_cmc/U0/MicroBlaze_Core_I/Using_Streaming.Streaming_AXI_I/<const0> level0_i/blp/blp_i/ss_cmc/inst/microblaze_local_memory/lmb_bram/U0/inst_blk_mem_gen/gnbram.gnative_mem_map_bmg.native_mem_map_blk_mem_gen/valid.cstr/ramloop[0].ram.r/prim_noinit.ram/<const0> level0_i/blp/blp_i/ss_cmc/inst/microblaze_local_memory/lmb_bram/U0/inst_blk_mem_gen/gnbram.gnative_mem_map_bmg.native_mem_map_blk_mem_gen/valid.cstr/ramloop[10].ram.r/prim_noinit.ram/<const0> level0_i/blp/blp_i/ss_cmc/inst/microblaze_local_memory/lmb_bram/U0/inst_blk_mem_gen/gnbram.gnative_mem_map_bmg.native_mem_map_blk_mem_gen/valid.cstr/ramloop[11].ram.r/prim_noinit.ram/<const0> level0_i/blp/blp_i/ss_cmc/inst/microblaze_local_memory/lmb_bram/U0/inst_blk_mem_gen/gnbram.gnative_mem_map_bmg.native_mem_map_blk_mem_gen/valid.cstr/ramloop[12].ram.r/prim_noinit.ram/<const0> level0_i/blp/blp_i/ss_cmc/inst/microblaze_local_memory/lmb_bram/U0/inst_blk_mem_gen/gnbram.gnative_mem_map_bmg.native_mem_map_blk_mem_gen/valid.cstr/ramloop[13].ram.r/prim_noinit.ram/<const0> level0_i/blp/blp_i/ss_cmc/inst/microblaze_local_memory/lmb_bram/U0/inst_blk_mem_gen/gnbram.gnative_mem_map_bmg.native_mem_map_blk_mem_gen/valid.cstr/ramloop[14].ram.r/prim_noinit.ram/<const0> level0_i/blp/blp_i/ss_cmc/inst/microblaze_local_memory/lmb_bram/U0/inst_blk_mem_gen/gnbram.gnative_mem_map_bmg.native_mem_map_blk_mem_gen/valid.cstr/ramloop[15].ram.r/prim_noinit.ram/<const0> level0_i/blp/blp_i/ss_cmc/inst/microblaze_local_memory/lmb_bram/U0/inst_blk_mem_gen/gnbram.gnative_mem_map_bmg.native_mem_map_blk_mem_gen/valid.cstr/ramloop[16].ram.r/prim_noinit.ram/<const0> level0_i/blp/blp_i/ss_cmc/inst/microblaze_local_memory/lmb_bram/U0/inst_blk_mem_gen/gnbram.gnative_mem_map_bmg.native_mem_map_blk_mem_gen/valid.cstr/ramloop[17].ram.r/prim_noinit.ram/<const0> level0_i/blp/blp_i/ss_cmc/inst/microblaze_local_memory/lmb_bram/U0/inst_blk_mem_gen/gnbram.gnative_mem_map_bmg.native_mem_map_blk_mem_gen/valid.cstr/ramloop[18].ram.r/prim_noinit.ram/<const0> level0_i/blp/blp_i/ss_cmc/inst/microblaze_local_memory/lmb_bram/U0/inst_blk_mem_gen/gnbram.gnative_mem_map_bmg.native_mem_map_blk_mem_gen/valid.cstr/ramloop[19].ram.r/prim_noinit.ram/<const0> level0_i/blp/blp_i/ss_cmc/inst/microblaze_local_memory/lmb_bram/U0/inst_blk_mem_gen/gnbram.gnative_mem_map_bmg.native_mem_map_blk_mem_gen/valid.cstr/ramloop[1].ram.r/prim_noinit.ram/<const0> level0_i/blp/blp_i/ss_cmc/inst/microblaze_local_memory/lmb_bram/U0/inst_blk_mem_gen/gnbram.gnative_mem_map_bmg.native_mem_map_blk_mem_gen/valid.cstr/ramloop[20].ram.r/prim_noinit.ram/<const0> level0_i/blp/blp_i/ss_cmc/inst/microblaze_local_memory/lmb_bram/U0/inst_blk_mem_gen/gnbram.gnative_mem_map_bmg.native_mem_map_blk_mem_gen/valid.cstr/ramloop[21].ram.r/prim_noinit.ram/<const0> level0_i/blp/blp_i/ss_cmc/inst/microblaze_local_memory/lmb_bram/U0/inst_blk_mem_gen/gnbram.gnative_mem_map_bmg.native_mem_map_blk_mem_gen/valid.cstr/ramloop[22].ram.r/prim_noinit.ram/<const0> level0_i/blp/blp_i/ss_cmc/inst/microblaze_local_memory/lmb_bram/U0/inst_blk_mem_gen/gnbram.gnative_mem_map_bmg.native_mem_map_blk_mem_gen/valid.cstr/ramloop[23].ram.r/prim_noinit.ram/<const0> level0_i/blp/blp_i/ss_cmc/inst/microblaze_local_memory/lmb_bram/U0/inst_blk_mem_gen/gnbram.gnative_mem_map_bmg.native_mem_map_blk_mem_gen/valid.cstr/ramloop[24].ram.r/prim_noinit.ram/<const0> level0_i/blp/blp_i/ss_cmc/inst/microblaze_local_memory/lmb_bram/U0/inst_blk_mem_gen/gnbram.gnative_mem_map_bmg.native_mem_map_blk_mem_gen/valid.cstr/ramloop[25].ram.r/prim_noinit.ram/<const0> level0_i/blp/blp_i/ss_cmc/inst/microblaze_local_memory/lmb_bram/U0/inst_blk_mem_gen/gnbram.gnative_mem_map_bmg.native_mem_map_blk_mem_gen/valid.cstr/ramloop[26].ram.r/prim_noinit.ram/<const0> level0_i/blp/blp_i/ss_cmc/inst/microblaze_local_memory/lmb_bram/U0/inst_blk_mem_gen/gnbram.gnative_mem_map_bmg.native_mem_map_blk_mem_gen/valid.cstr/ramloop[27].ram.r/prim_noinit.ram/<const0> level0_i/blp/blp_i/ss_cmc/inst/microblaze_local_memory/lmb_bram/U0/inst_blk_mem_gen/gnbram.gnative_mem_map_bmg.native_mem_map_blk_mem_gen/valid.cstr/ramloop[28].ram.r/prim_noinit.ram/<const0> level0_i/blp/blp_i/ss_cmc/inst/microblaze_local_memory/lmb_bram/U0/inst_blk_mem_gen/gnbram.gnative_mem_map_bmg.native_mem_map_blk_mem_gen/valid.cstr/ramloop[29].ram.r/prim_noinit.ram/<const0> level0_i/blp/blp_i/ss_cmc/inst/microblaze_local_memory/lmb_bram/U0/inst_blk_mem_gen/gnbram.gnative_mem_map_bmg.native_mem_map_blk_mem_gen/valid.cstr/ramloop[2].ram.r/prim_noinit.ram/<const0> level0_i/blp/blp_i/ss_cmc/inst/microblaze_local_memory/lmb_bram/U0/inst_blk_mem_gen/gnbram.gnative_mem_map_bmg.native_mem_map_blk_mem_gen/valid.cstr/ramloop[30].ram.r/prim_noinit.ram/<const0> level0_i/blp/blp_i/ss_cmc/inst/microblaze_local_memory/lmb_bram/U0/inst_blk_mem_gen/gnbram.gnative_mem_map_bmg.native_mem_map_blk_mem_gen/valid.cstr/ramloop[31].ram.r/<const0> level0_i/blp/blp_i/ss_cmc/inst/microblaze_local_memory/lmb_bram/U0/inst_blk_mem_gen/gnbram.gnative_mem_map_bmg.native_mem_map_blk_mem_gen/valid.cstr/ramloop[31].ram.r/prim_noinit.ram/<const0> level0_i/blp/blp_i/ss_cmc/inst/microblaze_local_memory/lmb_bram/U0/inst_blk_mem_gen/gnbram.gnative_mem_map_bmg.native_mem_map_blk_mem_gen/valid.cstr/ramloop[3].ram.r/prim_noinit.ram/<const0> level0_i/blp/blp_i/ss_cmc/inst/microblaze_local_memory/lmb_bram/U0/inst_blk_mem_gen/gnbram.gnative_mem_map_bmg.native_mem_map_blk_mem_gen/valid.cstr/ramloop[4].ram.r/prim_noinit.ram/<const0> level0_i/blp/blp_i/ss_cmc/inst/microblaze_local_memory/lmb_bram/U0/inst_blk_mem_gen/gnbram.gnative_mem_map_bmg.native_mem_map_blk_mem_gen/valid.cstr/ramloop[5].ram.r/prim_noinit.ram/<const0> level0_i/blp/blp_i/ss_cmc/inst/microblaze_local_memory/lmb_bram/U0/inst_blk_mem_gen/gnbram.gnative_mem_map_bmg.native_mem_map_blk_mem_gen/valid.cstr/ramloop[6].ram.r/prim_noinit.ram/<const0> level0_i/blp/blp_i/ss_cmc/inst/microblaze_local_memory/lmb_bram/U0/inst_blk_mem_gen/gnbram.gnative_mem_map_bmg.native_mem_map_blk_mem_gen/valid.cstr/ramloop[7].ram.r/prim_noinit.ram/<const0> level0_i/blp/blp_i/ss_cmc/inst/microblaze_local_memory/lmb_bram/U0/inst_blk_mem_gen/gnbram.gnative_mem_map_bmg.native_mem_map_blk_mem_gen/valid.cstr/ramloop[8].ram.r/prim_noinit.ram/<const0> level0_i/blp/blp_i/ss_cmc/inst/microblaze_local_memory/lmb_bram/U0/inst_blk_mem_gen/gnbram.gnative_mem_map_bmg.native_mem_map_blk_mem_gen/valid.cstr/ramloop[9].ram.r/prim_noinit.ram/<const0> level0_i/blp/blp_i/ss_cmc/inst/msp432_bsl_crc_gen/inst/<const0> level0_i/blp/blp_i/ss_cmc/inst/psreset_cmc/U0/<const0> level0_i/blp/blp_i/ss_cmc/inst/psreset_cmc/U0/EXT_LPF/<const0> level0_i/blp/blp_i/ss_cmc/inst/psreset_cmc/U0/EXT_LPF/ACTIVE_LOW_AUX.ACT_LO_AUX/<const0> level0_i/blp/blp_i/ss_cmc/inst/psreset_cmc/U0/EXT_LPF/ACTIVE_LOW_EXT.ACT_LO_EXT/<const0> level0_i/blp/blp_i/ss_cmc/inst/psreset_cmc/U0/SEQ/<const0> level0_i/blp/blp_i/ss_cmc/inst/qsfp_gpio_hierarchy/<const0> level0_i/blp/blp_i/ss_cmc/inst/qsfp_gpio_hierarchy/axi_gpio_qsfp/U0/AXI_LITE_IPIF_I/I_SLAVE_ATTACHMENT/<const0> level0_i/blp/blp_i/ss_cmc/inst/qsfp_gpio_hierarchy/axi_gpio_qsfp/U0/AXI_LITE_IPIF_I/I_SLAVE_ATTACHMENT/I_DECODER/<const0> level0_i/blp/blp_i/ss_cmc/inst/qsfp_gpio_hierarchy/axi_gpio_qsfp/U0/gpio_core_1/<const0> level0_i/blp/blp_i/ss_cmc/inst/qsfp_gpio_hierarchy/axi_gpio_qsfp/U0/gpio_core_1/Dual.INPUT_DOUBLE_REGS4/<const0> level0_i/blp/blp_i/ss_cmc/inst/qsfp_gpio_hierarchy/axi_gpio_qsfp/U0/gpio_core_1/Dual.INPUT_DOUBLE_REGS5/<const0> level0_i/blp/blp_i/ss_cmc/inst/reg_map_bram/U0/inst_blk_mem_gen/gnbram.gnative_mem_map_bmg.native_mem_map_blk_mem_gen/valid.cstr/ramloop[0].ram.r/prim_noinit.ram/<const0> level0_i/blp/blp_i/ss_cmc/inst/reg_map_bram/U0/inst_blk_mem_gen/gnbram.gnative_mem_map_bmg.native_mem_map_blk_mem_gen/valid.cstr/ramloop[1].ram.r/<const0> level0_i/blp/blp_i/ss_cmc/inst/reg_map_bram/U0/inst_blk_mem_gen/gnbram.gnative_mem_map_bmg.native_mem_map_blk_mem_gen/valid.cstr/ramloop[1].ram.r/prim_noinit.ram/<const0> level0_i/blp/blp_i/ss_cmp/inst/AXI_HWICAP/U0/<const0> level0_i/blp/blp_i/ss_cmp/inst/AXI_HWICAP/U0/ICAP_SHARED.HWICAP_CTRL_I/<const0> level0_i/blp/blp_i/ss_cmp/inst/AXI_HWICAP/U0/ICAP_SHARED.HWICAP_CTRL_I/GEN_BUS2ICAP_RESET/<const0> level0_i/blp/blp_i/ss_cmp/inst/AXI_HWICAP/U0/ICAP_SHARED.HWICAP_CTRL_I/IPIC_IF_I/<const0> level0_i/blp/blp_i/ss_cmp/inst/AXI_HWICAP/U0/ICAP_SHARED.HWICAP_CTRL_I/IPIC_IF_I/BUS2ICAP_SIZE_REGISTER_PROCESS/<const0> level0_i/blp/blp_i/ss_cmp/inst/AXI_HWICAP/U0/ICAP_SHARED.HWICAP_CTRL_I/IPIC_IF_I/FIFO_RST_CDC_PROCESS/<const0> level0_i/blp/blp_i/ss_cmp/inst/AXI_HWICAP/U0/ICAP_SHARED.HWICAP_CTRL_I/IPIC_IF_I/ICAP2BUS_STATUS_REGISTER_PROCESS/<const0> level0_i/blp/blp_i/ss_cmp/inst/AXI_HWICAP/U0/ICAP_SHARED.HWICAP_CTRL_I/IPIC_IF_I/ICAP2PLB_SYNCH1/<const0> level0_i/blp/blp_i/ss_cmp/inst/AXI_HWICAP/U0/ICAP_SHARED.HWICAP_CTRL_I/IPIC_IF_I/ICAP2PLB_SYNCH2/<const0> level0_i/blp/blp_i/ss_cmp/inst/AXI_HWICAP/U0/ICAP_SHARED.HWICAP_CTRL_I/IPIC_IF_I/ICAP2PLB_SYNCH3/<const0> level0_i/blp/blp_i/ss_cmp/inst/AXI_HWICAP/U0/ICAP_SHARED.HWICAP_CTRL_I/IPIC_IF_I/ICAP2PLB_SYNCH4/<const0> level0_i/blp/blp_i/ss_cmp/inst/AXI_HWICAP/U0/ICAP_SHARED.HWICAP_CTRL_I/IPIC_IF_I/ICAP2PLB_SYNCH5/<const0> level0_i/blp/blp_i/ss_cmp/inst/AXI_HWICAP/U0/ICAP_SHARED.HWICAP_CTRL_I/IPIC_IF_I/PLB2ICAP_SYNCH1/<const0> level0_i/blp/blp_i/ss_cmp/inst/AXI_HWICAP/U0/ICAP_SHARED.HWICAP_CTRL_I/IPIC_IF_I/PLB2ICAP_SYNCH2/<const0> level0_i/blp/blp_i/ss_cmp/inst/AXI_HWICAP/U0/ICAP_SHARED.HWICAP_CTRL_I/IPIC_IF_I/PLB2ICAP_SYNCH3/<const0> level0_i/blp/blp_i/ss_cmp/inst/AXI_HWICAP/U0/ICAP_SHARED.HWICAP_CTRL_I/IPIC_IF_I/RD_FIFO.RDDATA_FIFO_I/xpm_fifo_instance.xpm_fifo_async_inst/gnuram_async_fifo.xpm_fifo_base_inst/gen_cdc_pntr.rd_pntr_cdc_dc_inst/<const0> level0_i/blp/blp_i/ss_cmp/inst/AXI_HWICAP/U0/ICAP_SHARED.HWICAP_CTRL_I/IPIC_IF_I/RD_FIFO.RDDATA_FIFO_I/xpm_fifo_instance.xpm_fifo_async_inst/gnuram_async_fifo.xpm_fifo_base_inst/gen_cdc_pntr.rd_pntr_cdc_inst/<const0> level0_i/blp/blp_i/ss_cmp/inst/AXI_HWICAP/U0/ICAP_SHARED.HWICAP_CTRL_I/IPIC_IF_I/RD_FIFO.RDDATA_FIFO_I/xpm_fifo_instance.xpm_fifo_async_inst/gnuram_async_fifo.xpm_fifo_base_inst/gen_cdc_pntr.wpr_gray_reg_dc/<const0> level0_i/blp/blp_i/ss_cmp/inst/AXI_HWICAP/U0/ICAP_SHARED.HWICAP_CTRL_I/IPIC_IF_I/RD_FIFO.RDDATA_FIFO_I/xpm_fifo_instance.xpm_fifo_async_inst/gnuram_async_fifo.xpm_fifo_base_inst/gen_cdc_pntr.wr_pntr_cdc_dc_inst/<const0> level0_i/blp/blp_i/ss_cmp/inst/AXI_HWICAP/U0/ICAP_SHARED.HWICAP_CTRL_I/IPIC_IF_I/RD_FIFO.RDDATA_FIFO_I/xpm_fifo_instance.xpm_fifo_async_inst/gnuram_async_fifo.xpm_fifo_base_inst/gen_cdc_pntr.wr_pntr_cdc_inst/<const0> level0_i/blp/blp_i/ss_cmp/inst/AXI_HWICAP/U0/ICAP_SHARED.HWICAP_CTRL_I/IPIC_IF_I/RD_FIFO.RDDATA_FIFO_I/xpm_fifo_instance.xpm_fifo_async_inst/gnuram_async_fifo.xpm_fifo_base_inst/gen_sdpram.xpm_memory_base_inst/<const0> level0_i/blp/blp_i/ss_cmp/inst/AXI_HWICAP/U0/ICAP_SHARED.HWICAP_CTRL_I/IPIC_IF_I/RD_FIFO.RDDATA_FIFO_I/xpm_fifo_instance.xpm_fifo_async_inst/gnuram_async_fifo.xpm_fifo_base_inst/rst_d1_inst/<const0> level0_i/blp/blp_i/ss_cmp/inst/AXI_HWICAP/U0/ICAP_SHARED.HWICAP_CTRL_I/IPIC_IF_I/RD_FIFO.RDDATA_FIFO_I/xpm_fifo_instance.xpm_fifo_async_inst/gnuram_async_fifo.xpm_fifo_base_inst/wrp_inst/<const0> level0_i/blp/blp_i/ss_cmp/inst/AXI_HWICAP/U0/ICAP_SHARED.HWICAP_CTRL_I/IPIC_IF_I/RD_FIFO.RDDATA_FIFO_I/xpm_fifo_instance.xpm_fifo_async_inst/gnuram_async_fifo.xpm_fifo_base_inst/xpm_fifo_rst_inst/<const0> level0_i/blp/blp_i/ss_cmp/inst/AXI_HWICAP/U0/ICAP_SHARED.HWICAP_CTRL_I/IPIC_IF_I/RD_FIFO.RDDATA_FIFO_I/xpm_fifo_instance.xpm_fifo_async_inst/gnuram_async_fifo.xpm_fifo_base_inst/xpm_fifo_rst_inst/gen_rst_ic.rrst_wr_inst/<const0> level0_i/blp/blp_i/ss_cmp/inst/AXI_HWICAP/U0/ICAP_SHARED.HWICAP_CTRL_I/IPIC_IF_I/RD_FIFO.RDDATA_FIFO_I/xpm_fifo_instance.xpm_fifo_async_inst/gnuram_async_fifo.xpm_fifo_base_inst/xpm_fifo_rst_inst/gen_rst_ic.wrst_rd_inst/<const0> level0_i/blp/blp_i/ss_cmp/inst/AXI_HWICAP/U0/ICAP_SHARED.HWICAP_CTRL_I/IPIC_IF_I/RD_FIFO.RDFULL_SYNCH/<const0> level0_i/blp/blp_i/ss_cmp/inst/AXI_HWICAP/U0/ICAP_SHARED.HWICAP_CTRL_I/IPIC_IF_I/WRFIFO.WRDATA_FIFO_I/xpm_fifo_instance.xpm_fifo_async_inst/gnuram_async_fifo.xpm_fifo_base_inst/gen_cdc_pntr.rd_pntr_cdc_dc_inst/<const0> level0_i/blp/blp_i/ss_cmp/inst/AXI_HWICAP/U0/ICAP_SHARED.HWICAP_CTRL_I/IPIC_IF_I/WRFIFO.WRDATA_FIFO_I/xpm_fifo_instance.xpm_fifo_async_inst/gnuram_async_fifo.xpm_fifo_base_inst/gen_cdc_pntr.rd_pntr_cdc_inst/<const0> level0_i/blp/blp_i/ss_cmp/inst/AXI_HWICAP/U0/ICAP_SHARED.HWICAP_CTRL_I/IPIC_IF_I/WRFIFO.WRDATA_FIFO_I/xpm_fifo_instance.xpm_fifo_async_inst/gnuram_async_fifo.xpm_fifo_base_inst/gen_cdc_pntr.wr_pntr_cdc_inst/<const0> level0_i/blp/blp_i/ss_cmp/inst/AXI_HWICAP/U0/ICAP_SHARED.HWICAP_CTRL_I/IPIC_IF_I/WRFIFO.WRDATA_FIFO_I/xpm_fifo_instance.xpm_fifo_async_inst/gnuram_async_fifo.xpm_fifo_base_inst/gen_sdpram.xpm_memory_base_inst/<const0> level0_i/blp/blp_i/ss_cmp/inst/AXI_HWICAP/U0/ICAP_SHARED.HWICAP_CTRL_I/IPIC_IF_I/WRFIFO.WRDATA_FIFO_I/xpm_fifo_instance.xpm_fifo_async_inst/gnuram_async_fifo.xpm_fifo_base_inst/rst_d1_inst/<const0> level0_i/blp/blp_i/ss_cmp/inst/AXI_HWICAP/U0/ICAP_SHARED.HWICAP_CTRL_I/IPIC_IF_I/WRFIFO.WRDATA_FIFO_I/xpm_fifo_instance.xpm_fifo_async_inst/gnuram_async_fifo.xpm_fifo_base_inst/wrp_inst/<const0> level0_i/blp/blp_i/ss_cmp/inst/AXI_HWICAP/U0/ICAP_SHARED.HWICAP_CTRL_I/IPIC_IF_I/WRFIFO.WRDATA_FIFO_I/xpm_fifo_instance.xpm_fifo_async_inst/gnuram_async_fifo.xpm_fifo_base_inst/xpm_fifo_rst_inst/<const0> level0_i/blp/blp_i/ss_cmp/inst/AXI_HWICAP/U0/ICAP_SHARED.HWICAP_CTRL_I/IPIC_IF_I/WRFIFO.WRDATA_FIFO_I/xpm_fifo_instance.xpm_fifo_async_inst/gnuram_async_fifo.xpm_fifo_base_inst/xpm_fifo_rst_inst/gen_rst_ic.rrst_wr_inst/<const0> level0_i/blp/blp_i/ss_cmp/inst/AXI_HWICAP/U0/ICAP_SHARED.HWICAP_CTRL_I/IPIC_IF_I/WRFIFO.WRDATA_FIFO_I/xpm_fifo_instance.xpm_fifo_async_inst/gnuram_async_fifo.xpm_fifo_base_inst/xpm_fifo_rst_inst/gen_rst_ic.wrst_rd_inst/<const0> level0_i/blp/blp_i/ss_cmp/inst/AXI_HWICAP/U0/ICAP_SHARED.HWICAP_CTRL_I/IPIC_IF_I/WRFIFO.WREMPTY_SYNCH/<const0> level0_i/blp/blp_i/ss_cmp/inst/AXI_HWICAP/U0/ICAP_SHARED.HWICAP_CTRL_I/icap_statemachine_I1/<const0> level0_i/blp/blp_i/ss_cmp/inst/AXI_HWICAP/U0/XI4_LITE_I/I_SLAVE_ATTACHMENT/<const0> level0_i/blp/blp_i/ss_cmp/inst/AXI_HWICAP/U0/XI4_LITE_I/I_SLAVE_ATTACHMENT/I_DECODER/<const0> level0_i/blp/blp_i/ss_cmp/inst/axi_ic_ctrl_mgmt/m01_couplers/auto_cc/inst/gen_clock_conv.gen_async_lite_conv.clock_conv_lite_fwd_ar/handshake/<const0> level0_i/blp/blp_i/ss_cmp/inst/axi_ic_ctrl_mgmt/m01_couplers/auto_cc/inst/gen_clock_conv.gen_async_lite_conv.clock_conv_lite_fwd_ar/handshake/xpm_cdc_single_dest2src_inst/<const0> level0_i/blp/blp_i/ss_cmp/inst/axi_ic_ctrl_mgmt/m01_couplers/auto_cc/inst/gen_clock_conv.gen_async_lite_conv.clock_conv_lite_fwd_ar/handshake/xpm_cdc_single_src2dest_inst/<const0> level0_i/blp/blp_i/ss_cmp/inst/axi_ic_ctrl_mgmt/m01_couplers/auto_cc/inst/gen_clock_conv.gen_async_lite_conv.clock_conv_lite_fwd_aw/<const0> level0_i/blp/blp_i/ss_cmp/inst/axi_ic_ctrl_mgmt/m01_couplers/auto_cc/inst/gen_clock_conv.gen_async_lite_conv.clock_conv_lite_fwd_aw/handshake/<const0> level0_i/blp/blp_i/ss_cmp/inst/axi_ic_ctrl_mgmt/m01_couplers/auto_cc/inst/gen_clock_conv.gen_async_lite_conv.clock_conv_lite_fwd_aw/handshake/xpm_cdc_single_dest2src_inst/<const0> level0_i/blp/blp_i/ss_cmp/inst/axi_ic_ctrl_mgmt/m01_couplers/auto_cc/inst/gen_clock_conv.gen_async_lite_conv.clock_conv_lite_fwd_aw/handshake/xpm_cdc_single_src2dest_inst/<const0> level0_i/blp/blp_i/ss_cmp/inst/axi_ic_ctrl_mgmt/m01_couplers/auto_cc/inst/gen_clock_conv.gen_async_lite_conv.clock_conv_lite_fwd_w/handshake/<const0> level0_i/blp/blp_i/ss_cmp/inst/axi_ic_ctrl_mgmt/m01_couplers/auto_cc/inst/gen_clock_conv.gen_async_lite_conv.clock_conv_lite_fwd_w/handshake/xpm_cdc_single_dest2src_inst/<const0> level0_i/blp/blp_i/ss_cmp/inst/axi_ic_ctrl_mgmt/m01_couplers/auto_cc/inst/gen_clock_conv.gen_async_lite_conv.clock_conv_lite_fwd_w/handshake/xpm_cdc_single_src2dest_inst/<const0> level0_i/blp/blp_i/ss_cmp/inst/axi_ic_ctrl_mgmt/m01_couplers/auto_cc/inst/gen_clock_conv.gen_async_lite_conv.clock_conv_lite_resp_b/handshake/<const0> level0_i/blp/blp_i/ss_cmp/inst/axi_ic_ctrl_mgmt/m01_couplers/auto_cc/inst/gen_clock_conv.gen_async_lite_conv.clock_conv_lite_resp_b/handshake/xpm_cdc_single_dest2src_inst/<const0> level0_i/blp/blp_i/ss_cmp/inst/axi_ic_ctrl_mgmt/m01_couplers/auto_cc/inst/gen_clock_conv.gen_async_lite_conv.clock_conv_lite_resp_b/handshake/xpm_cdc_single_src2dest_inst/<const0> level0_i/blp/blp_i/ss_cmp/inst/axi_ic_ctrl_mgmt/m01_couplers/auto_cc/inst/gen_clock_conv.gen_async_lite_conv.clock_conv_lite_resp_r/handshake/<const0> level0_i/blp/blp_i/ss_cmp/inst/axi_ic_ctrl_mgmt/m01_couplers/auto_cc/inst/gen_clock_conv.gen_async_lite_conv.clock_conv_lite_resp_r/handshake/xpm_cdc_single_dest2src_inst/<const0> level0_i/blp/blp_i/ss_cmp/inst/axi_ic_ctrl_mgmt/m01_couplers/auto_cc/inst/gen_clock_conv.gen_async_lite_conv.clock_conv_lite_resp_r/handshake/xpm_cdc_single_src2dest_inst/<const0> level0_i/blp/blp_i/ss_cmp/inst/axi_ic_ctrl_mgmt/m02_couplers/auto_cc/inst/gen_clock_conv.gen_async_lite_conv.clock_conv_lite_fwd_ar/handshake/<const0> level0_i/blp/blp_i/ss_cmp/inst/axi_ic_ctrl_mgmt/m02_couplers/auto_cc/inst/gen_clock_conv.gen_async_lite_conv.clock_conv_lite_fwd_ar/handshake/xpm_cdc_single_dest2src_inst/<const0> level0_i/blp/blp_i/ss_cmp/inst/axi_ic_ctrl_mgmt/m02_couplers/auto_cc/inst/gen_clock_conv.gen_async_lite_conv.clock_conv_lite_fwd_ar/handshake/xpm_cdc_single_src2dest_inst/<const0> level0_i/blp/blp_i/ss_cmp/inst/axi_ic_ctrl_mgmt/m02_couplers/auto_cc/inst/gen_clock_conv.gen_async_lite_conv.clock_conv_lite_fwd_aw/<const0> level0_i/blp/blp_i/ss_cmp/inst/axi_ic_ctrl_mgmt/m02_couplers/auto_cc/inst/gen_clock_conv.gen_async_lite_conv.clock_conv_lite_fwd_aw/handshake/<const0> level0_i/blp/blp_i/ss_cmp/inst/axi_ic_ctrl_mgmt/m02_couplers/auto_cc/inst/gen_clock_conv.gen_async_lite_conv.clock_conv_lite_fwd_aw/handshake/xpm_cdc_single_dest2src_inst/<const0> level0_i/blp/blp_i/ss_cmp/inst/axi_ic_ctrl_mgmt/m02_couplers/auto_cc/inst/gen_clock_conv.gen_async_lite_conv.clock_conv_lite_fwd_aw/handshake/xpm_cdc_single_src2dest_inst/<const0> level0_i/blp/blp_i/ss_cmp/inst/axi_ic_ctrl_mgmt/m02_couplers/auto_cc/inst/gen_clock_conv.gen_async_lite_conv.clock_conv_lite_fwd_w/handshake/<const0> level0_i/blp/blp_i/ss_cmp/inst/axi_ic_ctrl_mgmt/m02_couplers/auto_cc/inst/gen_clock_conv.gen_async_lite_conv.clock_conv_lite_fwd_w/handshake/xpm_cdc_single_dest2src_inst/<const0> level0_i/blp/blp_i/ss_cmp/inst/axi_ic_ctrl_mgmt/m02_couplers/auto_cc/inst/gen_clock_conv.gen_async_lite_conv.clock_conv_lite_fwd_w/handshake/xpm_cdc_single_src2dest_inst/<const0> level0_i/blp/blp_i/ss_cmp/inst/axi_ic_ctrl_mgmt/m02_couplers/auto_cc/inst/gen_clock_conv.gen_async_lite_conv.clock_conv_lite_resp_b/handshake/<const0> level0_i/blp/blp_i/ss_cmp/inst/axi_ic_ctrl_mgmt/m02_couplers/auto_cc/inst/gen_clock_conv.gen_async_lite_conv.clock_conv_lite_resp_b/handshake/xpm_cdc_single_dest2src_inst/<const0> level0_i/blp/blp_i/ss_cmp/inst/axi_ic_ctrl_mgmt/m02_couplers/auto_cc/inst/gen_clock_conv.gen_async_lite_conv.clock_conv_lite_resp_b/handshake/xpm_cdc_single_src2dest_inst/<const0> level0_i/blp/blp_i/ss_cmp/inst/axi_ic_ctrl_mgmt/m02_couplers/auto_cc/inst/gen_clock_conv.gen_async_lite_conv.clock_conv_lite_resp_r/handshake/<const0> level0_i/blp/blp_i/ss_cmp/inst/axi_ic_ctrl_mgmt/m02_couplers/auto_cc/inst/gen_clock_conv.gen_async_lite_conv.clock_conv_lite_resp_r/handshake/xpm_cdc_single_dest2src_inst/<const0> level0_i/blp/blp_i/ss_cmp/inst/axi_ic_ctrl_mgmt/m02_couplers/auto_cc/inst/gen_clock_conv.gen_async_lite_conv.clock_conv_lite_resp_r/handshake/xpm_cdc_single_src2dest_inst/<const0> level0_i/blp/blp_i/ss_cmp/inst/axi_ic_ctrl_mgmt/m03_couplers/auto_cc/inst/gen_clock_conv.gen_async_lite_conv.clock_conv_lite_fwd_ar/handshake/<const0> level0_i/blp/blp_i/ss_cmp/inst/axi_ic_ctrl_mgmt/m03_couplers/auto_cc/inst/gen_clock_conv.gen_async_lite_conv.clock_conv_lite_fwd_ar/handshake/xpm_cdc_single_dest2src_inst/<const0> level0_i/blp/blp_i/ss_cmp/inst/axi_ic_ctrl_mgmt/m03_couplers/auto_cc/inst/gen_clock_conv.gen_async_lite_conv.clock_conv_lite_fwd_ar/handshake/xpm_cdc_single_src2dest_inst/<const0> level0_i/blp/blp_i/ss_cmp/inst/axi_ic_ctrl_mgmt/m03_couplers/auto_cc/inst/gen_clock_conv.gen_async_lite_conv.clock_conv_lite_fwd_aw/<const0> level0_i/blp/blp_i/ss_cmp/inst/axi_ic_ctrl_mgmt/m03_couplers/auto_cc/inst/gen_clock_conv.gen_async_lite_conv.clock_conv_lite_fwd_aw/handshake/<const0> level0_i/blp/blp_i/ss_cmp/inst/axi_ic_ctrl_mgmt/m03_couplers/auto_cc/inst/gen_clock_conv.gen_async_lite_conv.clock_conv_lite_fwd_aw/handshake/xpm_cdc_single_dest2src_inst/<const0> level0_i/blp/blp_i/ss_cmp/inst/axi_ic_ctrl_mgmt/m03_couplers/auto_cc/inst/gen_clock_conv.gen_async_lite_conv.clock_conv_lite_fwd_aw/handshake/xpm_cdc_single_src2dest_inst/<const0> level0_i/blp/blp_i/ss_cmp/inst/axi_ic_ctrl_mgmt/m03_couplers/auto_cc/inst/gen_clock_conv.gen_async_lite_conv.clock_conv_lite_fwd_w/handshake/<const0> level0_i/blp/blp_i/ss_cmp/inst/axi_ic_ctrl_mgmt/m03_couplers/auto_cc/inst/gen_clock_conv.gen_async_lite_conv.clock_conv_lite_fwd_w/handshake/xpm_cdc_single_dest2src_inst/<const0> level0_i/blp/blp_i/ss_cmp/inst/axi_ic_ctrl_mgmt/m03_couplers/auto_cc/inst/gen_clock_conv.gen_async_lite_conv.clock_conv_lite_fwd_w/handshake/xpm_cdc_single_src2dest_inst/<const0> level0_i/blp/blp_i/ss_cmp/inst/axi_ic_ctrl_mgmt/m03_couplers/auto_cc/inst/gen_clock_conv.gen_async_lite_conv.clock_conv_lite_resp_b/handshake/<const0> level0_i/blp/blp_i/ss_cmp/inst/axi_ic_ctrl_mgmt/m03_couplers/auto_cc/inst/gen_clock_conv.gen_async_lite_conv.clock_conv_lite_resp_b/handshake/xpm_cdc_single_dest2src_inst/<const0> level0_i/blp/blp_i/ss_cmp/inst/axi_ic_ctrl_mgmt/m03_couplers/auto_cc/inst/gen_clock_conv.gen_async_lite_conv.clock_conv_lite_resp_b/handshake/xpm_cdc_single_src2dest_inst/<const0> level0_i/blp/blp_i/ss_cmp/inst/axi_ic_ctrl_mgmt/m03_couplers/auto_cc/inst/gen_clock_conv.gen_async_lite_conv.clock_conv_lite_resp_r/handshake/<const0> level0_i/blp/blp_i/ss_cmp/inst/axi_ic_ctrl_mgmt/m03_couplers/auto_cc/inst/gen_clock_conv.gen_async_lite_conv.clock_conv_lite_resp_r/handshake/xpm_cdc_single_dest2src_inst/<const0> level0_i/blp/blp_i/ss_cmp/inst/axi_ic_ctrl_mgmt/m03_couplers/auto_cc/inst/gen_clock_conv.gen_async_lite_conv.clock_conv_lite_resp_r/handshake/xpm_cdc_single_src2dest_inst/<const0> level0_i/blp/blp_i/ss_cmp/inst/axi_ic_ctrl_mgmt/xbar/inst/gen_sasd.crossbar_sasd_0/<const0> level0_i/blp/blp_i/ss_cmp/inst/axi_ic_ctrl_mgmt/xbar/inst/gen_sasd.crossbar_sasd_0/addr_arbiter_inst/<const0> level0_i/blp/blp_i/ss_cmp/inst/axi_ic_ctrl_mgmt/xbar/inst/gen_sasd.crossbar_sasd_0/gen_decerr.decerr_slave_inst/<const0> level0_i/blp/blp_i/ss_cmp/inst/axi_ic_ctrl_mgmt/xbar/inst/gen_sasd.crossbar_sasd_0/reg_slice_r/<const0> level0_i/blp/blp_i/ss_cmp/inst/build_info/<const0> level0_i/blp/blp_i/ss_cmp/inst/build_info/U0/<const0> level0_i/blp/blp_i/ss_cmp/inst/build_info/U0/axi_lite_ipif_1/I_SLAVE_ATTACHMENT/<const0> level0_i/blp/blp_i/ss_cmp/inst/build_info/U0/axi_lite_ipif_1/I_SLAVE_ATTACHMENT/I_DECODER/<const0> level0_i/blp/blp_i/ss_cmp/inst/icap_arb/<const0> level0_i/blp/blp_i/ss_cmp/inst/icap_arb/inst/icap_arb_v1_0_0_S00_AXI_inst/<const0> level0_i/blp/blp_i/ss_cmp/inst/icap_arb/inst/icap_arb_v1_0_0_S00_AXI_inst/sync_flag_sclk/genblk1_3.xpm_cdc_single_inst/<const0> level0_i/blp/blp_i/ss_cmp/inst/icap_arb/inst/icap_arb_v1_0_0_S00_AXI_inst/sync_mux_sel_sclk/genblk1_2.xpm_cdc_array_single_inst/<const0> level0_i/blp/blp_i/ss_cmp/inst/icap_arb/inst/icap_arb_v1_0_0_S00_AXI_inst/sync_slv_reg1/genblk1_0.xpm_cdc_handshake_inst/<const0> level0_i/blp/blp_i/ss_cmp/inst/icap_arb/inst/icap_arb_v1_0_0_S00_AXI_inst/sync_slv_reg1/genblk1_0.xpm_cdc_handshake_inst/xpm_cdc_single_dest2src_inst/<const0> level0_i/blp/blp_i/ss_cmp/inst/icap_arb/inst/icap_arb_v1_0_0_S00_AXI_inst/sync_slv_reg1/genblk1_0.xpm_cdc_handshake_inst/xpm_cdc_single_src2dest_inst/<const0> level0_i/blp/blp_i/ss_cmp/inst/jtag_fallback/inst/bs_switch/inst/<const0> level0_i/blp/blp_i/ss_cmp/inst/jtag_fallback/inst/bs_switch/inst/BSCAN_SWITCH.N_EXT_BSCAN.bscan_switch/<const0> level0_i/blp/blp_i/ss_cmp/inst/mdm_board_control/U0/MDM_Core_I1/<const0> level0_i/blp/blp_i/ss_cmp/inst/mdm_board_control/U0/MDM_Core_I1/JTAG_CONTROL_I/<const0> level0_i/blp/blp_i/ss_cmp/inst/mdm_board_control/U0/MDM_Core_I1/JTAG_CONTROL_I/Use_Config_SRL16E.SRL16E_1/<const0> level0_i/blp/blp_i/ss_cmp/inst/mdm_board_control/U0/MDM_Core_I1/JTAG_CONTROL_I/Use_Config_SRL16E.SRL16E_2/<const0> level0_i/blp/blp_i/ss_cmp/inst/mdm_board_control/U0/MDM_Core_I1/JTAG_CONTROL_I/Use_ID_SRL16E.SRL16E_ID_1/<const0> level0_i/blp/blp_i/ss_cmp/inst/mdm_board_control/U0/MDM_Core_I1/JTAG_CONTROL_I/Use_ID_SRL16E.SRL16E_ID_2/<const0> level0_i/blp/blp_i/ss_cmp/inst/mgmt_debug_bridge/inst/axi_jtag/<const0> level0_i/blp/blp_i/ss_cmp/inst/mgmt_debug_bridge/inst/axi_jtag/inst/<const0> level0_i/blp/blp_i/ss_cmp/inst/mgmt_debug_bridge/inst/axi_jtag/inst/u_axi4_lite_if/<const0> level0_i/blp/blp_i/ss_cmp/inst/mgmt_debug_bridge/inst/axi_jtag/inst/u_jtag_proc/<const0> level0_i/blp/blp_i/ss_cmp/inst/mgmt_debug_bridge/inst/bs_mux/inst/<const0> level0_i/blp/blp_i/ss_cmp/inst/mgmt_debug_bridge/inst/bs_switch/inst/BSCAN_SWITCH.EXT_BSCAN.bscan_switch/<const0> level0_i/blp/blp_i/ss_cmp/inst/mgmt_debug_bridge/inst/bs_switch_1/inst/BSCAN_SWITCH.EXT_BSCAN.bscan_switch/<const0> level0_i/blp/blp_i/ss_cmp/inst/mgmt_debug_bridge/inst/bsip/inst/USE_SOFTBSCAN.U_BSCAN_TAP/U_BASETAP/U_BYPASS/<const0> level0_i/blp/blp_i/ss_cmp/inst/mgmt_debug_bridge/inst/bsip/inst/USE_SOFTBSCAN.U_BSCAN_TAP/U_BASETAP/U_IR/<const0> level0_i/blp/blp_i/ss_cmp/inst/mgmt_debug_bridge/inst/bsip/inst/USE_SOFTBSCAN.U_BSCAN_TAP/U_BASETAP/U_TAP/<const0> level0_i/blp/blp_i/ss_cmp/inst/mgmt_debug_hub/inst/bs_switch/inst/BSCAN_SWITCH.EXT_BSCAN.bscan_switch/<const0> level0_i/blp/blp_i/ss_cmp/inst/mgmt_debug_hub/inst/lut_buffer/<const0> level0_i/blp/blp_i/ss_cmp/inst/mgmt_debug_hub/inst/lut_buffer/inst/<const0> level0_i/blp/blp_i/ss_cmp/inst/mgmt_debug_hub/inst/xsdbm/<const0> level0_i/blp/blp_i/ss_cmp/inst/mgmt_debug_hub/inst/xsdbm/inst/BSCANID.u_xsdbm_id/<const0> level0_i/blp/blp_i/ss_cmp/inst/mgmt_debug_hub/inst/xsdbm/inst/BSCANID.u_xsdbm_id/CORE_XSDB.UUT_MASTER/U_ICON_INTERFACE/<const0> level0_i/blp/blp_i/ss_cmp/inst/mgmt_debug_hub/inst/xsdbm/inst/BSCANID.u_xsdbm_id/CORE_XSDB.UUT_MASTER/U_ICON_INTERFACE/U_CMD1/<const0> level0_i/blp/blp_i/ss_cmp/inst/mgmt_debug_hub/inst/xsdbm/inst/BSCANID.u_xsdbm_id/CORE_XSDB.UUT_MASTER/U_ICON_INTERFACE/U_CMD2/<const0> ...'.
Command: opt_design
Attempting to get a license for feature 'Implementation' and/or device 'xcu250'
INFO: [Common 17-349] Got license for feature 'Implementation' and/or device 'xcu250'
Running DRC as a precondition to command opt_design

Starting DRC Task
INFO: [DRC 23-27] Running DRC with 8 threads
INFO: [Project 1-461] DRC finished with 0 Errors, 216 Warnings
INFO: [Project 1-462] Please refer to the DRC report (report_drc) for more information.

Time (s): cpu = 00:00:22 ; elapsed = 00:00:15 . Memory (MB): peak = 8342.633 ; gain = 0.000 ; free physical = 65640 ; free virtual = 69278

Starting Cache Timing Information Task
INFO: [Timing 38-35] Done setting XDC timing constraints.
Ending Cache Timing Information Task | Checksum: 2549f9c49

Time (s): cpu = 00:00:34 ; elapsed = 00:00:11 . Memory (MB): peak = 8383.633 ; gain = 41.000 ; free physical = 65566 ; free virtual = 69205

Starting Logic Optimization Task

Phase 1 Initialization

Phase 1.1 Core Generation And Design Setup

Phase 1.1.1 Generate And Synthesize MIG Cores
WARNING: [Constraints 18-4434] Global Clock Buffer 'level0_i/level1/level1_i/plp/clk_wiz_ddr4/inst/clkout1_buf' is LOCed to site 'BUFGCE_X0Y156'. Using a LOC constraint to assign the placement of a Global Clock Buffer can result in sub-optimal placement results.
Resolution: Remove the LOC constraint and use the CLOCK_REGION constraint to assign a Global Clock Buffer to a CLOCK_REGION.
WARNING: [Constraints 18-4434] Global Clock Buffer 'level0_i/blp/blp_i/freerun_clk/bufg/U0/USE_BUFG.GEN_BUFG[0].BUFG_U' is LOCed to site 'BUFGCE_X0Y99'. Using a LOC constraint to assign the placement of a Global Clock Buffer can result in sub-optimal placement results.
Resolution: Remove the LOC constraint and use the CLOCK_REGION constraint to assign a Global Clock Buffer to a CLOCK_REGION.
WARNING: [Constraints 18-4434] Global Clock Buffer 'level0_i/blp/blp_i/freerun_clk/bufg_div/U0/USE_BUFGCE_DIV2.GEN_BUFGCE_DIV2[0].BUFGCE_DIV2_I' is LOCed to site 'BUFGCE_DIV_X0Y17'. Using a LOC constraint to assign the placement of a Global Clock Buffer can result in sub-optimal placement results.
Resolution: Remove the LOC constraint and use the CLOCK_REGION constraint to assign a Global Clock Buffer to a CLOCK_REGION.
WARNING: [Constraints 18-4434] Global Clock Buffer 'level0_i/blp/blp_i/ss_cmp/inst/jtag_fallback/inst/bs_switch/inst/BSCAN_SWITCH.N_EXT_BSCAN.u_bufg_icon_tck' is LOCed to site 'BUFGCE_X0Y106'. Using a LOC constraint to assign the placement of a Global Clock Buffer can result in sub-optimal placement results.
Resolution: Remove the LOC constraint and use the CLOCK_REGION constraint to assign a Global Clock Buffer to a CLOCK_REGION.
WARNING: [Constraints 18-4434] Global Clock Buffer 'level0_i/blp/blp_i/ss_cmp/inst/mdm_board_control/U0/No_Dbg_Reg_Access.BUFG_DRCK/Using_FPGA.Native' is LOCed to site 'BUFGCE_X0Y98'. Using a LOC constraint to assign the placement of a Global Clock Buffer can result in sub-optimal placement results.
Resolution: Remove the LOC constraint and use the CLOCK_REGION constraint to assign a Global Clock Buffer to a CLOCK_REGION.
WARNING: [Constraints 18-4434] Global Clock Buffer 'level0_i/blp/blp_i/ss_cmp/inst/mdm_board_control/U0/Use_External.Use_BSCANID.No_Dbg_Reg_Access.BUFG_UPDATE/Using_FPGA.Native' is LOCed to site 'BUFGCE_X0Y96'. Using a LOC constraint to assign the placement of a Global Clock Buffer can result in sub-optimal placement results.
Resolution: Remove the LOC constraint and use the CLOCK_REGION constraint to assign a Global Clock Buffer to a CLOCK_REGION.
WARNING: [Constraints 18-4434] Global Clock Buffer 'level0_i/blp/blp_i/ss_cmp/inst/mgmt_debug_bridge/inst/bs_mux/inst/u_bufg_mux' is LOCed to site 'BUFGCTRL_X0Y36'. Using a LOC constraint to assign the placement of a Global Clock Buffer can result in sub-optimal placement results.
Resolution: Remove the LOC constraint and use the CLOCK_REGION constraint to assign a Global Clock Buffer to a CLOCK_REGION.
WARNING: [Constraints 18-4434] Global Clock Buffer 'level0_i/blp/blp_i/ss_cmp/inst/mgmt_debug_bridge/inst/bsip/inst/USE_SOFTBSCAN.U_TAP_TCKBUFG' is LOCed to site 'BUFGCE_X0Y97'. Using a LOC constraint to assign the placement of a Global Clock Buffer can result in sub-optimal placement results.
Resolution: Remove the LOC constraint and use the CLOCK_REGION constraint to assign a Global Clock Buffer to a CLOCK_REGION.
WARNING: [Constraints 18-4434] Global Clock Buffer 'level0_i/blp/blp_i/ss_hif/inst/clkwiz_level0_periph/inst/clkout1_buf' is LOCed to site 'BUFGCE_X0Y115'. Using a LOC constraint to assign the placement of a Global Clock Buffer can result in sub-optimal placement results.
Resolution: Remove the LOC constraint and use the CLOCK_REGION constraint to assign a Global Clock Buffer to a CLOCK_REGION.
WARNING: [Constraints 18-4434] Global Clock Buffer 'level0_i/blp/blp_i/ss_hif/inst/clkwiz_level0_periph/inst/clkout2_buf' is LOCed to site 'BUFGCE_X0Y116'. Using a LOC constraint to assign the placement of a Global Clock Buffer can result in sub-optimal placement results.
Resolution: Remove the LOC constraint and use the CLOCK_REGION constraint to assign a Global Clock Buffer to a CLOCK_REGION.
WARNING: [Constraints 18-4434] Global Clock Buffer 'level0_i/blp/blp_i/ss_hif/inst/pcie/inst/bd_39ab_pcie_0_gt_top_i/diablo_gt.diablo_gt_phy_wrapper/gt_wizard.gtwizard_top_i/bd_39ab_pcie_0_gt_i/inst/gen_gtwizard_gtye4_top.bd_39ab_pcie_0_gt_gtwizard_gtye4_inst/gen_gtwizard_gtye4.gen_cpll_cal_gtye4.gen_cpll_cal_inst[0].gen_inst_cpll_cal.gtwizard_ultrascale_v1_7_12_gtye4_cpll_cal_inst/gtwizard_ultrascale_v1_7_12_gtye4_cpll_cal_tx_i/bufg_gt_txoutclkmon_inst' is LOCed to site 'BUFG_GT_X1Y100'. Using a LOC constraint to assign the placement of a Global Clock Buffer can result in sub-optimal placement results.
Resolution: Remove the LOC constraint and use the CLOCK_REGION constraint to assign a Global Clock Buffer to a CLOCK_REGION.
WARNING: [Constraints 18-4434] Global Clock Buffer 'level0_i/blp/blp_i/ss_hif/inst/pcie/inst/bd_39ab_pcie_0_gt_top_i/diablo_gt.diablo_gt_phy_wrapper/gt_wizard.gtwizard_top_i/bd_39ab_pcie_0_gt_i/inst/gen_gtwizard_gtye4_top.bd_39ab_pcie_0_gt_gtwizard_gtye4_inst/gen_gtwizard_gtye4.gen_cpll_cal_gtye4.gen_cpll_cal_inst[10].gen_inst_cpll_cal.gtwizard_ultrascale_v1_7_12_gtye4_cpll_cal_inst/gtwizard_ultrascale_v1_7_12_gtye4_cpll_cal_tx_i/bufg_gt_txoutclkmon_inst' is LOCed to site 'BUFG_GT_X1Y150'. Using a LOC constraint to assign the placement of a Global Clock Buffer can result in sub-optimal placement results.
Resolution: Remove the LOC constraint and use the CLOCK_REGION constraint to assign a Global Clock Buffer to a CLOCK_REGION.
WARNING: [Constraints 18-4434] Global Clock Buffer 'level0_i/blp/blp_i/ss_hif/inst/pcie/inst/bd_39ab_pcie_0_gt_top_i/diablo_gt.diablo_gt_phy_wrapper/gt_wizard.gtwizard_top_i/bd_39ab_pcie_0_gt_i/inst/gen_gtwizard_gtye4_top.bd_39ab_pcie_0_gt_gtwizard_gtye4_inst/gen_gtwizard_gtye4.gen_cpll_cal_gtye4.gen_cpll_cal_inst[11].gen_inst_cpll_cal.gtwizard_ultrascale_v1_7_12_gtye4_cpll_cal_inst/gtwizard_ultrascale_v1_7_12_gtye4_cpll_cal_tx_i/bufg_gt_txoutclkmon_inst' is LOCed to site 'BUFG_GT_X1Y167'. Using a LOC constraint to assign the placement of a Global Clock Buffer can result in sub-optimal placement results.
Resolution: Remove the LOC constraint and use the CLOCK_REGION constraint to assign a Global Clock Buffer to a CLOCK_REGION.
WARNING: [Constraints 18-4434] Global Clock Buffer 'level0_i/blp/blp_i/ss_hif/inst/pcie/inst/bd_39ab_pcie_0_gt_top_i/diablo_gt.diablo_gt_phy_wrapper/gt_wizard.gtwizard_top_i/bd_39ab_pcie_0_gt_i/inst/gen_gtwizard_gtye4_top.bd_39ab_pcie_0_gt_gtwizard_gtye4_inst/gen_gtwizard_gtye4.gen_cpll_cal_gtye4.gen_cpll_cal_inst[12].gen_inst_cpll_cal.gtwizard_ultrascale_v1_7_12_gtye4_cpll_cal_inst/gtwizard_ultrascale_v1_7_12_gtye4_cpll_cal_tx_i/bufg_gt_txoutclkmon_inst' is LOCed to site 'BUFG_GT_X1Y176'. Using a LOC constraint to assign the placement of a Global Clock Buffer can result in sub-optimal placement results.
Resolution: Remove the LOC constraint and use the CLOCK_REGION constraint to assign a Global Clock Buffer to a CLOCK_REGION.
WARNING: [Constraints 18-4434] Global Clock Buffer 'level0_i/blp/blp_i/ss_hif/inst/pcie/inst/bd_39ab_pcie_0_gt_top_i/diablo_gt.diablo_gt_phy_wrapper/gt_wizard.gtwizard_top_i/bd_39ab_pcie_0_gt_i/inst/gen_gtwizard_gtye4_top.bd_39ab_pcie_0_gt_gtwizard_gtye4_inst/gen_gtwizard_gtye4.gen_cpll_cal_gtye4.gen_cpll_cal_inst[13].gen_inst_cpll_cal.gtwizard_ultrascale_v1_7_12_gtye4_cpll_cal_inst/gtwizard_ultrascale_v1_7_12_gtye4_cpll_cal_tx_i/bufg_gt_txoutclkmon_inst' is LOCed to site 'BUFG_GT_X1Y191'. Using a LOC constraint to assign the placement of a Global Clock Buffer can result in sub-optimal placement results.
Resolution: Remove the LOC constraint and use the CLOCK_REGION constraint to assign a Global Clock Buffer to a CLOCK_REGION.
WARNING: [Constraints 18-4434] Global Clock Buffer 'level0_i/blp/blp_i/ss_hif/inst/pcie/inst/bd_39ab_pcie_0_gt_top_i/diablo_gt.diablo_gt_phy_wrapper/gt_wizard.gtwizard_top_i/bd_39ab_pcie_0_gt_i/inst/gen_gtwizard_gtye4_top.bd_39ab_pcie_0_gt_gtwizard_gtye4_inst/gen_gtwizard_gtye4.gen_cpll_cal_gtye4.gen_cpll_cal_inst[14].gen_inst_cpll_cal.gtwizard_ultrascale_v1_7_12_gtye4_cpll_cal_inst/gtwizard_ultrascale_v1_7_12_gtye4_cpll_cal_tx_i/bufg_gt_txoutclkmon_inst' is LOCed to site 'BUFG_GT_X1Y183'. Using a LOC constraint to assign the placement of a Global Clock Buffer can result in sub-optimal placement results.
Resolution: Remove the LOC constraint and use the CLOCK_REGION constraint to assign a Global Clock Buffer to a CLOCK_REGION.
WARNING: [Constraints 18-4434] Global Clock Buffer 'level0_i/blp/blp_i/ss_hif/inst/pcie/inst/bd_39ab_pcie_0_gt_top_i/diablo_gt.diablo_gt_phy_wrapper/gt_wizard.gtwizard_top_i/bd_39ab_pcie_0_gt_i/inst/gen_gtwizard_gtye4_top.bd_39ab_pcie_0_gt_gtwizard_gtye4_inst/gen_gtwizard_gtye4.gen_cpll_cal_gtye4.gen_cpll_cal_inst[15].gen_inst_cpll_cal.gtwizard_ultrascale_v1_7_12_gtye4_cpll_cal_inst/gtwizard_ultrascale_v1_7_12_gtye4_cpll_cal_tx_i/bufg_gt_txoutclkmon_inst' is LOCed to site 'BUFG_GT_X1Y173'. Using a LOC constraint to assign the placement of a Global Clock Buffer can result in sub-optimal placement results.
Resolution: Remove the LOC constraint and use the CLOCK_REGION constraint to assign a Global Clock Buffer to a CLOCK_REGION.
WARNING: [Constraints 18-4434] Global Clock Buffer 'level0_i/blp/blp_i/ss_hif/inst/pcie/inst/bd_39ab_pcie_0_gt_top_i/diablo_gt.diablo_gt_phy_wrapper/gt_wizard.gtwizard_top_i/bd_39ab_pcie_0_gt_i/inst/gen_gtwizard_gtye4_top.bd_39ab_pcie_0_gt_gtwizard_gtye4_inst/gen_gtwizard_gtye4.gen_cpll_cal_gtye4.gen_cpll_cal_inst[1].gen_inst_cpll_cal.gtwizard_ultrascale_v1_7_12_gtye4_cpll_cal_inst/gtwizard_ultrascale_v1_7_12_gtye4_cpll_cal_tx_i/bufg_gt_txoutclkmon_inst' is LOCed to site 'BUFG_GT_X1Y102'. Using a LOC constraint to assign the placement of a Global Clock Buffer can result in sub-optimal placement results.
Resolution: Remove the LOC constraint and use the CLOCK_REGION constraint to assign a Global Clock Buffer to a CLOCK_REGION.
WARNING: [Constraints 18-4434] Global Clock Buffer 'level0_i/blp/blp_i/ss_hif/inst/pcie/inst/bd_39ab_pcie_0_gt_top_i/diablo_gt.diablo_gt_phy_wrapper/gt_wizard.gtwizard_top_i/bd_39ab_pcie_0_gt_i/inst/gen_gtwizard_gtye4_top.bd_39ab_pcie_0_gt_gtwizard_gtye4_inst/gen_gtwizard_gtye4.gen_cpll_cal_gtye4.gen_cpll_cal_inst[2].gen_inst_cpll_cal.gtwizard_ultrascale_v1_7_12_gtye4_cpll_cal_inst/gtwizard_ultrascale_v1_7_12_gtye4_cpll_cal_tx_i/bufg_gt_txoutclkmon_inst' is LOCed to site 'BUFG_GT_X1Y119'. Using a LOC constraint to assign the placement of a Global Clock Buffer can result in sub-optimal placement results.
Resolution: Remove the LOC constraint and use the CLOCK_REGION constraint to assign a Global Clock Buffer to a CLOCK_REGION.
WARNING: [Constraints 18-4434] Global Clock Buffer 'level0_i/blp/blp_i/ss_hif/inst/pcie/inst/bd_39ab_pcie_0_gt_top_i/diablo_gt.diablo_gt_phy_wrapper/gt_wizard.gtwizard_top_i/bd_39ab_pcie_0_gt_i/inst/gen_gtwizard_gtye4_top.bd_39ab_pcie_0_gt_gtwizard_gtye4_inst/gen_gtwizard_gtye4.gen_cpll_cal_gtye4.gen_cpll_cal_inst[3].gen_inst_cpll_cal.gtwizard_ultrascale_v1_7_12_gtye4_cpll_cal_inst/gtwizard_ultrascale_v1_7_12_gtye4_cpll_cal_tx_i/bufg_gt_txoutclkmon_inst' is LOCed to site 'BUFG_GT_X1Y111'. Using a LOC constraint to assign the placement of a Global Clock Buffer can result in sub-optimal placement results.
Resolution: Remove the LOC constraint and use the CLOCK_REGION constraint to assign a Global Clock Buffer to a CLOCK_REGION.
WARNING: [Constraints 18-4434] Global Clock Buffer 'level0_i/blp/blp_i/ss_hif/inst/pcie/inst/bd_39ab_pcie_0_gt_top_i/diablo_gt.diablo_gt_phy_wrapper/gt_wizard.gtwizard_top_i/bd_39ab_pcie_0_gt_i/inst/gen_gtwizard_gtye4_top.bd_39ab_pcie_0_gt_gtwizard_gtye4_inst/gen_gtwizard_gtye4.gen_cpll_cal_gtye4.gen_cpll_cal_inst[4].gen_inst_cpll_cal.gtwizard_ultrascale_v1_7_12_gtye4_cpll_cal_inst/gtwizard_ultrascale_v1_7_12_gtye4_cpll_cal_tx_i/bufg_gt_txoutclkmon_inst' is LOCed to site 'BUFG_GT_X1Y126'. Using a LOC constraint to assign the placement of a Global Clock Buffer can result in sub-optimal placement results.
Resolution: Remove the LOC constraint and use the CLOCK_REGION constraint to assign a Global Clock Buffer to a CLOCK_REGION.
WARNING: [Constraints 18-4434] Global Clock Buffer 'level0_i/blp/blp_i/ss_hif/inst/pcie/inst/bd_39ab_pcie_0_gt_top_i/diablo_gt.diablo_gt_phy_wrapper/gt_wizard.gtwizard_top_i/bd_39ab_pcie_0_gt_i/inst/gen_gtwizard_gtye4_top.bd_39ab_pcie_0_gt_gtwizard_gtye4_inst/gen_gtwizard_gtye4.gen_cpll_cal_gtye4.gen_cpll_cal_inst[5].gen_inst_cpll_cal.gtwizard_ultrascale_v1_7_12_gtye4_cpll_cal_inst/gtwizard_ultrascale_v1_7_12_gtye4_cpll_cal_tx_i/bufg_gt_txoutclkmon_inst' is LOCed to site 'BUFG_GT_X1Y137'. Using a LOC constraint to assign the placement of a Global Clock Buffer can result in sub-optimal placement results.
Resolution: Remove the LOC constraint and use the CLOCK_REGION constraint to assign a Global Clock Buffer to a CLOCK_REGION.
WARNING: [Constraints 18-4434] Global Clock Buffer 'level0_i/blp/blp_i/ss_hif/inst/pcie/inst/bd_39ab_pcie_0_gt_top_i/diablo_gt.diablo_gt_phy_wrapper/gt_wizard.gtwizard_top_i/bd_39ab_pcie_0_gt_i/inst/gen_gtwizard_gtye4_top.bd_39ab_pcie_0_gt_gtwizard_gtye4_inst/gen_gtwizard_gtye4.gen_cpll_cal_gtye4.gen_cpll_cal_inst[6].gen_inst_cpll_cal.gtwizard_ultrascale_v1_7_12_gtye4_cpll_cal_inst/gtwizard_ultrascale_v1_7_12_gtye4_cpll_cal_tx_i/bufg_gt_txoutclkmon_inst' is LOCed to site 'BUFG_GT_X1Y143'. Using a LOC constraint to assign the placement of a Global Clock Buffer can result in sub-optimal placement results.
Resolution: Remove the LOC constraint and use the CLOCK_REGION constraint to assign a Global Clock Buffer to a CLOCK_REGION.
WARNING: [Constraints 18-4434] Global Clock Buffer 'level0_i/blp/blp_i/ss_hif/inst/pcie/inst/bd_39ab_pcie_0_gt_top_i/diablo_gt.diablo_gt_phy_wrapper/gt_wizard.gtwizard_top_i/bd_39ab_pcie_0_gt_i/inst/gen_gtwizard_gtye4_top.bd_39ab_pcie_0_gt_gtwizard_gtye4_inst/gen_gtwizard_gtye4.gen_cpll_cal_gtye4.gen_cpll_cal_inst[7].gen_inst_cpll_cal.gtwizard_ultrascale_v1_7_12_gtye4_cpll_cal_inst/gtwizard_ultrascale_v1_7_12_gtye4_cpll_cal_tx_i/bufg_gt_txoutclkmon_inst' is LOCed to site 'BUFG_GT_X1Y135'. Using a LOC constraint to assign the placement of a Global Clock Buffer can result in sub-optimal placement results.
Resolution: Remove the LOC constraint and use the CLOCK_REGION constraint to assign a Global Clock Buffer to a CLOCK_REGION.
WARNING: [Constraints 18-4434] Global Clock Buffer 'level0_i/blp/blp_i/ss_hif/inst/pcie/inst/bd_39ab_pcie_0_gt_top_i/diablo_gt.diablo_gt_phy_wrapper/gt_wizard.gtwizard_top_i/bd_39ab_pcie_0_gt_i/inst/gen_gtwizard_gtye4_top.bd_39ab_pcie_0_gt_gtwizard_gtye4_inst/gen_gtwizard_gtye4.gen_cpll_cal_gtye4.gen_cpll_cal_inst[8].gen_inst_cpll_cal.gtwizard_ultrascale_v1_7_12_gtye4_cpll_cal_inst/gtwizard_ultrascale_v1_7_12_gtye4_cpll_cal_tx_i/bufg_gt_txoutclkmon_inst' is LOCed to site 'BUFG_GT_X1Y160'. Using a LOC constraint to assign the placement of a Global Clock Buffer can result in sub-optimal placement results.
Resolution: Remove the LOC constraint and use the CLOCK_REGION constraint to assign a Global Clock Buffer to a CLOCK_REGION.
WARNING: [Constraints 18-4434] Global Clock Buffer 'level0_i/blp/blp_i/ss_hif/inst/pcie/inst/bd_39ab_pcie_0_gt_top_i/diablo_gt.diablo_gt_phy_wrapper/gt_wizard.gtwizard_top_i/bd_39ab_pcie_0_gt_i/inst/gen_gtwizard_gtye4_top.bd_39ab_pcie_0_gt_gtwizard_gtye4_inst/gen_gtwizard_gtye4.gen_cpll_cal_gtye4.gen_cpll_cal_inst[9].gen_inst_cpll_cal.gtwizard_ultrascale_v1_7_12_gtye4_cpll_cal_inst/gtwizard_ultrascale_v1_7_12_gtye4_cpll_cal_tx_i/bufg_gt_txoutclkmon_inst' is LOCed to site 'BUFG_GT_X1Y153'. Using a LOC constraint to assign the placement of a Global Clock Buffer can result in sub-optimal placement results.
Resolution: Remove the LOC constraint and use the CLOCK_REGION constraint to assign a Global Clock Buffer to a CLOCK_REGION.
WARNING: [Constraints 18-4434] Global Clock Buffer 'level0_i/blp/blp_i/ss_hif/inst/pcie/inst/bd_39ab_pcie_0_gt_top_i/diablo_gt.diablo_gt_phy_wrapper/phy_clk_i/bufg_gt_coreclk' is LOCed to site 'BUFG_GT_X1Y181'. Using a LOC constraint to assign the placement of a Global Clock Buffer can result in sub-optimal placement results.
Resolution: Remove the LOC constraint and use the CLOCK_REGION constraint to assign a Global Clock Buffer to a CLOCK_REGION.
WARNING: [Constraints 18-4434] Global Clock Buffer 'level0_i/blp/blp_i/ss_hif/inst/pcie/inst/bd_39ab_pcie_0_gt_top_i/diablo_gt.diablo_gt_phy_wrapper/phy_clk_i/bufg_gt_intclk' is LOCed to site 'BUFG_GT_X1Y180'. Using a LOC constraint to assign the placement of a Global Clock Buffer can result in sub-optimal placement results.
Resolution: Remove the LOC constraint and use the CLOCK_REGION constraint to assign a Global Clock Buffer to a CLOCK_REGION.
WARNING: [Constraints 18-4434] Global Clock Buffer 'level0_i/blp/blp_i/ss_hif/inst/pcie/inst/bd_39ab_pcie_0_gt_top_i/diablo_gt.diablo_gt_phy_wrapper/phy_clk_i/bufg_gt_mcapclk' is LOCed to site 'BUFG_GT_X1Y190'. Using a LOC constraint to assign the placement of a Global Clock Buffer can result in sub-optimal placement results.
Resolution: Remove the LOC constraint and use the CLOCK_REGION constraint to assign a Global Clock Buffer to a CLOCK_REGION.
WARNING: [Constraints 18-4434] Global Clock Buffer 'level0_i/blp/blp_i/ss_hif/inst/pcie/inst/bd_39ab_pcie_0_gt_top_i/diablo_gt.diablo_gt_phy_wrapper/phy_clk_i/bufg_gt_pclk' is LOCed to site 'BUFG_GT_X1Y189'. Using a LOC constraint to assign the placement of a Global Clock Buffer can result in sub-optimal placement results.
Resolution: Remove the LOC constraint and use the CLOCK_REGION constraint to assign a Global Clock Buffer to a CLOCK_REGION.
WARNING: [Constraints 18-4434] Global Clock Buffer 'level0_i/blp/blp_i/ss_hif/inst/pcie/inst/bd_39ab_pcie_0_gt_top_i/diablo_gt.diablo_gt_phy_wrapper/phy_clk_i/bufg_gt_userclk' is LOCed to site 'BUFG_GT_X1Y186'. Using a LOC constraint to assign the placement of a Global Clock Buffer can result in sub-optimal placement results.
Resolution: Remove the LOC constraint and use the CLOCK_REGION constraint to assign a Global Clock Buffer to a CLOCK_REGION.
WARNING: [Constraints 18-4434] Global Clock Buffer 'level0_i/blp/blp_i/ss_hif/inst/pcie/inst/bufg_gt_sysclk' is LOCed to site 'BUFG_GT_X1Y155'. Using a LOC constraint to assign the placement of a Global Clock Buffer can result in sub-optimal placement results.
Resolution: Remove the LOC constraint and use the CLOCK_REGION constraint to assign a Global Clock Buffer to a CLOCK_REGION.
write_xdc: Time (s): cpu = 00:00:14 ; elapsed = 00:00:14 . Memory (MB): peak = 8777.781 ; gain = 216.250 ; free physical = 65191 ; free virtual = 68831
INFO: [IP_Flow 19-5647] Added synthesis output to IP cache for IP bd_b35e_ddr4_mem01_0_phy, cache-ID = 710d363ab4e7e0fd
INFO: [IP_Flow 19-5647] Added synthesis output to IP cache for IP bd_b35e_ddr4_mem00_0_phy, cache-ID = 4d0d90b84010ad3f
Done building netlist checker database: Time (s): cpu = 00:00:00.24 ; elapsed = 00:00:00.24 . Memory (MB): peak = 8854.266 ; gain = 0.000 ; free physical = 65109 ; free virtual = 68793
Done building netlist checker database: Time (s): cpu = 00:00:00.26 ; elapsed = 00:00:00.26 . Memory (MB): peak = 8854.266 ; gain = 0.000 ; free physical = 65081 ; free virtual = 68790
set_max_delay: Time (s): cpu = 00:00:23 ; elapsed = 00:00:07 . Memory (MB): peak = 8854.266 ; gain = 0.000 ; free physical = 65079 ; free virtual = 68789
set_switching_activity: Time (s): cpu = 00:02:03 ; elapsed = 00:00:31 . Memory (MB): peak = 9125.969 ; gain = 271.703 ; free physical = 64874 ; free virtual = 68584
all_fanout: Time (s): cpu = 00:00:21 ; elapsed = 00:00:06 . Memory (MB): peak = 9125.969 ; gain = 0.000 ; free physical = 64873 ; free virtual = 68583
read_xdc: Time (s): cpu = 00:03:53 ; elapsed = 00:01:28 . Memory (MB): peak = 9157.953 ; gain = 303.688 ; free physical = 64814 ; free virtual = 68524
Netlist sorting complete. Time (s): cpu = 00:00:00.12 ; elapsed = 00:00:00.12 . Memory (MB): peak = 9157.953 ; gain = 0.000 ; free physical = 64873 ; free virtual = 68518
Phase 1.1.1 Generate And Synthesize MIG Cores | Checksum: 15e33d944

Time (s): cpu = 00:07:02 ; elapsed = 00:04:28 . Memory (MB): peak = 9157.953 ; gain = 596.422 ; free physical = 64873 ; free virtual = 68518

Phase 1.1.2 Generate And Synthesize Debug Cores
INFO: [Chipscope 16-329] Generating Script for core instance : level0_i/level1/level1_i/ulp/shell_cmp_subsystem_0/inst/user_debug_hub/inst/xsdbm 
INFO: [IP_Flow 19-3806] Processing IP xilinx.com:ip:xsdbm:3.0 for cell xsdbm_CV.
Done building netlist checker database: Time (s): cpu = 00:00:00.28 ; elapsed = 00:00:00.28 . Memory (MB): peak = 9157.988 ; gain = 0.000 ; free physical = 64844 ; free virtual = 68495
get_clocks: Time (s): cpu = 00:00:28 ; elapsed = 00:00:09 . Memory (MB): peak = 9157.988 ; gain = 0.000 ; free physical = 64844 ; free virtual = 68494
Netlist sorting complete. Time (s): cpu = 00:00:00.21 ; elapsed = 00:00:00.21 . Memory (MB): peak = 9157.988 ; gain = 0.000 ; free physical = 64844 ; free virtual = 68494
Phase 1.1.2 Generate And Synthesize Debug Cores | Checksum: 1a463a940

Time (s): cpu = 00:08:45 ; elapsed = 00:06:19 . Memory (MB): peak = 9157.988 ; gain = 596.457 ; free physical = 64844 ; free virtual = 68494
Phase 1.1 Core Generation And Design Setup | Checksum: 1a463a940

Time (s): cpu = 00:09:15 ; elapsed = 00:06:37 . Memory (MB): peak = 9157.988 ; gain = 596.457 ; free physical = 64844 ; free virtual = 68494

Phase 1.2 Setup Constraints And Sort Netlist
Phase 1.2 Setup Constraints And Sort Netlist | Checksum: 1a463a940

Time (s): cpu = 00:09:16 ; elapsed = 00:06:37 . Memory (MB): peak = 9157.988 ; gain = 596.457 ; free physical = 64844 ; free virtual = 68494
Phase 1 Initialization | Checksum: 1a463a940

Time (s): cpu = 00:09:17 ; elapsed = 00:06:38 . Memory (MB): peak = 9157.988 ; gain = 596.457 ; free physical = 64844 ; free virtual = 68494

Phase 2 Timer Update And Timing Data Collection

Phase 2.1 Timer Update
Phase 2.1 Timer Update | Checksum: 1a463a940

Time (s): cpu = 00:09:32 ; elapsed = 00:06:42 . Memory (MB): peak = 9157.988 ; gain = 596.457 ; free physical = 64843 ; free virtual = 68494

Phase 2.2 Timing Data Collection
Phase 2.2 Timing Data Collection | Checksum: 1a463a940

Time (s): cpu = 00:09:34 ; elapsed = 00:06:44 . Memory (MB): peak = 9285.953 ; gain = 724.422 ; free physical = 64733 ; free virtual = 68384
Phase 2 Timer Update And Timing Data Collection | Checksum: 1a463a940

Time (s): cpu = 00:09:35 ; elapsed = 00:06:44 . Memory (MB): peak = 9285.953 ; gain = 724.422 ; free physical = 64733 ; free virtual = 68384

Phase 3 Retarget
INFO: [Opt 31-1851] Number of loadless carry chains removed were: 0
INFO: [Opt 31-1834] Total Chains To Be Transformed Were: 0 AND Number of Transformed insts Created are: 0
INFO: [Opt 31-1566] Pulled 116 inverters resulting in an inversion of 1066 pins
INFO: [Opt 31-138] Pushed 278 inverter(s) to 4936 load pin(s).
INFO: [Opt 31-49] Retargeted 0 cell(s).
Phase 3 Retarget | Checksum: 19c9e4425

Time (s): cpu = 00:09:45 ; elapsed = 00:06:53 . Memory (MB): peak = 9285.953 ; gain = 724.422 ; free physical = 64733 ; free virtual = 68384
Retarget | Checksum: 19c9e4425
INFO: [Opt 31-389] Phase Retarget created 1953 cells and removed 2785 cells
INFO: [Opt 31-1021] In phase Retarget, 8051 netlist objects are constrained preventing optimization. Please run opt_design with -debug_log to get more detail. 

Phase 4 Constant propagation
INFO: [Opt 31-138] Pushed 40 inverter(s) to 169 load pin(s).
Phase 4 Constant propagation | Checksum: 24b7e1caa

Time (s): cpu = 00:09:51 ; elapsed = 00:06:57 . Memory (MB): peak = 9285.953 ; gain = 724.422 ; free physical = 64733 ; free virtual = 68384
Constant propagation | Checksum: 24b7e1caa
INFO: [Opt 31-389] Phase Constant propagation created 1397 cells and removed 9419 cells
INFO: [Opt 31-1021] In phase Constant propagation, 5445 netlist objects are constrained preventing optimization. Please run opt_design with -debug_log to get more detail. 

Phase 5 Sweep
INFO: [Constraints 18-11670] Building netlist checker database with flags, 0x8
Done building netlist checker database: Time (s): cpu = 00:00:00.28 ; elapsed = 00:00:00.28 . Memory (MB): peak = 9285.953 ; gain = 0.000 ; free physical = 64733 ; free virtual = 68384
INFO: [Constraints 18-11670] Building netlist checker database with flags, 0x8
Done building netlist checker database: Time (s): cpu = 00:00:00.17 ; elapsed = 00:00:00.17 . Memory (MB): peak = 9285.953 ; gain = 0.000 ; free physical = 64733 ; free virtual = 68384
Phase 5 Sweep | Checksum: 222dc5114

Time (s): cpu = 00:10:14 ; elapsed = 00:07:19 . Memory (MB): peak = 9285.953 ; gain = 724.422 ; free physical = 64733 ; free virtual = 68384
Sweep | Checksum: 222dc5114
INFO: [Opt 31-389] Phase Sweep created 0 cells and removed 15534 cells
INFO: [Opt 31-1021] In phase Sweep, 1407330 netlist objects are constrained preventing optimization. Please run opt_design with -debug_log to get more detail. 

Phase 6 BUFG optimization
INFO: [Opt 31-1077] Phase BUFG optimization inserted 0 global clock buffer(s) for CLOCK_LOW_FANOUT.
Phase 6 BUFG optimization | Checksum: 222198da4

Time (s): cpu = 00:10:24 ; elapsed = 00:07:24 . Memory (MB): peak = 9285.953 ; gain = 724.422 ; free physical = 64733 ; free virtual = 68384
BUFG optimization | Checksum: 222198da4
INFO: [Opt 31-662] Phase BUFG optimization created 1 cells of which 1 are BUFGs and removed 10 cells.
INFO: [Opt 31-1021] In phase BUFG optimization, 18 netlist objects are constrained preventing optimization. Please run opt_design with -debug_log to get more detail. 

Phase 7 Shift Register Optimization
INFO: [Opt 31-1064] SRL Remap converted 0 SRLs to 0 registers and converted 0 registers of register chains to 0 SRLs
Phase 7 Shift Register Optimization | Checksum: 222198da4

Time (s): cpu = 00:10:26 ; elapsed = 00:07:25 . Memory (MB): peak = 9285.953 ; gain = 724.422 ; free physical = 64733 ; free virtual = 68384
Shift Register Optimization | Checksum: 222198da4
INFO: [Opt 31-389] Phase Shift Register Optimization created 0 cells and removed 0 cells

Phase 8 Post Processing Netlist
INFO: [Opt 31-1566] Pulled 11 inverters resulting in an inversion of 26 pins
Phase 8 Post Processing Netlist | Checksum: 1a913cb9b

Time (s): cpu = 00:10:31 ; elapsed = 00:07:28 . Memory (MB): peak = 9285.953 ; gain = 724.422 ; free physical = 64733 ; free virtual = 68384
Post Processing Netlist | Checksum: 1a913cb9b
INFO: [Opt 31-389] Phase Post Processing Netlist created 0 cells and removed 12 cells
INFO: [Opt 31-1021] In phase Post Processing Netlist, 1495 netlist objects are constrained preventing optimization. Please run opt_design with -debug_log to get more detail. 

Phase 9 Finalization

Phase 9.1 Finalizing Design Cores and Updating Shapes
CRITICAL WARNING: [Constraints 18-952] The ports 'ulp_m_aclk_ctrl_00, ulp_m_aclk_freerun_ref_00, and ulp_m_aclk_pcie_user_00' in reconfigurable module 'level0_i/level1/level1_i/plp' are not connected to upper-level during instantiation. Those ports should not be used by any configuration, otherwise, they may lead to drive-less logic. Resolution: remove those unnecessary ports from the reconfigurable module interface. 
Phase 9.1 Finalizing Design Cores and Updating Shapes | Checksum: 16b898d59

Time (s): cpu = 00:10:44 ; elapsed = 00:07:40 . Memory (MB): peak = 9285.953 ; gain = 724.422 ; free physical = 64733 ; free virtual = 68384

Phase 9.2 Verifying Netlist Connectivity

Starting Connectivity Check Task

Time (s): cpu = 00:00:00.54 ; elapsed = 00:00:00.54 . Memory (MB): peak = 9285.953 ; gain = 0.000 ; free physical = 64733 ; free virtual = 68384
Phase 9.2 Verifying Netlist Connectivity | Checksum: 16b898d59

Time (s): cpu = 00:10:46 ; elapsed = 00:07:40 . Memory (MB): peak = 9285.953 ; gain = 724.422 ; free physical = 64733 ; free virtual = 68384
Phase 9 Finalization | Checksum: 16b898d59

Time (s): cpu = 00:10:47 ; elapsed = 00:07:41 . Memory (MB): peak = 9285.953 ; gain = 724.422 ; free physical = 64733 ; free virtual = 68384
Opt_design Change Summary
=========================


-------------------------------------------------------------------------------------------------------------------------
|  Phase                        |  #Cells created  |  #Cells Removed  |  #Constrained objects preventing optimizations  |
-------------------------------------------------------------------------------------------------------------------------
|  Retarget                     |            1953  |            2785  |                                           8051  |
|  Constant propagation         |            1397  |            9419  |                                           5445  |
|  Sweep                        |               0  |           15534  |                                        1407330  |
|  BUFG optimization            |               1  |              10  |                                             18  |
|  Shift Register Optimization  |               0  |               0  |                                              0  |
|  Post Processing Netlist      |               0  |              12  |                                           1495  |
-------------------------------------------------------------------------------------------------------------------------


Ending Logic Optimization Task | Checksum: 16b898d59

Time (s): cpu = 00:10:48 ; elapsed = 00:07:41 . Memory (MB): peak = 9285.953 ; gain = 724.422 ; free physical = 64732 ; free virtual = 68383

Starting Power Optimization Task
INFO: [Pwropt 34-132] Skipping clock gating for clocks with a period < 2.00 ns.
INFO: [Pwropt 34-232] Skipping BRAM gating because all BRAMs are in high frequency (i.e. period < 3.12 ns) clock domains.
INFO: [Pwropt 34-162] WRITE_MODE attribute of 81 BRAM(s) out of a total of 256 has been updated to save power. Run report_power_opt to get a complete listing of the BRAMs updated.
Ending Power Optimization Task | Checksum: 16b898d59

Time (s): cpu = 00:00:05 ; elapsed = 00:00:06 . Memory (MB): peak = 9733.953 ; gain = 448.000 ; free physical = 64309 ; free virtual = 67963

Starting Final Cleanup Task
Ending Final Cleanup Task | Checksum: 16b898d59

Time (s): cpu = 00:00:01 ; elapsed = 00:00:00.32 . Memory (MB): peak = 9733.953 ; gain = 0.000 ; free physical = 64309 ; free virtual = 67963

Starting Netlist Obfuscation Task
Netlist sorting complete. Time (s): cpu = 00:00:00.11 ; elapsed = 00:00:00.12 . Memory (MB): peak = 9733.953 ; gain = 0.000 ; free physical = 64309 ; free virtual = 67963
Ending Netlist Obfuscation Task | Checksum: 16b898d59

Time (s): cpu = 00:00:01 ; elapsed = 00:00:00.44 . Memory (MB): peak = 9733.953 ; gain = 0.000 ; free physical = 64309 ; free virtual = 67963
INFO: [Common 17-83] Releasing license: Implementation
429 Infos, 558 Warnings, 1 Critical Warnings and 0 Errors encountered.
opt_design completed successfully
opt_design: Time (s): cpu = 00:11:55 ; elapsed = 00:08:16 . Memory (MB): peak = 9733.953 ; gain = 1391.320 ; free physical = 64309 ; free virtual = 67963
source /home/devsounio/darwin-atlas-phase-l/build-authorized/_x/link/vivado/vpl/scripts/impl_1/_full_opt_post.tcl
WARNING: [Vivado 12-1023] No nets matched for command 'get_nets -hierarchical -filter {NAME =~ level0_i/level1/level1_i/ulp*memory_subsystem*/inst/memory/ddr4_mem*/inst/u_ddr4_infrastructure/div_clk}'.
source /home/devsounio/darwin-atlas-phase-l/build-authorized/_x/link/vivado/vpl/scripts/impl_1/_full_place_pre.tcl
CRITICAL WARNING: [Vivado 12-4430] You are lowering the severity from an ERROR. This can potentially lead to board damage or other functionality issues on hardware. If this is not desired, please run 'reset_property SEVERITY [get_drc_checks HDPR-5]' to undo this change.
INFO: [Chipscope 16-240] Debug cores have already been implemented
Command: place_design
Attempting to get a license for feature 'Implementation' and/or device 'xcu250'
INFO: [Common 17-349] Got license for feature 'Implementation' and/or device 'xcu250'
INFO: [Common 17-83] Releasing license: Implementation
INFO: [DRC 23-27] Running DRC with 8 threads
INFO: [Vivado_Tcl 4-198] DRC finished with 0 Errors
INFO: [Vivado_Tcl 4-199] Please refer to the DRC report (report_drc) for more information.
Running DRC as a precondition to command place_design
INFO: [DRC 23-27] Running DRC with 8 threads
INFO: [Vivado_Tcl 4-198] DRC finished with 0 Errors, 216 Warnings
INFO: [Vivado_Tcl 4-199] Please refer to the DRC report (report_drc) for more information.
INFO: [Place 30-611] Multithreading enabled for place_design using a maximum of 8 CPUs

Starting Placer Task

Phase 1 Placer Initialization

Phase 1.1 Placer Initialization Netlist Sorting
Netlist sorting complete. Time (s): cpu = 00:00:00.12 ; elapsed = 00:00:00.11 . Memory (MB): peak = 9733.953 ; gain = 0.000 ; free physical = 64311 ; free virtual = 67965
Phase 1.1 Placer Initialization Netlist Sorting | Checksum: 1840b22a6

Time (s): cpu = 00:00:02 ; elapsed = 00:00:00.86 . Memory (MB): peak = 9733.953 ; gain = 0.000 ; free physical = 64311 ; free virtual = 67965
Netlist sorting complete. Time (s): cpu = 00:00:00.11 ; elapsed = 00:00:00.12 . Memory (MB): peak = 9733.953 ; gain = 0.000 ; free physical = 64311 ; free virtual = 67965
INFO: [Constraints 18-12184] Site SLICE_X205Y479 is prohibited due to Sites belong top edge tile CLEM_X130Y479 of Pblock pblock_ii_level0_pipe
WARNING: [Constraints 18-5648] For reconfigurable module level0_i/level1/level1_i/plp, the top/bottom edges of its PBLOCK pblock_level1_plp are aligned with clock regions. With this type of floorplan, it has limited routability at PBLOCK top/bottom edges due to routing containment requirement. The edge tiles (only listed 10) are CLEL_R_X74Y479 CLEM_X75Y479 CLEL_R_X75Y479 CLEL_R_X76Y479 CLEM_X77Y479 CLEM_X78Y479 CLEL_R_X78Y479 CLEM_X80Y479 CLEL_R_X81Y479 CLEM_X82Y479 : . Tool will infer PROHIBIT on those tiles to enhancement routability at the edges of PBLOCK. You may also make the PBLOCK not aligned to clock region at top/bottom edges as a solution. Please refer 'Design Consideration' in UG909 for guidelines. 
INFO: [Constraints 18-12184] Site SLICE_X117Y479 is prohibited due to Sites belong to FSR edge tile CLEL_R_X74Y479 of Pblock pblock_level1_plp
INFO: [Constraints 18-12184] Site SLICE_X118Y479 is prohibited due to Sites belong to FSR edge tile CLEM_X75Y479 of Pblock pblock_level1_plp
INFO: [Constraints 18-12184] Site SLICE_X119Y479 is prohibited due to Sites belong to FSR edge tile CLEL_R_X75Y479 of Pblock pblock_level1_plp
INFO: [Constraints 18-12184] Site SLICE_X120Y479 is prohibited due to Sites belong to FSR edge tile CLEL_R_X76Y479 of Pblock pblock_level1_plp
INFO: [Constraints 18-12184] Site SLICE_X121Y479 is prohibited due to Sites belong to FSR edge tile CLEM_X77Y479 of Pblock pblock_level1_plp
INFO: [Constraints 18-12184] Site SLICE_X122Y479 is prohibited due to Sites belong to FSR edge tile CLEM_X78Y479 of Pblock pblock_level1_plp
INFO: [Constraints 18-12184] Site SLICE_X123Y479 is prohibited due to Sites belong to FSR edge tile CLEL_R_X78Y479 of Pblock pblock_level1_plp
INFO: [Constraints 18-12184] Site SLICE_X126Y479 is prohibited due to Sites belong to FSR edge tile CLEM_X80Y479 of Pblock pblock_level1_plp
INFO: [Constraints 18-12184] Site SLICE_X127Y479 is prohibited due to Sites belong to FSR edge tile CLEL_R_X81Y479 of Pblock pblock_level1_plp
INFO: [Constraints 18-12184] Site SLICE_X128Y479 is prohibited due to Sites belong to FSR edge tile CLEM_X82Y479 of Pblock pblock_level1_plp
INFO: [Constraints 18-12184] Site SLICE_X129Y479 is prohibited due to Sites belong to FSR edge tile CLEM_X83Y479 of Pblock pblock_level1_plp
INFO: [Constraints 18-12184] Site SLICE_X130Y479 is prohibited due to Sites belong to FSR edge tile CLEL_R_X83Y479 of Pblock pblock_level1_plp
INFO: [Constraints 18-12184] Site SLICE_X131Y479 is prohibited due to Sites belong to FSR edge tile CLEL_L_X84Y479 of Pblock pblock_level1_plp
INFO: [Constraints 18-12184] Site SLICE_X132Y479 is prohibited due to Sites belong to FSR edge tile CLEL_R_X84Y479 of Pblock pblock_level1_plp
INFO: [Constraints 18-12184] Site SLICE_X133Y479 is prohibited due to Sites belong to FSR edge tile CLEM_X85Y479 of Pblock pblock_level1_plp
INFO: [Constraints 18-12184] Site SLICE_X134Y479 is prohibited due to Sites belong to FSR edge tile CLEL_R_X85Y479 of Pblock pblock_level1_plp
INFO: [Constraints 18-12184] Site SLICE_X135Y479 is prohibited due to Sites belong to FSR edge tile CLEL_L_X86Y479 of Pblock pblock_level1_plp
INFO: [Constraints 18-12184] Site SLICE_X136Y479 is prohibited due to Sites belong to FSR edge tile CLEL_R_X86Y479 of Pblock pblock_level1_plp
INFO: [Constraints 18-12184] Site SLICE_X137Y479 is prohibited due to Sites belong to FSR edge tile CLEM_X87Y479 of Pblock pblock_level1_plp
INFO: [Constraints 18-12184] Site SLICE_X138Y479 is prohibited due to Sites belong to FSR edge tile CLEL_R_X87Y479 of Pblock pblock_level1_plp
INFO: [Constraints 18-12184] Site SLICE_X141Y479 is prohibited due to Sites belong to FSR edge tile CLEM_X89Y479 of Pblock pblock_level1_plp
INFO: [Constraints 18-12184] Site SLICE_X142Y479 is prohibited due to Sites belong to FSR edge tile CLEM_X90Y479 of Pblock pblock_level1_plp
INFO: [Constraints 18-12184] Site SLICE_X143Y479 is prohibited due to Sites belong to FSR edge tile CLEL_R_X90Y479 of Pblock pblock_level1_plp
INFO: [Constraints 18-12184] Site SLICE_X144Y479 is prohibited due to Sites belong to FSR edge tile CLEL_R_X91Y479 of Pblock pblock_level1_plp
INFO: [Constraints 18-12184] Site SLICE_X145Y479 is prohibited due to Sites belong to FSR edge tile CLEM_X92Y479 of Pblock pblock_level1_plp
INFO: [Constraints 18-12184] Site SLICE_X146Y479 is prohibited due to Sites belong to FSR edge tile CLEM_X93Y479 of Pblock pblock_level1_plp
INFO: [Constraints 18-12184] Site SLICE_X147Y479 is prohibited due to Sites belong to FSR edge tile CLEL_R_X93Y479 of Pblock pblock_level1_plp
INFO: [Constraints 18-12184] Site SLICE_X148Y479 is prohibited due to Sites belong to FSR edge tile CLEL_R_X94Y479 of Pblock pblock_level1_plp
INFO: [Constraints 18-12184] Site SLICE_X149Y479 is prohibited due to Sites belong to FSR edge tile CLEM_X95Y479 of Pblock pblock_level1_plp
INFO: [Constraints 18-12184] Site SLICE_X150Y479 is prohibited due to Sites belong to FSR edge tile CLEM_X96Y479 of Pblock pblock_level1_plp
INFO: [Constraints 18-12184] Site SLICE_X151Y479 is prohibited due to Sites belong to FSR edge tile CLEL_R_X96Y479 of Pblock pblock_level1_plp
INFO: [Constraints 18-12184] Site SLICE_X154Y479 is prohibited due to Sites belong to FSR edge tile CLEM_X98Y479 of Pblock pblock_level1_plp
INFO: [Constraints 18-12184] Site SLICE_X155Y479 is prohibited due to Sites belong to FSR edge tile CLEL_R_X99Y479 of Pblock pblock_level1_plp
INFO: [Constraints 18-12184] Site SLICE_X156Y479 is prohibited due to Sites belong to FSR edge tile CLEM_X100Y479 of Pblock pblock_level1_plp
INFO: [Constraints 18-12184] Site SLICE_X157Y479 is prohibited due to Sites belong to FSR edge tile CLEM_X101Y479 of Pblock pblock_level1_plp
INFO: [Constraints 18-12184] Site SLICE_X158Y479 is prohibited due to Sites belong to FSR edge tile CLEL_R_X101Y479 of Pblock pblock_level1_plp
INFO: [Constraints 18-12184] Site SLICE_X159Y479 is prohibited due to Sites belong to FSR edge tile CLEL_L_X102Y479 of Pblock pblock_level1_plp
INFO: [Constraints 18-12184] Site SLICE_X160Y479 is prohibited due to Sites belong to FSR edge tile CLEL_R_X102Y479 of Pblock pblock_level1_plp
INFO: [Constraints 18-12184] Site SLICE_X161Y479 is prohibited due to Sites belong to FSR edge tile CLEM_X103Y479 of Pblock pblock_level1_plp
INFO: [Constraints 18-12184] Site SLICE_X162Y479 is prohibited due to Sites belong to FSR edge tile CLEM_X104Y479 of Pblock pblock_level1_plp
INFO: [Constraints 18-12184] Site SLICE_X163Y479 is prohibited due to Sites belong to FSR edge tile CLEL_R_X104Y479 of Pblock pblock_level1_plp
INFO: [Constraints 18-12184] Site SLICE_X166Y479 is prohibited due to Sites belong to FSR edge tile CLEM_X106Y479 of Pblock pblock_level1_plp
INFO: [Constraints 18-12184] Site SLICE_X167Y479 is prohibited due to Sites belong to FSR edge tile CLEM_X107Y479 of Pblock pblock_level1_plp
INFO: [Constraints 18-12184] Site SLICE_X168Y479 is prohibited due to Sites belong to FSR edge tile CLEL_R_X107Y479 of Pblock pblock_level1_plp
INFO: [Constraints 18-12184] Site SLICE_X169Y479 is prohibited due to Sites belong to FSR edge tile CLEL_L_X108Y479 of Pblock pblock_level1_plp
INFO: [Constraints 18-12184] Site SLICE_X170Y479 is prohibited due to Sites belong to FSR edge tile CLEL_R_X108Y479 of Pblock pblock_level1_plp
INFO: [Constraints 18-12184] Site SLICE_X171Y479 is prohibited due to Sites belong to FSR edge tile CLEM_X109Y479 of Pblock pblock_level1_plp
INFO: [Constraints 18-12184] Site SLICE_X172Y479 is prohibited due to Sites belong to FSR edge tile CLEL_R_X109Y479 of Pblock pblock_level1_plp
INFO: [Constraints 18-12184] Site SLICE_X173Y479 is prohibited due to Sites belong to FSR edge tile CLEL_L_X110Y479 of Pblock pblock_level1_plp
INFO: [Constraints 18-12184] Site SLICE_X174Y479 is prohibited due to Sites belong to FSR edge tile CLEL_R_X110Y479 of Pblock pblock_level1_plp
INFO: [Constraints 18-12184] Site SLICE_X175Y479 is prohibited due to Sites belong to FSR edge tile CLEM_X111Y479 of Pblock pblock_level1_plp
INFO: [Constraints 18-12184] Site SLICE_X176Y479 is prohibited due to Sites belong to FSR edge tile CLEM_X112Y479 of Pblock pblock_level1_plp
INFO: [Constraints 18-12184] Site SLICE_X177Y479 is prohibited due to Sites belong to FSR edge tile CLEL_R_X112Y479 of Pblock pblock_level1_plp
INFO: [Constraints 18-12184] Site SLICE_X178Y479 is prohibited due to Sites belong to FSR edge tile CLEL_R_X113Y479 of Pblock pblock_level1_plp
INFO: [Constraints 18-12184] Site SLICE_X179Y479 is prohibited due to Sites belong to FSR edge tile CLEM_X114Y479 of Pblock pblock_level1_plp
INFO: [Constraints 18-12184] Site SLICE_X180Y479 is prohibited due to Sites belong to FSR edge tile CLEM_X115Y479 of Pblock pblock_level1_plp
INFO: [Constraints 18-12184] Site SLICE_X181Y479 is prohibited due to Sites belong to FSR edge tile CLEL_R_X115Y479 of Pblock pblock_level1_plp
INFO: [Constraints 18-12184] Site SLICE_X184Y479 is prohibited due to Sites belong to FSR edge tile CLEM_X117Y479 of Pblock pblock_level1_plp
INFO: [Constraints 18-12184] Site SLICE_X185Y479 is prohibited due to Sites belong to FSR edge tile CLEL_R_X118Y479 of Pblock pblock_level1_plp
INFO: [Constraints 18-12184] Site SLICE_X186Y479 is prohibited due to Sites belong to FSR edge tile CLEM_X119Y479 of Pblock pblock_level1_plp
INFO: [Constraints 18-12184] Site SLICE_X187Y479 is prohibited due to Sites belong to FSR edge tile CLEM_X120Y479 of Pblock pblock_level1_plp
INFO: [Constraints 18-12184] Site SLICE_X188Y479 is prohibited due to Sites belong to FSR edge tile CLEL_R_X120Y479 of Pblock pblock_level1_plp
INFO: [Constraints 18-12184] Site SLICE_X189Y479 is prohibited due to Sites belong to FSR edge tile CLEL_L_X121Y479 of Pblock pblock_level1_plp
INFO: [Constraints 18-12184] Site SLICE_X190Y479 is prohibited due to Sites belong to FSR edge tile CLEL_R_X121Y479 of Pblock pblock_level1_plp
INFO: [Constraints 18-12184] Site SLICE_X191Y479 is prohibited due to Sites belong to FSR edge tile CLEM_X122Y479 of Pblock pblock_level1_plp
INFO: [Constraints 18-12184] Site SLICE_X192Y479 is prohibited due to Sites belong to FSR edge tile CLEM_X123Y479 of Pblock pblock_level1_plp
INFO: [Constraints 18-12184] Site SLICE_X193Y479 is prohibited due to Sites belong to FSR edge tile CLEL_R_X123Y479 of Pblock pblock_level1_plp
INFO: [Constraints 18-12184] Site SLICE_X196Y479 is prohibited due to Sites belong to FSR edge tile CLEM_X125Y479 of Pblock pblock_level1_plp
INFO: [Constraints 18-12184] Site SLICE_X197Y479 is prohibited due to Sites belong to FSR edge tile CLEM_X126Y479 of Pblock pblock_level1_plp
INFO: [Constraints 18-12184] Site SLICE_X198Y479 is prohibited due to Sites belong to FSR edge tile CLEL_R_X126Y479 of Pblock pblock_level1_plp
INFO: [Constraints 18-12184] Site SLICE_X199Y479 is prohibited due to Sites belong to FSR edge tile CLEL_L_X127Y479 of Pblock pblock_level1_plp
INFO: [Constraints 18-12184] Site SLICE_X200Y479 is prohibited due to Sites belong to FSR edge tile CLEL_R_X127Y479 of Pblock pblock_level1_plp
INFO: [Constraints 18-12184] Site SLICE_X201Y479 is prohibited due to Sites belong to FSR edge tile CLEM_X128Y479 of Pblock pblock_level1_plp
INFO: [Constraints 18-12184] Site SLICE_X202Y479 is prohibited due to Sites belong to FSR edge tile CLEL_R_X128Y479 of Pblock pblock_level1_plp
INFO: [Constraints 18-12184] Site SLICE_X118Y240 is prohibited due to Sites belong to FSR edge tile CLEM_X75Y240 of Pblock pblock_level1_plp
INFO: [Constraints 18-12184] Site SLICE_X119Y240 is prohibited due to Sites belong to FSR edge tile CLEL_R_X75Y240 of Pblock pblock_level1_plp
INFO: [Constraints 18-12184] Site SLICE_X120Y240 is prohibited due to Sites belong to FSR edge tile CLEL_R_X76Y240 of Pblock pblock_level1_plp
INFO: [Constraints 18-12184] Site SLICE_X121Y240 is prohibited due to Sites belong to FSR edge tile CLEM_X77Y240 of Pblock pblock_level1_plp
INFO: [Constraints 18-12184] Site SLICE_X122Y240 is prohibited due to Sites belong to FSR edge tile CLEM_X78Y240 of Pblock pblock_level1_plp
INFO: [Constraints 18-12184] Site SLICE_X123Y240 is prohibited due to Sites belong to FSR edge tile CLEL_R_X78Y240 of Pblock pblock_level1_plp
INFO: [Constraints 18-12184] Site SLICE_X126Y240 is prohibited due to Sites belong to FSR edge tile CLEM_X80Y240 of Pblock pblock_level1_plp
INFO: [Constraints 18-12184] Site SLICE_X127Y240 is prohibited due to Sites belong to FSR edge tile CLEL_R_X81Y240 of Pblock pblock_level1_plp
INFO: [Constraints 18-12184] Site SLICE_X128Y240 is prohibited due to Sites belong to FSR edge tile CLEM_X82Y240 of Pblock pblock_level1_plp
INFO: [Constraints 18-12184] Site SLICE_X129Y240 is prohibited due to Sites belong to FSR edge tile CLEM_X83Y240 of Pblock pblock_level1_plp
INFO: [Constraints 18-12184] Site SLICE_X130Y240 is prohibited due to Sites belong to FSR edge tile CLEL_R_X83Y240 of Pblock pblock_level1_plp
INFO: [Constraints 18-12184] Site SLICE_X131Y240 is prohibited due to Sites belong to FSR edge tile CLEL_L_X84Y240 of Pblock pblock_level1_plp
INFO: [Constraints 18-12184] Site SLICE_X132Y240 is prohibited due to Sites belong to FSR edge tile CLEL_R_X84Y240 of Pblock pblock_level1_plp
INFO: [Constraints 18-12184] Site SLICE_X133Y240 is prohibited due to Sites belong to FSR edge tile CLEM_X85Y240 of Pblock pblock_level1_plp
INFO: [Constraints 18-12184] Site SLICE_X134Y240 is prohibited due to Sites belong to FSR edge tile CLEL_R_X85Y240 of Pblock pblock_level1_plp
INFO: [Constraints 18-12184] Site SLICE_X135Y240 is prohibited due to Sites belong to FSR edge tile CLEL_L_X86Y240 of Pblock pblock_level1_plp
INFO: [Constraints 18-12184] Site SLICE_X136Y240 is prohibited due to Sites belong to FSR edge tile CLEL_R_X86Y240 of Pblock pblock_level1_plp
INFO: [Constraints 18-12184] Site SLICE_X137Y240 is prohibited due to Sites belong to FSR edge tile CLEM_X87Y240 of Pblock pblock_level1_plp
INFO: [Constraints 18-12184] Site SLICE_X138Y240 is prohibited due to Sites belong to FSR edge tile CLEL_R_X87Y240 of Pblock pblock_level1_plp
INFO: [Constraints 18-12184] Site SLICE_X141Y240 is prohibited due to Sites belong to FSR edge tile CLEM_X89Y240 of Pblock pblock_level1_plp
INFO: [Constraints 18-12184] Site SLICE_X142Y240 is prohibited due to Sites belong to FSR edge tile CLEM_X90Y240 of Pblock pblock_level1_plp
INFO: [Constraints 18-12184] Site SLICE_X143Y240 is prohibited due to Sites belong to FSR edge tile CLEL_R_X90Y240 of Pblock pblock_level1_plp
INFO: [Constraints 18-12184] Site SLICE_X144Y240 is prohibited due to Sites belong to FSR edge tile CLEL_R_X91Y240 of Pblock pblock_level1_plp
INFO: [Constraints 18-12184] Site SLICE_X145Y240 is prohibited due to Sites belong to FSR edge tile CLEM_X92Y240 of Pblock pblock_level1_plp
INFO: [Constraints 18-12184] Site SLICE_X146Y240 is prohibited due to Sites belong to FSR edge tile CLEM_X93Y240 of Pblock pblock_level1_plp
INFO: [Common 17-14] Message 'Constraints 18-12184' appears 100 times and further instances of the messages will be disabled.
WARNING: [Constraints 18-5648] For reconfigurable module level0_i/level1/level1_i/ulp, the top/bottom edges of its PBLOCK pblock_dynamic_region are aligned with clock regions. With this type of floorplan, it has limited routability at PBLOCK top/bottom edges due to routing containment requirement. The edge tiles (only listed 10) are CLEM_X75Y480 CLEL_R_X75Y480 CLEL_L_X129Y480 CLEL_R_X129Y480 CLEM_X130Y480 CLEM_X131Y480 CLEL_R_X131Y480 CLEM_X132Y480 CLEL_R_X132Y480 CLEM_X133Y480 : . Tool will infer PROHIBIT on those tiles to enhancement routability at the edges of PBLOCK. You may also make the PBLOCK not aligned to clock region at top/bottom edges as a solution. Please refer 'Design Consideration' in UG909 for guidelines. 

Phase 1.2 IO Placement/ Clock Placement/ Build Placer Device
INFO: [Timing 38-35] Done setting XDC timing constraints.
Phase 1.2 IO Placement/ Clock Placement/ Build Placer Device | Checksum: 10902a327

Time (s): cpu = 00:08:16 ; elapsed = 00:07:18 . Memory (MB): peak = 10081.109 ; gain = 347.156 ; free physical = 63751 ; free virtual = 67575

Phase 1.3 Build Placer Netlist Model
INFO: [Place 30-1040]   HIGH_PRIORITY Clock: clk_kernel_01_unbuffered_net
INFO: [Place 30-1040]   HIGH_PRIORITY Clock: pcie_ip_user_clk
INFO: [Place 30-1040]   HIGH_PRIORITY Clock: pll_clk[0]
INFO: [Place 30-1040]   HIGH_PRIORITY Clock: pll_clk[0]_DIV
INFO: [Place 30-1040]   HIGH_PRIORITY Clock: clk_out1_bd_39ab_clkwiz_level0_periph_0
INFO: [Place 30-1040]   HIGH_PRIORITY Clock: clk_kernel_00_unbuffered_net
INFO: [Place 30-1040]   HIGH_PRIORITY Clock: pll_clk[2]_1
INFO: [Place 30-1040]   HIGH_PRIORITY Clock: pll_clk[1]
INFO: [Place 30-1040]   HIGH_PRIORITY Clock: pll_clk[1]_DIV
INFO: [Place 30-1040]   HIGH_PRIORITY Clock: pll_clk[2]
INFO: [Place 30-1040]   HIGH_PRIORITY Clock: GTYE4_CHANNEL_TXOUTCLK[3]_3
INFO: [Place 30-1040]   HIGH_PRIORITY Clock: pll_clk[1]_1_DIV
INFO: [Place 30-1040]   HIGH_PRIORITY Clock: clk_out2_bd_39ab_clkwiz_level0_periph_0
INFO: [Place 30-1040]   HIGH_PRIORITY Clock: pll_clk[0]_1
INFO: [Place 30-1040]   HIGH_PRIORITY Clock: pll_clk[2]_1_DIV
INFO: [Place 30-1040]   HIGH_PRIORITY Clock: pll_clk[2]_DIV
INFO: [Place 30-1040]   HIGH_PRIORITY Clock: pll_clk[0]_1_DIV
INFO: [Place 30-1040]   HIGH_PRIORITY Clock: pll_clk[1]_1
Phase 1.3 Build Placer Netlist Model | Checksum: 18afb0fac

Time (s): cpu = 00:11:09 ; elapsed = 00:08:49 . Memory (MB): peak = 11629.480 ; gain = 1895.527 ; free physical = 62240 ; free virtual = 66067

Phase 1.4 Constrain Clocks/Macros
MIG CONSTR ADDED 1
MIG Constraint : added 1
MIG CONSTR ADDED 1
MIG Constraint : added 1
Phase 1.4 Constrain Clocks/Macros | Checksum: 18afb0fac

Time (s): cpu = 00:11:12 ; elapsed = 00:08:52 . Memory (MB): peak = 11629.480 ; gain = 1895.527 ; free physical = 62240 ; free virtual = 66067
Phase 1 Placer Initialization | Checksum: 18afb0fac

Time (s): cpu = 00:11:20 ; elapsed = 00:09:00 . Memory (MB): peak = 11629.480 ; gain = 1895.527 ; free physical = 62240 ; free virtual = 66066

Phase 2 Global Placement

Phase 2.1 Floorplanning
INFO: [Place 30-2086] Applied CLOCK_LOW_FANOUT constraint to clock net level0_i/level1/level1_i/ulp/ss_ucs/inst/aclk_kernel_00_hierarchy/clock_throttling_aclk_kernel_00/U0/Clk_Int_Cont and placed all loads in clock region(s) X4Y0
INFO: [Place 30-2086] Applied CLOCK_LOW_FANOUT constraint to clock net level0_i/level1/level1_i/ulp/ss_ucs/inst/aclk_kernel_01_hierarchy/clock_throttling_aclk_kernel_01/U0/Clk_Int_Cont and placed all loads in clock region(s) X4Y1

Phase 2.1.1 Partition Driven Placement

Phase 2.1.1.1 PBP: Partition Driven Placement
Phase 2.1.1.1 PBP: Partition Driven Placement | Checksum: 1da5187fc

Time (s): cpu = 00:13:57 ; elapsed = 00:10:21 . Memory (MB): peak = 11709.520 ; gain = 1975.566 ; free physical = 62204 ; free virtual = 66032

Phase 2.1.1.2 PBP: Clock Region Placement
WARNING: [Place 30-1995] Horizontal BUFCE_ROW programmable delay is capped at 3 for clock net level0_i/blp/blp_i/ss_hif/inst/pcie/inst/bd_39ab_pcie_0_gt_top_i/diablo_gt.diablo_gt_phy_wrapper/phy_clk_i/CLK_CORECLK due to PCIE_GT_DIFF_REGION MAX_SKEW requirements
WARNING: [Place 30-1995] Horizontal BUFCE_ROW programmable delay is capped at 3 for clock net level0_i/blp/blp_i/ss_hif/inst/pcie/inst/bd_39ab_pcie_0_gt_top_i/diablo_gt.diablo_gt_phy_wrapper/phy_clk_i/CLK_PCLK2_GT due to PCIE_GT_DIFF_REGION MAX_SKEW requirements
WARNING: [Place 30-1995] Horizontal BUFCE_ROW programmable delay is capped at 3 for clock net level0_i/blp/blp_i/ss_hif/inst/pcie/inst/bd_39ab_pcie_0_gt_top_i/diablo_gt.diablo_gt_phy_wrapper/phy_clk_i/CLK_USERCLK due to PCIE_GT_DIFF_REGION MAX_SKEW requirements
Phase 2.1.1.2 PBP: Clock Region Placement | Checksum: 252f00ef3

Time (s): cpu = 00:15:47 ; elapsed = 00:12:10 . Memory (MB): peak = 12445.520 ; gain = 2711.566 ; free physical = 61568 ; free virtual = 65396

Phase 2.1.1.3 PBP: Compute Congestion
Phase 2.1.1.3 PBP: Compute Congestion | Checksum: 252f00ef3

Time (s): cpu = 00:16:33 ; elapsed = 00:12:29 . Memory (MB): peak = 12477.535 ; gain = 2743.582 ; free physical = 61141 ; free virtual = 65396

Phase 2.1.1.4 PBP: UpdateTiming
Phase 2.1.1.4 PBP: UpdateTiming | Checksum: 2a72527e1

Time (s): cpu = 00:17:16 ; elapsed = 00:12:41 . Memory (MB): peak = 12496.121 ; gain = 2762.168 ; free physical = 61125 ; free virtual = 65380

Phase 2.1.1.5 PBP: Add part constraints
Phase 2.1.1.5 PBP: Add part constraints | Checksum: 2a72527e1

Time (s): cpu = 00:17:17 ; elapsed = 00:12:42 . Memory (MB): peak = 12496.121 ; gain = 2762.168 ; free physical = 61125 ; free virtual = 65380
Phase 2.1.1 Partition Driven Placement | Checksum: 2a72527e1

Time (s): cpu = 00:17:18 ; elapsed = 00:12:42 . Memory (MB): peak = 12496.121 ; gain = 2762.168 ; free physical = 61125 ; free virtual = 65380
Phase 2.1 Floorplanning | Checksum: 2a72527e1

Time (s): cpu = 00:17:19 ; elapsed = 00:12:43 . Memory (MB): peak = 12496.121 ; gain = 2762.168 ; free physical = 61125 ; free virtual = 65380

Phase 2.2 Physical Synthesis After Floorplan
INFO: [Physopt 32-46] Identified 60 candidate nets for critical-cell optimization.
INFO: [Physopt 32-81] Processed net level0_i/level1/level1_i/ulp/ss_ucs/inst/fanout_aresetn_ctrl/fanout_aresetn_ctrl_slr1_4/inst/q[0]. Replicated 1 times.
INFO: [Physopt 32-81] Processed net level0_i/level1/level1_i/ulp/ss_ucs/inst/axi_ic_ctrl_mgmt_top/xbar/inst/gen_sasd.crossbar_sasd_0/m_atarget_enc[0]. Replicated 1 times.
INFO: [Physopt 32-81] Processed net level0_i/level1/level1_i/ulp/ss_ucs/inst/axi_ic_ctrl_mgmt_top/xbar/inst/gen_sasd.crossbar_sasd_0/m_atarget_enc[1]. Replicated 1 times.
INFO: [Physopt 32-81] Processed net level0_i/level1/level1_i/ulp/ss_ucs/inst/axi_ic_ctrl_mgmt_top/xbar/inst/gen_sasd.crossbar_sasd_0/m_atarget_enc[2]. Replicated 1 times.
INFO: [Physopt 32-81] Processed net level0_i/level1/level1_i/ulp/ss_ucs/inst/axi_ic_ctrl_mgmt_top/xbar/inst/gen_sasd.crossbar_sasd_0/reg_slice_r/aa_rready. Replicated 1 times.
INFO: [Physopt 32-81] Processed net level0_i/level1/level1_i/ulp/ss_ucs/inst/build_info/U0/axi_lite_ipif_1/I_SLAVE_ATTACHMENT/rst. Replicated 1 times.
INFO: [Physopt 32-81] Processed net level0_i/level1/level1_i/ulp/ss_ucs/inst/axi_ic_ctrl_mgmt_top/xbar/inst/gen_sasd.crossbar_sasd_0/aresetn_d. Replicated 1 times.
INFO: [Physopt 32-81] Processed net level0_i/level1/level1_i/ulp/ss_ucs/inst/axi_ic_ctrl_mgmt_top/xbar/inst/gen_sasd.crossbar_sasd_0/addr_arbiter_inst/m_valid_i. Replicated 1 times.
INFO: [Physopt 32-81] Processed net level0_i/level1/level1_i/ulp/ss_ucs/inst/axi_ic_ctrl_mgmt_top/xbar/inst/gen_sasd.crossbar_sasd_0/addr_arbiter_inst/m_valid_i. Replicated 1 times.
INFO: [Physopt 32-81] Processed net level0_i/level1/level1_i/ulp/ss_ucs/inst/axi_ic_ctrl_mgmt_top/xbar/inst/gen_sasd.crossbar_sasd_0/addr_arbiter_inst/aa_grant_rnw. Replicated 1 times.
INFO: [Physopt 32-81] Processed net level0_i/level1/level1_i/ulp/ss_ucs/inst/axi_ic_ctrl_mgmt_top/xbar/inst/gen_sasd.crossbar_sasd_0/addr_arbiter_inst/aa_grant_rnw. Replicated 1 times.
INFO: [Physopt 32-81] Processed net level0_i/level1/level1_i/ulp/ss_ucs/inst/axi_ic_ctrl_mgmt_top/xbar/inst/gen_sasd.crossbar_sasd_0/addr_arbiter_inst/p_0_in1_in. Replicated 1 times.
INFO: [Physopt 32-81] Processed net level0_i/level1/level1_i/ulp/ss_ucs/inst/build_info/U0/axi_lite_ipif_1/I_SLAVE_ATTACHMENT/s_axi_rresp_i. Replicated 1 times.
INFO: [Physopt 32-775] End 1 Pass. Optimized 11 nets or cells. Created 13 new cells, deleted 0 existing cell and moved 0 existing cell
Netlist sorting complete. Time (s): cpu = 00:00:00.22 ; elapsed = 00:00:00.24 . Memory (MB): peak = 12496.121 ; gain = 0.000 ; free physical = 61120 ; free virtual = 65378
Netlist sorting complete. Time (s): cpu = 00:00:00.11 ; elapsed = 00:00:00.11 . Memory (MB): peak = 12496.121 ; gain = 0.000 ; free physical = 61120 ; free virtual = 65378

Summary of Physical Synthesis Optimizations
============================================


-----------------------------------------------------------------------------------------------------------------------------------------------
|  Optimization                         |  Added Cells  |  Removed Cells  |  Optimized Cells/Nets  |  Dont Touch  |  Iterations  |  Elapsed   |
-----------------------------------------------------------------------------------------------------------------------------------------------
|  PSIP Post Floorplan SLR Replication  |           13  |              0  |                    11  |           0  |           1  |  00:00:08  |
|  Total                                |           13  |              0  |                    11  |           0  |           1  |  00:00:08  |
-----------------------------------------------------------------------------------------------------------------------------------------------


Phase 2.2 Physical Synthesis After Floorplan | Checksum: 295e6af42

Time (s): cpu = 00:18:06 ; elapsed = 00:12:59 . Memory (MB): peak = 12496.121 ; gain = 2762.168 ; free physical = 61120 ; free virtual = 65378

Phase 2.3 Update Timing before SLR Path Opt
Phase 2.3 Update Timing before SLR Path Opt | Checksum: 299be09e8

Time (s): cpu = 00:18:14 ; elapsed = 00:13:02 . Memory (MB): peak = 12496.121 ; gain = 2762.168 ; free physical = 61120 ; free virtual = 65377

Phase 2.4 Post-Processing in Floorplanning
Phase 2.4 Post-Processing in Floorplanning | Checksum: 26b9e796e

Time (s): cpu = 00:18:16 ; elapsed = 00:13:04 . Memory (MB): peak = 12496.121 ; gain = 2762.168 ; free physical = 61119 ; free virtual = 65377

Phase 2.5 Global Place Phase1
Phase 2.5 Global Place Phase1 | Checksum: 1bc3533d5

Time (s): cpu = 00:32:48 ; elapsed = 00:18:40 . Memory (MB): peak = 13706.574 ; gain = 3972.621 ; free physical = 60061 ; free virtual = 64351

Phase 2.6 Global Place Phase2

Phase 2.6.1 UpdateTiming Before Physical Synthesis
Phase 2.6.1 UpdateTiming Before Physical Synthesis | Checksum: 1f966cae8

Time (s): cpu = 00:33:35 ; elapsed = 00:18:51 . Memory (MB): peak = 13706.574 ; gain = 3972.621 ; free physical = 60061 ; free virtual = 64350

Phase 2.6.2 Physical Synthesis In Placer
INFO: [Physopt 32-1035] Found 41 LUTNM shape to break, 5898 LUT instances to create LUTNM shape
INFO: [Physopt 32-1044] Break lutnm for timing: one critical 27, two critical 14, total 41, new lutff created 1
INFO: [Physopt 32-1138] End 1 Pass. Optimized 2610 nets or LUTs. Breaked 41 LUTs, combined 2569 existing LUTs and moved 0 existing LUT
INFO: [Physopt 32-1030] Pass 1. Identified 105 candidate driver sets for equivalent driver rewiring.
INFO: [Physopt 32-661] Optimized 93 nets.  Re-placed 378 instances.
INFO: [Physopt 32-775] End 1 Pass. Optimized 93 nets or cells. Created 213 new cells, deleted 248 existing cells and moved 378 existing cells
Netlist sorting complete. Time (s): cpu = 00:00:00.63 ; elapsed = 00:00:00.63 . Memory (MB): peak = 13706.574 ; gain = 0.000 ; free physical = 60060 ; free virtual = 64350
INFO: [Physopt 32-1132] Very high fanout net 'level0_i/level1/level1_i/ulp/memory_subsystem/inst/memory/ddr4_mem00/inst/u_ddr4_mem_intfc/u_ddr_mc/u_ddr_mc_ecc/rd_data_addr_dly_reg[4]_0[0]' is not considered as a candidate in VHFN optimization. The fanout considered for this optimization is changed from 1068 to 166 due to a timing constraint that prevent optimization on all of the loads. To force replication, set the FORCE_MAX_FANOUT property on the net to a number less than 166.
INFO: [Physopt 32-1132] Very high fanout net 'level0_i/level1/level1_i/ulp/memory_subsystem/inst/memory/ddr4_mem00/inst/u_ddr4_mem_intfc/u_ddr_mc/u_ddr_mc_ecc/rd_data_addr_dly_reg[4]_0[1]' is not considered as a candidate in VHFN optimization. The fanout considered for this optimization is changed from 1064 to 162 due to a timing constraint that prevent optimization on all of the loads. To force replication, set the FORCE_MAX_FANOUT property on the net to a number less than 162.
INFO: [Physopt 32-1132] Very high fanout net 'level0_i/level1/level1_i/ulp/memory_subsystem/inst/memory/ddr4_mem00/inst/u_ddr4_mem_intfc/u_ddr_mc/u_ddr_mc_ecc/rd_data_addr_dly_reg[4]_0[2]' is not considered as a candidate in VHFN optimization. The fanout considered for this optimization is changed from 1064 to 162 due to a timing constraint that prevent optimization on all of the loads. To force replication, set the FORCE_MAX_FANOUT property on the net to a number less than 162.
INFO: [Physopt 32-1132] Very high fanout net 'level0_i/level1/level1_i/ulp/memory_subsystem/inst/memory/ddr4_mem01/inst/u_ddr4_mem_intfc/u_ddr_mc/u_ddr_mc_ecc/rd_data_addr_dly_reg[4]_0[0]' is not considered as a candidate in VHFN optimization. The fanout considered for this optimization is changed from 1064 to 162 due to a timing constraint that prevent optimization on all of the loads. To force replication, set the FORCE_MAX_FANOUT property on the net to a number less than 162.
INFO: [Physopt 32-1132] Very high fanout net 'level0_i/level1/level1_i/ulp/memory_subsystem/inst/memory/ddr4_mem01/inst/u_ddr4_mem_intfc/u_ddr_mc/u_ddr_mc_ecc/rd_data_addr_dly_reg[4]_0[1]' is not considered as a candidate in VHFN optimization. The fanout considered for this optimization is changed from 1064 to 162 due to a timing constraint that prevent optimization on all of the loads. To force replication, set the FORCE_MAX_FANOUT property on the net to a number less than 162.
INFO: [Physopt 32-1132] Very high fanout net 'level0_i/level1/level1_i/ulp/memory_subsystem/inst/memory/ddr4_mem01/inst/u_ddr4_mem_intfc/u_ddr_mc/u_ddr_mc_ecc/rd_data_addr_dly_reg[4]_0[2]' is not considered as a candidate in VHFN optimization. The fanout considered for this optimization is changed from 1070 to 168 due to a timing constraint that prevent optimization on all of the loads. To force replication, set the FORCE_MAX_FANOUT property on the net to a number less than 168.
INFO: [Physopt 32-1408] Pass 1. Identified 10 candidate nets for high-fanout optimization.
INFO: [Physopt 32-81] Processed net level0_i/level1/level1_i/ulp/dinucleotide_draws_1/inst/ap_rst_n_inv. Replicated 23 times.
INFO: [Physopt 32-81] Processed net level0_i/level1/level1_i/ulp/memory_subsystem/inst/memory/ddr4_mem01/inst/u_ddr4_mem_intfc/u_ddr_cal_top/u_ddr_cal/u_ddr_cal_addr_decode/u_ddr_cal_cplx/cplx_cal. Replicated 8 times.
INFO: [Physopt 32-81] Processed net level0_i/level1/level1_i/ulp/memory_subsystem/inst/memory/ddr4_mem00/inst/u_ddr4_mem_intfc/u_ddr_cal_top/u_ddr_cal/u_ddr_cal_addr_decode/u_ddr_cal_cplx/cplx_cal. Replicated 9 times.
INFO: [Physopt 32-1483] Netlist edit fails for net level0_i/level1/level1_i/ulp/memory_subsystem/inst/memory/ddr4_mem00/inst/u_ddr_axi/axi_w_channel_0/wready_reg_0_repN_8 and pin level0_i/level1/level1_i/ulp/memory_subsystem/inst/interconnect/interconnect_ddr4_mem00/inst/m00_exit_pipeline/m00_exit/inst/w_reg/m_vector_i[1536]_i_1/I0. Please check constraints such as DONT_TOUCH on the instance, net and hierarchical instance between driver and loads.
INFO: [Physopt 32-81] Processed net level0_i/level1/level1_i/ulp/memory_subsystem/inst/memory/ddr4_mem00/inst/u_ddr_axi/axi_w_channel_0/wready_reg_0. Replicated 10 times.
INFO: [Physopt 32-1483] Netlist edit fails for net level0_i/level1/level1_i/ulp/memory_subsystem/inst/memory/ddr4_mem01/inst/u_ddr_axi/axi_w_channel_0/wready_reg_0_repN_1 and pin level0_i/level1/level1_i/ulp/memory_subsystem/inst/interconnect/interconnect_ddr4_mem01/inst/m00_exit_pipeline/m00_exit/inst/w_reg/m_vector_i[1536]_i_1/I0. Please check constraints such as DONT_TOUCH on the instance, net and hierarchical instance between driver and loads.
INFO: [Physopt 32-81] Processed net level0_i/level1/level1_i/ulp/memory_subsystem/inst/memory/ddr4_mem01/inst/u_ddr_axi/axi_w_channel_0/wready_reg_0. Replicated 9 times.
INFO: [Physopt 32-81] Processed net level0_i/level1/level1_i/ulp/dinucleotide_draws_1/inst/grp_p_anonymous_namespace_make_draw_fu_368/ap_CS_fsm_state71. Replicated 10 times.
INFO: [Physopt 32-81] Processed net level0_i/level1/level1_i/ulp/ict_axi_data_h2c_01/s00_couplers/s00_regslice/inst/r.r_pipe/S_READY. Replicated 6 times.
INFO: [Physopt 32-81] Processed net level0_i/level1/level1_i/ulp/ict_axi_data_h2c_01/xbar/inst/gen_samd.crossbar_samd/gen_master_slots[0].reg_slice_mi/r.r_pipe/s_ready_i_reg_0. Replicated 6 times.
INFO: [Physopt 32-81] Processed net level0_i/level1/level1_i/ulp/memory_subsystem/inst/interconnect/interconnect_ddr4_mem00/inst/s01_entry_pipeline/s01_mmu/inst/FSM_onehot_gen_endpoint.r_state_reg[3]_rep_n_0. Replicated 6 times.
INFO: [Physopt 32-81] Processed net level0_i/level1/level1_i/ulp/memory_subsystem/inst/interconnect/interconnect_m00_axi_mem00/inst/s00_entry_pipeline/s00_mmu/inst/FSM_onehot_gen_endpoint.r_state_reg[3]_rep_n_0. Replicated 6 times.
INFO: [Physopt 32-232] Optimized 10 nets. Created 93 new instances.
INFO: [Physopt 32-775] End 1 Pass. Optimized 10 nets or cells. Created 93 new cells, deleted 0 existing cell and moved 0 existing cell
Netlist sorting complete. Time (s): cpu = 00:00:00.47 ; elapsed = 00:00:00.47 . Memory (MB): peak = 13706.574 ; gain = 0.000 ; free physical = 60060 ; free virtual = 64350
INFO: [Physopt 32-896] DSP level0_i/blp/blp_i/ss_cmc/inst/microblaze_cmc/U0/MicroBlaze_Core_I/Performance.Core/Data_Flow_I/MUL_Unit_I/Use_HW_MUL.Using_DSP48_Architectures.Doing_mul64.Virtex_MUL64.dsp_module_I2/Using_DSP48E1.DSP48E1_I1/Using_FPGA.DSP48E1_I1 is not considered for optimization due to don't touch constraint
INFO: [Physopt 32-896] DSP level0_i/blp/blp_i/ss_cmc/inst/microblaze_cmc/U0/MicroBlaze_Core_I/Performance.Core/Data_Flow_I/MUL_Unit_I/Use_HW_MUL.Using_DSP48_Architectures.Doing_mul64.Virtex_MUL64.dsp_module_I3/Using_DSP48E1.DSP48E1_I1/Using_FPGA.DSP48E1_I1 is not considered for optimization due to don't touch constraint
INFO: [Physopt 32-896] DSP level0_i/blp/blp_i/ss_cmc/inst/microblaze_cmc/U0/MicroBlaze_Core_I/Performance.Core/Data_Flow_I/MUL_Unit_I/Use_HW_MUL.Using_DSP48_Architectures.Doing_mul64.Virtex_MUL64.dsp_module_I4/Using_DSP48E1.DSP48E1_I1/Using_FPGA.DSP48E1_I1 is not considered for optimization due to don't touch constraint
INFO: [Physopt 32-896] DSP level0_i/blp/blp_i/ss_cmc/inst/microblaze_cmc/U0/MicroBlaze_Core_I/Performance.Core/Data_Flow_I/MUL_Unit_I/Use_HW_MUL.Using_DSP48_Architectures.dsp_module_I1/Using_DSP48E1.DSP48E1_I1/Using_FPGA.DSP48E1_I1 is not considered for optimization due to don't touch constraint
INFO: [Physopt 32-456] No candidate cells for DSP register optimization found in the design.
INFO: [Physopt 32-775] End 2 Pass. Optimized 0 net or cell. Created 0 new cell, deleted 0 existing cell and moved 0 existing cell
INFO: [Physopt 32-1123] No candidate cells found for Shift Register to Pipeline optimization
INFO: [Physopt 32-775] End 2 Pass. Optimized 0 net or cell. Created 0 new cell, deleted 0 existing cell and moved 0 existing cell
INFO: [Physopt 32-1402] Pass 1: Identified 1 candidate cell for Shift Register optimization.
INFO: [Physopt 32-775] End 1 Pass. Optimized 1 net or cell. Created 8 new cells, deleted 0 existing cell and moved 0 existing cell
Netlist sorting complete. Time (s): cpu = 00:00:00.19 ; elapsed = 00:00:00.2 . Memory (MB): peak = 13706.574 ; gain = 0.000 ; free physical = 60060 ; free virtual = 64350
INFO: [Physopt 32-527] Pass 1: Identified 8 candidate cells for BRAM register optimization
INFO: [Physopt 32-665] Processed cell level0_i/level1/level1_i/ulp/dinucleotide_draws_1/inst/gmem0_m_axi_U/load_unit_0/buff_rdata/U_fifo_mem/mem_reg_0. 72 registers were pushed out.
INFO: [Physopt 32-665] Processed cell level0_i/level1/level1_i/ulp/dinucleotide_draws_1/inst/gmem0_m_axi_U/load_unit_0/buff_rdata/U_fifo_mem/mem_reg_3. 72 registers were pushed out.
INFO: [Physopt 32-665] Processed cell level0_i/level1/level1_i/ulp/dinucleotide_draws_1/inst/gmem0_m_axi_U/load_unit_0/buff_rdata/U_fifo_mem/mem_reg_1. 72 registers were pushed out.
INFO: [Physopt 32-665] Processed cell level0_i/level1/level1_i/ulp/dinucleotide_draws_1/inst/gmem0_m_axi_U/load_unit_0/buff_rdata/U_fifo_mem/mem_reg_2. 72 registers were pushed out.
INFO: [Physopt 32-665] Processed cell level0_i/level1/level1_i/ulp/dinucleotide_draws_1/inst/gmem0_m_axi_U/load_unit_0/buff_rdata/U_fifo_mem/mem_reg_6. 72 registers were pushed out.
INFO: [Physopt 32-665] Processed cell level0_i/level1/level1_i/ulp/dinucleotide_draws_1/inst/gmem0_m_axi_U/load_unit_0/buff_rdata/U_fifo_mem/mem_reg_4. 72 registers were pushed out.
INFO: [Physopt 32-665] Processed cell level0_i/level1/level1_i/ulp/dinucleotide_draws_1/inst/gmem0_m_axi_U/load_unit_0/buff_rdata/U_fifo_mem/mem_reg_5. 72 registers were pushed out.
INFO: [Physopt 32-1483] Netlist edit fails for net level0_i/level1/level1_i/ulp/memory_subsystem/inst/memory/ddr4_mem01/inst/u_ddr4_mem_intfc/u_io_addr_sync/addr_dec_to_mb_data[7]_i_11_psbram_n and pin level0_i/level1/level1_i/ulp/memory_subsystem/inst/memory/ddr4_mem01/inst/u_ddr4_mem_intfc/u_ddr_cal_top/u_ddr_cal/DDR_XSDB_BRAM/mem_inst/gen_mem[0].inst/mem_reg_bram_0/DOUTBDOUT[7]. Please check constraints such as DONT_TOUCH on the instance, net and hierarchical instance between driver and loads.
INFO: [Physopt 32-666] Processed cell level0_i/level1/level1_i/ulp/memory_subsystem/inst/memory/ddr4_mem01/inst/u_ddr4_mem_intfc/u_ddr_cal_top/u_ddr_cal/DDR_XSDB_BRAM/mem_inst/gen_mem[0].inst/mem_reg_bram_0. No change.
INFO: [Physopt 32-775] End 1 Pass. Optimized 7 nets or cells. Created 504 new cells, deleted 0 existing cell and moved 0 existing cell
Netlist sorting complete. Time (s): cpu = 00:00:00.24 ; elapsed = 00:00:00.24 . Memory (MB): peak = 13706.574 ; gain = 0.000 ; free physical = 60060 ; free virtual = 64350
INFO: [Physopt 32-846] No candidate cells for URAM register optimization found in the design
INFO: [Physopt 32-775] End 1 Pass. Optimized 0 net or cell. Created 0 new cell, deleted 0 existing cell and moved 0 existing cell
INFO: [Physopt 32-846] No candidate cells for URAM register optimization found in the design
INFO: [Physopt 32-775] End 1 Pass. Optimized 0 net or cell. Created 0 new cell, deleted 0 existing cell and moved 0 existing cell
INFO: [Physopt 32-949] No candidate nets found for dynamic/static region interface net replication
INFO: [Physopt 32-775] End 1 Pass. Optimized 0 net or cell. Created 0 new cell, deleted 0 existing cell and moved 0 existing cell
Netlist sorting complete. Time (s): cpu = 00:00:00.12 ; elapsed = 00:00:00.11 . Memory (MB): peak = 13706.574 ; gain = 0.000 ; free physical = 60060 ; free virtual = 64350
INFO: [Physopt 32-68] No nets found for critical-cell optimization.
INFO: [Physopt 32-232] Optimized 0 net. Created 0 new instance.
INFO: [Physopt 32-775] End 1 Pass. Optimized 0 net or cell. Created 0 new cell, deleted 0 existing cell and moved 0 existing cell
Netlist sorting complete. Time (s): cpu = 00:00:00.12 ; elapsed = 00:00:00.12 . Memory (MB): peak = 13706.574 ; gain = 0.000 ; free physical = 60060 ; free virtual = 64350

Summary of Physical Synthesis Optimizations
============================================


-----------------------------------------------------------------------------------------------------------------------------------------------------------
|  Optimization                                     |  Added Cells  |  Removed Cells  |  Optimized Cells/Nets  |  Dont Touch  |  Iterations  |  Elapsed   |
-----------------------------------------------------------------------------------------------------------------------------------------------------------
|  LUT Combining                                    |           41  |           2569  |                  2610  |           0  |           1  |  00:00:03  |
|  Retime                                           |            0  |              0  |                     0  |           0  |           1  |  00:00:00  |
|  Equivalent Driver Rewiring                       |          213  |            248  |                    93  |           8  |           1  |  00:00:10  |
|  Very High Fanout                                 |           93  |              0  |                    10  |           0  |           1  |  00:00:05  |
|  DSP Register                                     |            0  |              0  |                     0  |           4  |           1  |  00:00:00  |
|  Shift Register to Pipeline                       |            0  |              0  |                     0  |           0  |           1  |  00:00:00  |
|  Shift Register                                   |            8  |              0  |                     1  |           0  |           1  |  00:00:00  |
|  BRAM Register                                    |          504  |              0  |                     7  |         106  |           1  |  00:00:04  |
|  URAM Register                                    |            0  |              0  |                     0  |           0  |           1  |  00:00:01  |
|  Dynamic/Static Region Interface Net Replication  |            0  |              0  |                     0  |           0  |           1  |  00:00:00  |
|  Critical Cell                                    |            0  |              0  |                     0  |           0  |           1  |  00:00:00  |
|  Total                                            |          859  |           2817  |                  2721  |         118  |          11  |  00:00:24  |
-----------------------------------------------------------------------------------------------------------------------------------------------------------


Phase 2.6.2 Physical Synthesis In Placer | Checksum: 22a33d5e2

Time (s): cpu = 00:34:46 ; elapsed = 00:19:35 . Memory (MB): peak = 13706.574 ; gain = 3972.621 ; free physical = 60060 ; free virtual = 64349
Phase 2.6 Global Place Phase2 | Checksum: 22b4ba482

Time (s): cpu = 00:38:05 ; elapsed = 00:21:30 . Memory (MB): peak = 13706.574 ; gain = 3972.621 ; free physical = 60031 ; free virtual = 64321
Phase 2 Global Placement | Checksum: 22b4ba482

Time (s): cpu = 00:38:06 ; elapsed = 00:21:31 . Memory (MB): peak = 13706.574 ; gain = 3972.621 ; free physical = 60031 ; free virtual = 64321

Phase 3 Detail Placement

Phase 3.1 Commit Multi Column Macros
Phase 3.1 Commit Multi Column Macros | Checksum: 302b73a74

Time (s): cpu = 00:39:34 ; elapsed = 00:22:03 . Memory (MB): peak = 13706.574 ; gain = 3972.621 ; free physical = 60037 ; free virtual = 64327

Phase 3.2 Commit Most Macros & LUTRAMs
Phase 3.2 Commit Most Macros & LUTRAMs | Checksum: 16cdfcf93

Time (s): cpu = 00:40:20 ; elapsed = 00:22:23 . Memory (MB): peak = 13706.574 ; gain = 3972.621 ; free physical = 60035 ; free virtual = 64326

Phase 3.3 Small Shape DP

Phase 3.3.1 Small Shape Clustering
Phase 3.3.1 Small Shape Clustering | Checksum: 2f2171c54

Time (s): cpu = 00:44:41 ; elapsed = 00:24:21 . Memory (MB): peak = 13706.574 ; gain = 3972.621 ; free physical = 60033 ; free virtual = 64323

Phase 3.3.2 Slice Area Swap

Phase 3.3.2.1 Slice Area Swap Initial
Phase 3.3.2.1 Slice Area Swap Initial | Checksum: 26a38eb30

Time (s): cpu = 00:45:00 ; elapsed = 00:24:31 . Memory (MB): peak = 13745.309 ; gain = 4011.355 ; free physical = 59977 ; free virtual = 64268
Phase 3.3.2 Slice Area Swap | Checksum: 276a97d96

Time (s): cpu = 00:45:41 ; elapsed = 00:25:10 . Memory (MB): peak = 13745.309 ; gain = 4011.355 ; free physical = 59972 ; free virtual = 64263
Phase 3.3 Small Shape DP | Checksum: 26b88fe23

Time (s): cpu = 00:46:18 ; elapsed = 00:25:21 . Memory (MB): peak = 13745.309 ; gain = 4011.355 ; free physical = 59972 ; free virtual = 64263

Phase 3.4 Place Remaining
Phase 3.4 Place Remaining | Checksum: 26b88fe23

Time (s): cpu = 00:46:21 ; elapsed = 00:25:23 . Memory (MB): peak = 13745.309 ; gain = 4011.355 ; free physical = 59972 ; free virtual = 64263

Phase 3.5 Re-assign LUT pins
Phase 3.5 Re-assign LUT pins | Checksum: 3065484a9

Time (s): cpu = 00:47:19 ; elapsed = 00:25:43 . Memory (MB): peak = 13777.324 ; gain = 4043.371 ; free physical = 59972 ; free virtual = 64263

Phase 3.6 Pipeline Register Optimization
Phase 3.6 Pipeline Register Optimization | Checksum: 3065484a9

Time (s): cpu = 00:48:09 ; elapsed = 00:26:31 . Memory (MB): peak = 13777.324 ; gain = 4043.371 ; free physical = 59972 ; free virtual = 64263

Phase 3.7 Fast Optimization
Phase 3.7 Fast Optimization | Checksum: 26461dad9

Time (s): cpu = 00:51:07 ; elapsed = 00:27:09 . Memory (MB): peak = 13809.340 ; gain = 4075.387 ; free physical = 59971 ; free virtual = 64262
Phase 3 Detail Placement | Checksum: 26461dad9

Time (s): cpu = 00:51:10 ; elapsed = 00:27:10 . Memory (MB): peak = 13809.340 ; gain = 4075.387 ; free physical = 59971 ; free virtual = 64262

Phase 4 Post Placement Optimization and Clean-Up

Phase 4.1 Post Commit Optimization
INFO: [Timing 38-35] Done setting XDC timing constraints.
WARNING: [Place 30-1995] Horizontal BUFCE_ROW programmable delay is capped at 3 for clock net level0_i/blp/blp_i/ss_hif/inst/pcie/inst/bd_39ab_pcie_0_gt_top_i/diablo_gt.diablo_gt_phy_wrapper/phy_clk_i/CLK_CORECLK due to PCIE_GT_DIFF_REGION MAX_SKEW requirements
WARNING: [Place 30-1995] Horizontal BUFCE_ROW programmable delay is capped at 3 for clock net level0_i/blp/blp_i/ss_hif/inst/pcie/inst/bd_39ab_pcie_0_gt_top_i/diablo_gt.diablo_gt_phy_wrapper/phy_clk_i/CLK_PCLK2_GT due to PCIE_GT_DIFF_REGION MAX_SKEW requirements
WARNING: [Place 30-1995] Horizontal BUFCE_ROW programmable delay is capped at 3 for clock net level0_i/blp/blp_i/ss_hif/inst/pcie/inst/bd_39ab_pcie_0_gt_top_i/diablo_gt.diablo_gt_phy_wrapper/phy_clk_i/CLK_USERCLK due to PCIE_GT_DIFF_REGION MAX_SKEW requirements

Phase 4.1.1 Post Placement Optimization
Post Placement Optimization Initialization | Checksum: 1bc875254

Phase 4.1.1.1 BUFG Insertion

Starting Physical Synthesis Task

Phase 1 Physical Synthesis Initialization
INFO: [Physopt 32-721] Multithreading enabled for phys_opt_design using a maximum of 8 CPUs
INFO: [Physopt 32-619] Estimated Timing Summary | WNS=0.017 | TNS=0.000 |
Phase 1 Physical Synthesis Initialization | Checksum: f3e1507d

Time (s): cpu = 00:00:18 ; elapsed = 00:00:04 . Memory (MB): peak = 13809.340 ; gain = 0.000 ; free physical = 59927 ; free virtual = 64218
INFO: [Place 46-35] Processed net level0_i/level1/level1_i/ulp/ss_ucs/inst/aclk_kernel_00_hierarchy/clkwiz_aclk_kernel_00/inst/AXI_LITE_IPIF_I/I_SLAVE_ATTACHMENT/rst_reg_0, inserted BUFG to drive 1087 loads.
INFO: [Place 46-35] Processed net level0_i/level1/level1_i/ulp/ss_ucs/inst/aclk_kernel_01_hierarchy/clkwiz_aclk_kernel_01/inst/AXI_LITE_IPIF_I/I_SLAVE_ATTACHMENT/rst_reg_0, inserted BUFG to drive 1087 loads.
INFO: [Place 46-56] BUFG insertion identified 2 candidate nets. Inserted BUFG: 2, Replicated BUFG Driver: 0, Skipped due to Placement/Routing Conflicts: 0, Skipped due to Timing Degradation: 0, Skipped due to netlist editing failed: 0.
Ending Physical Synthesis Task | Checksum: 1877bbce7

Time (s): cpu = 00:00:33 ; elapsed = 00:00:15 . Memory (MB): peak = 13809.340 ; gain = 0.000 ; free physical = 59927 ; free virtual = 64218
Phase 4.1.1.1 BUFG Insertion | Checksum: 1ed591007

Time (s): cpu = 00:55:32 ; elapsed = 00:28:51 . Memory (MB): peak = 13809.340 ; gain = 4075.387 ; free physical = 59927 ; free virtual = 64218

Phase 4.1.1.2 BUFG Replication
INFO: [Place 46-63] BUFG replication identified 0 candidate nets: Replicated nets: 0, Replicated BUFGs: 0, Replicated BUFG Driver: 0, moved BUFGs: 0, Skipped due to Placement / Routing Conflict: 0, Skipped due to Timing: 0, Skipped due to constraints: 0
Phase 4.1.1.2 BUFG Replication | Checksum: 1ed591007

Time (s): cpu = 00:55:35 ; elapsed = 00:28:52 . Memory (MB): peak = 13809.340 ; gain = 4075.387 ; free physical = 59927 ; free virtual = 64218

Phase 4.1.1.3 Post Placement Timing Optimization
INFO: [Place 30-746] Post Placement Timing Summary WNS=0.017. For the most accurate timing information please run report_timing.
Phase 4.1.1.3 Post Placement Timing Optimization | Checksum: 1f70c8443

Time (s): cpu = 00:56:41 ; elapsed = 00:29:40 . Memory (MB): peak = 13809.340 ; gain = 4075.387 ; free physical = 59927 ; free virtual = 64218

Phase 4.1.1.4 Replication
INFO: [Place 46-19] Post Replication Timing Summary WNS=0.017. For the most accurate timing information please run report_timing.
Phase 4.1.1.4 Replication | Checksum: 218c14c1e

Time (s): cpu = 00:56:46 ; elapsed = 00:29:43 . Memory (MB): peak = 13809.340 ; gain = 4075.387 ; free physical = 59927 ; free virtual = 64218

Time (s): cpu = 00:56:46 ; elapsed = 00:29:44 . Memory (MB): peak = 13809.340 ; gain = 4075.387 ; free physical = 59927 ; free virtual = 64218
Phase 4.1 Post Commit Optimization | Checksum: 218c14c1e

Time (s): cpu = 00:56:49 ; elapsed = 00:29:45 . Memory (MB): peak = 13809.340 ; gain = 4075.387 ; free physical = 59927 ; free virtual = 64218
WARNING: [Place 30-1995] Horizontal BUFCE_ROW programmable delay is capped at 3 for clock net level0_i/blp/blp_i/ss_hif/inst/pcie/inst/bd_39ab_pcie_0_gt_top_i/diablo_gt.diablo_gt_phy_wrapper/phy_clk_i/CLK_CORECLK due to PCIE_GT_DIFF_REGION MAX_SKEW requirements
WARNING: [Place 30-1995] Horizontal BUFCE_ROW programmable delay is capped at 3 for clock net level0_i/blp/blp_i/ss_hif/inst/pcie/inst/bd_39ab_pcie_0_gt_top_i/diablo_gt.diablo_gt_phy_wrapper/phy_clk_i/CLK_PCLK2_GT due to PCIE_GT_DIFF_REGION MAX_SKEW requirements
WARNING: [Place 30-1995] Horizontal BUFCE_ROW programmable delay is capped at 3 for clock net level0_i/blp/blp_i/ss_hif/inst/pcie/inst/bd_39ab_pcie_0_gt_top_i/diablo_gt.diablo_gt_phy_wrapper/phy_clk_i/CLK_USERCLK due to PCIE_GT_DIFF_REGION MAX_SKEW requirements
Netlist sorting complete. Time (s): cpu = 00:00:00.16 ; elapsed = 00:00:00.17 . Memory (MB): peak = 14022.184 ; gain = 0.000 ; free physical = 59708 ; free virtual = 63999

Phase 4.2 Post Placement Cleanup
Phase 4.2 Post Placement Cleanup | Checksum: 2824901f3

Time (s): cpu = 00:58:42 ; elapsed = 00:30:44 . Memory (MB): peak = 14022.184 ; gain = 4288.230 ; free physical = 59709 ; free virtual = 64000

Phase 4.3 Placer Reporting

Phase 4.3.1 Print Estimated Congestion
INFO: [Place 30-612] Post-Placement Estimated Congestion 
 ________________________________________________________________________
|           | Global Congestion | Long Congestion   | Short Congestion  |
| Direction | Region Size       | Region Size       | Region Size       |
|___________|___________________|___________________|___________________|
|      North|                8x8|                8x8|              16x16|
|___________|___________________|___________________|___________________|
|      South|                8x8|              16x16|                8x8|
|___________|___________________|___________________|___________________|
|       East|                2x2|                1x1|              16x16|
|___________|___________________|___________________|___________________|
|       West|                8x8|                2x2|              16x16|
|___________|___________________|___________________|___________________|

SLR0:
 ________________________________________________________________________
|           | Global Congestion | Long Congestion   | Short Congestion  |
| Direction | Region Size       | Region Size       | Region Size       |
|___________|___________________|___________________|___________________|
|      North|                1x1|                4x4|                2x2|
|___________|___________________|___________________|___________________|
|      South|                1x1|                1x1|                2x2|
|___________|___________________|___________________|___________________|
|       East|                1x1|                1x1|              16x16|
|___________|___________________|___________________|___________________|
|       West|                1x1|                1x1|                8x8|
|___________|___________________|___________________|___________________|

SLR1:
 ________________________________________________________________________
|           | Global Congestion | Long Congestion   | Short Congestion  |
| Direction | Region Size       | Region Size       | Region Size       |
|___________|___________________|___________________|___________________|
|      North|                8x8|                8x8|              16x16|
|___________|___________________|___________________|___________________|
|      South|                8x8|              16x16|                8x8|
|___________|___________________|___________________|___________________|
|       East|                2x2|                1x1|              16x16|
|___________|___________________|___________________|___________________|
|       West|                8x8|                1x1|              16x16|
|___________|___________________|___________________|___________________|

SLR2:
 ________________________________________________________________________
|           | Global Congestion | Long Congestion   | Short Congestion  |
| Direction | Region Size       | Region Size       | Region Size       |
|___________|___________________|___________________|___________________|
|      North|                1x1|                2x2|                2x2|
|___________|___________________|___________________|___________________|
|      South|                1x1|                4x4|                1x1|
|___________|___________________|___________________|___________________|
|       East|                2x2|                1x1|                4x4|
|___________|___________________|___________________|___________________|
|       West|                8x8|                2x2|                8x8|
|___________|___________________|___________________|___________________|

SLR3:
 ________________________________________________________________________
|           | Global Congestion | Long Congestion   | Short Congestion  |
| Direction | Region Size       | Region Size       | Region Size       |
|___________|___________________|___________________|___________________|
|      North|                1x1|                1x1|                1x1|
|___________|___________________|___________________|___________________|
|      South|                1x1|                1x1|                1x1|
|___________|___________________|___________________|___________________|
|       East|                1x1|                1x1|                1x1|
|___________|___________________|___________________|___________________|
|       West|                1x1|                1x1|                1x1|
|___________|___________________|___________________|___________________|

Phase 4.3.1 Print Estimated Congestion | Checksum: 2824901f3

Time (s): cpu = 00:58:45 ; elapsed = 00:30:45 . Memory (MB): peak = 14022.184 ; gain = 4288.230 ; free physical = 59709 ; free virtual = 64000
Phase 4.3 Placer Reporting | Checksum: 2824901f3

Time (s): cpu = 00:58:48 ; elapsed = 00:30:45 . Memory (MB): peak = 14022.184 ; gain = 4288.230 ; free physical = 59709 ; free virtual = 64000

Phase 4.4 Final Placement Cleanup
Netlist sorting complete. Time (s): cpu = 00:00:00.11 ; elapsed = 00:00:00.12 . Memory (MB): peak = 14022.184 ; gain = 0.000 ; free physical = 59709 ; free virtual = 64000

Time (s): cpu = 00:58:48 ; elapsed = 00:30:45 . Memory (MB): peak = 14022.184 ; gain = 4288.230 ; free physical = 59709 ; free virtual = 64000
Phase 4 Post Placement Optimization and Clean-Up | Checksum: 26d0a7730

Time (s): cpu = 00:58:50 ; elapsed = 00:30:46 . Memory (MB): peak = 14022.184 ; gain = 4288.230 ; free physical = 59709 ; free virtual = 64000
Ending Placer Task | Checksum: 1cd80c0fc

Time (s): cpu = 00:58:53 ; elapsed = 00:30:47 . Memory (MB): peak = 14022.184 ; gain = 4288.230 ; free physical = 59709 ; free virtual = 64000
643 Infos, 570 Warnings, 2 Critical Warnings and 0 Errors encountered.
place_design completed successfully
place_design: Time (s): cpu = 01:00:10 ; elapsed = 00:31:17 . Memory (MB): peak = 14022.184 ; gain = 4288.230 ; free physical = 59709 ; free virtual = 64000
source /home/devsounio/darwin-atlas-phase-l/build-authorized/_x/link/vivado/vpl/scripts/impl_1/_full_place_post.tcl
report_accelerator_utilization: Time (s): cpu = 00:00:11 ; elapsed = 00:00:12 . Memory (MB): peak = 14022.184 ; gain = 0.000 ; free physical = 59703 ; free virtual = 63995
INFO: System Diagram: Run step: placed

report_utilization: Time (s): cpu = 00:00:31 ; elapsed = 00:00:31 . Memory (MB): peak = 14022.184 ; gain = 0.000 ; free physical = 59704 ; free virtual = 63995
report_utilization: Time (s): cpu = 00:00:21 ; elapsed = 00:00:21 . Memory (MB): peak = 14022.184 ; gain = 0.000 ; free physical = 59704 ; free virtual = 63995
Command: phys_opt_design
Attempting to get a license for feature 'Implementation' and/or device 'xcu250'
INFO: [Common 17-349] Got license for feature 'Implementation' and/or device 'xcu250'

Starting Initial Update Timing Task
WARNING: [Timing 38-172] LUT was found on clock network. Both rising/falling clock edges are propagated from LUT output pin. Use set_clock_sense to specify if that clock should be inverted or not. e.g. set_clock_sense -positive/-negative level0_i/blp/blp_i/ss_cmp/inst/mgmt_debug_bridge/inst/bs_mux/inst/update_INST_0/O

Time (s): cpu = 00:01:53 ; elapsed = 00:00:31 . Memory (MB): peak = 14022.184 ; gain = 0.000 ; free physical = 59720 ; free virtual = 64013
INFO: [Vivado_Tcl 4-2279] Estimated Timing Summary | WNS= 0.057 | TNS= 0.000 | 
INFO: [Vivado_Tcl 4-383] Design worst setup slack (WNS) is greater than or equal to 0.000 ns. All physical synthesis setup optimizations will be skipped.
INFO: [Vivado_Tcl 4-232] No setup violation found. The netlist was not modified.
INFO: [Common 17-83] Releasing license: Implementation
648 Infos, 571 Warnings, 2 Critical Warnings and 0 Errors encountered.
phys_opt_design completed successfully
phys_opt_design: Time (s): cpu = 00:02:14 ; elapsed = 00:00:39 . Memory (MB): peak = 14022.184 ; gain = 0.000 ; free physical = 59720 ; free virtual = 64013
Command: route_design
Attempting to get a license for feature 'Implementation' and/or device 'xcu250'
INFO: [Common 17-349] Got license for feature 'Implementation' and/or device 'xcu250'


Starting Routing Task
INFO: [Route 35-254] Multithreading enabled for route_design using a maximum of 8 CPUs

Phase 1 Build RT Design
Checksum: PlaceDB: f2850b64 ConstDB: 0 ShapeSum: 72613a9 RouteDB: d3d5a1ef
Nodegraph reading from file.  Time (s): cpu = 00:00:01 ; elapsed = 00:00:02 . Memory (MB): peak = 14022.184 ; gain = 0.000 ; free physical = 59702 ; free virtual = 64004
WARNING: [Route 35-4443] Found PPLoc constraint on local node INT_X79Y432/INT_NODE_SDQ_48_INT_OUT1 (type: NODE_LONG_LOCAL) for net level0_i/level1/level1_i/level1_pipe/inst/pxi_ii_core/inst/s_ip_axi_data_c2h_00/inst/aw.aw_pipe/M_PAYLOAD_DATA[20]. It is not advisable to constraint an unbuffered node from timing as well as route-ability point of view.
WARNING: [Route 35-4443] Found PPLoc constraint on local node INT_X79Y436/INT_NODE_SDQ_94_INT_OUT0 (type: NODE_LONG_LOCAL) for net level0_i/level1/level1_i/level1_pipe/inst/pxi_ii_core/inst/s_ip_axi_data_c2h_00/inst/aw.aw_pipe/M_PAYLOAD_DATA[21]. It is not advisable to constraint an unbuffered node from timing as well as route-ability point of view.
WARNING: [Route 35-4443] Found PPLoc constraint on local node INT_X88Y450/INT_NODE_SDQ_81_INT_OUT0 (type: NODE_LONG_LOCAL) for net level0_i/level1/level1_i/level1_pipe/inst/pxi_ii_core/inst/s_ip_axi_data_h2c_02/inst/b.b_pipe/Q[0]. It is not advisable to constraint an unbuffered node from timing as well as route-ability point of view.
WARNING: [Route 35-4443] Found PPLoc constraint on local node INT_X88Y447/INT_NODE_SDQ_61_INT_OUT0 (type: NODE_LONG_LOCAL) for net level0_i/level1/level1_i/level1_pipe/inst/pxi_ii_core/inst/s_ip_axi_data_h2c_02/inst/b.b_pipe/Q[1]. It is not advisable to constraint an unbuffered node from timing as well as route-ability point of view.
WARNING: [Route 35-4443] Found PPLoc constraint on local node INT_X88Y452/INT_NODE_SDQ_85_INT_OUT0 (type: NODE_LONG_LOCAL) for net level0_i/level1/level1_i/level1_pipe/inst/pxi_ii_core/inst/s_ip_axi_data_h2c_02/inst/r.r_pipe/M_PAYLOAD_DATA[210]. It is not advisable to constraint an unbuffered node from timing as well as route-ability point of view.
WARNING: [Route 35-4443] Found PPLoc constraint on local node INT_X88Y440/INT_NODE_SDQ_86_INT_OUT1 (type: NODE_LONG_LOCAL) for net level0_i/level1/level1_i/level1_pipe/inst/pxi_ii_core/inst/s_ip_axi_data_h2c_02/inst/r.r_pipe/M_PAYLOAD_DATA[211]. It is not advisable to constraint an unbuffered node from timing as well as route-ability point of view.
WARNING: [Route 35-4443] Found PPLoc constraint on local node INT_X88Y437/INT_NODE_SDQ_84_INT_OUT1 (type: NODE_LONG_LOCAL) for net level0_i/level1/level1_i/level1_pipe/inst/pxi_ii_core/inst/s_ip_axi_data_h2c_02/inst/r.r_pipe/M_PAYLOAD_DATA[294]. It is not advisable to constraint an unbuffered node from timing as well as route-ability point of view.
WARNING: [Route 35-4443] Found PPLoc constraint on local node INT_X88Y431/INT_NODE_SDQ_85_INT_OUT0 (type: NODE_LONG_LOCAL) for net level0_i/level1/level1_i/level1_pipe/inst/pxi_ii_core/inst/s_ip_axi_data_h2c_02/inst/r.r_pipe/M_PAYLOAD_DATA[295]. It is not advisable to constraint an unbuffered node from timing as well as route-ability point of view.
WARNING: [Route 35-4443] Found PPLoc constraint on local node INT_X88Y448/INT_NODE_SDQ_81_INT_OUT0 (type: NODE_LONG_LOCAL) for net level0_i/level1/level1_i/level1_pipe/inst/pxi_ii_core/inst/s_ip_axi_data_h2c_02/inst/r.r_pipe/M_PAYLOAD_DATA[336]. It is not advisable to constraint an unbuffered node from timing as well as route-ability point of view.
WARNING: [Route 35-4443] Found PPLoc constraint on local node INT_X88Y446/INT_NODE_SDQ_50_INT_OUT1 (type: NODE_LONG_LOCAL) for net level0_i/level1/level1_i/level1_pipe/inst/pxi_ii_core/inst/s_ip_axi_data_h2c_02/inst/r.r_pipe/M_PAYLOAD_DATA[337]. It is not advisable to constraint an unbuffered node from timing as well as route-ability point of view.
WARNING: [Route 35-4443] Found PPLoc constraint on local node INT_X88Y437/INT_NODE_SDQ_57_INT_OUT1 (type: NODE_LONG_LOCAL) for net level0_i/level1/level1_i/level1_pipe/inst/pxi_ii_core/inst/s_ip_axi_data_h2c_02/inst/r.r_pipe/M_PAYLOAD_DATA[440]. It is not advisable to constraint an unbuffered node from timing as well as route-ability point of view.
WARNING: [Route 35-4443] Found PPLoc constraint on local node INT_X88Y449/SDQNODE_W_93_FT0 (type: NODE_LONG_LOCAL) for net level0_i/level1/level1_i/level1_pipe/inst/pxi_ii_core/inst/s_ip_axi_data_h2c_02/inst/r.r_pipe/M_PAYLOAD_DATA[441]. It is not advisable to constraint an unbuffered node from timing as well as route-ability point of view.
WARNING: [Route 35-4443] Found PPLoc constraint on local node INT_X88Y470/INT_NODE_SDQ_85_INT_OUT0 (type: NODE_LONG_LOCAL) for net level0_i/level1/level1_i/level1_pipe/inst/pxi_ii_core/inst/s_ip_axi_data_h2c_02/inst/r.r_pipe/M_PAYLOAD_DATA[246]. It is not advisable to constraint an unbuffered node from timing as well as route-ability point of view.
WARNING: [Route 35-4443] Found PPLoc constraint on local node INT_X88Y435/INT_NODE_SDQ_80_INT_OUT0 (type: NODE_LONG_LOCAL) for net level0_i/level1/level1_i/level1_pipe/inst/pxi_ii_core/inst/s_ip_axi_data_h2c_02/inst/r.r_pipe/M_PAYLOAD_DATA[247]. It is not advisable to constraint an unbuffered node from timing as well as route-ability point of view.
WARNING: [Route 35-4443] Found PPLoc constraint on local node INT_X88Y445/INT_NODE_SDQ_63_INT_OUT1 (type: NODE_LONG_LOCAL) for net level0_i/level1/level1_i/level1_pipe/inst/pxi_ii_core/inst/s_ip_axi_data_h2c_02/inst/r.r_pipe/M_PAYLOAD_DATA[386]. It is not advisable to constraint an unbuffered node from timing as well as route-ability point of view.
WARNING: [Route 35-4443] Found PPLoc constraint on local node INT_X88Y469/INT_NODE_SDQ_48_INT_OUT1 (type: NODE_LONG_LOCAL) for net level0_i/level1/level1_i/level1_pipe/inst/pxi_ii_core/inst/s_ip_axi_data_h2c_02/inst/r.r_pipe/M_PAYLOAD_DATA[387]. It is not advisable to constraint an unbuffered node from timing as well as route-ability point of view.
WARNING: [Route 35-4443] Found PPLoc constraint on local node INT_X88Y467/INT_NODE_SDQ_88_INT_OUT0 (type: NODE_LOCAL) for net level0_i/level1/level1_i/level1_pipe/inst/pxi_ii_core/inst/s_ip_axi_data_h2c_02/inst/r.r_pipe/M_PAYLOAD_DATA[392]. It is not advisable to constraint an unbuffered node from timing as well as route-ability point of view.
WARNING: [Route 35-4443] Found PPLoc constraint on local node INT_X88Y476/INT_NODE_SDQ_86_INT_OUT1 (type: NODE_LONG_LOCAL) for net level0_i/level1/level1_i/level1_pipe/inst/pxi_ii_core/inst/s_ip_axi_data_h2c_02/inst/r.r_pipe/M_PAYLOAD_DATA[393]. It is not advisable to constraint an unbuffered node from timing as well as route-ability point of view.
WARNING: [Route 35-4443] Found PPLoc constraint on local node INT_X88Y471/INT_NODE_SDQ_63_INT_OUT1 (type: NODE_LONG_LOCAL) for net level0_i/level1/level1_i/level1_pipe/inst/pxi_ii_core/inst/s_ip_axi_data_h2c_02/inst/r.r_pipe/M_PAYLOAD_DATA[402]. It is not advisable to constraint an unbuffered node from timing as well as route-ability point of view.
WARNING: [Route 35-4443] Found PPLoc constraint on local node INT_X88Y472/INT_NODE_SDQ_81_INT_OUT1 (type: NODE_LONG_LOCAL) for net level0_i/level1/level1_i/level1_pipe/inst/pxi_ii_core/inst/s_ip_axi_data_h2c_02/inst/r.r_pipe/M_PAYLOAD_DATA[403]. It is not advisable to constraint an unbuffered node from timing as well as route-ability point of view.
WARNING: [Route 35-4443] Found PPLoc constraint on local node INT_X88Y476/INT_NODE_SDQ_92_INT_OUT1 (type: NODE_LONG_LOCAL) for net level0_i/level1/level1_i/level1_pipe/inst/pxi_ii_core/inst/s_ip_axi_data_h2c_02/inst/r.r_pipe/M_PAYLOAD_DATA[306]. It is not advisable to constraint an unbuffered node from timing as well as route-ability point of view.
WARNING: [Route 35-4443] Found PPLoc constraint on local node INT_X88Y464/INT_NODE_SDQ_81_INT_OUT1 (type: NODE_LONG_LOCAL) for net level0_i/level1/level1_i/level1_pipe/inst/pxi_ii_core/inst/s_ip_axi_data_h2c_02/inst/r.r_pipe/M_PAYLOAD_DATA[307]. It is not advisable to constraint an unbuffered node from timing as well as route-ability point of view.
WARNING: [Route 35-4443] Found PPLoc constraint on local node INT_X88Y458/INT_NODE_SDQ_90_INT_OUT0 (type: NODE_LONG_LOCAL) for net level0_i/level1/level1_i/level1_pipe/inst/pxi_ii_core/inst/s_ip_axi_data_h2c_02/inst/r.r_pipe/M_PAYLOAD_DATA[488]. It is not advisable to constraint an unbuffered node from timing as well as route-ability point of view.
WARNING: [Route 35-4443] Found PPLoc constraint on local node INT_X88Y471/INT_NODE_SDQ_90_INT_OUT0 (type: NODE_LONG_LOCAL) for net level0_i/level1/level1_i/level1_pipe/inst/pxi_ii_core/inst/s_ip_axi_data_h2c_02/inst/r.r_pipe/M_PAYLOAD_DATA[489]. It is not advisable to constraint an unbuffered node from timing as well as route-ability point of view.
WARNING: [Route 35-4443] Found PPLoc constraint on local node INT_X88Y471/SDQNODE_W_93_FT0 (type: NODE_LONG_LOCAL) for net level0_i/level1/level1_i/level1_pipe/inst/pxi_ii_core/inst/s_ip_axi_data_h2c_02/inst/r.r_pipe/M_PAYLOAD_DATA[60]. It is not advisable to constraint an unbuffered node from timing as well as route-ability point of view.
WARNING: [Route 35-4443] Found PPLoc constraint on local node INT_X88Y459/INT_NODE_SDQ_63_INT_OUT1 (type: NODE_LONG_LOCAL) for net level0_i/level1/level1_i/level1_pipe/inst/pxi_ii_core/inst/s_ip_axi_data_h2c_02/inst/r.r_pipe/M_PAYLOAD_DATA[61]. It is not advisable to constraint an unbuffered node from timing as well as route-ability point of view.
WARNING: [Route 35-4443] Found PPLoc constraint on local node INT_X88Y433/INT_NODE_SDQ_78_INT_OUT0 (type: NODE_LONG_LOCAL) for net level0_i/level1/level1_i/level1_pipe/inst/pxi_ii_core/inst/s_ip_axi_data_h2c_02/inst/r.r_pipe/M_PAYLOAD_DATA[70]. It is not advisable to constraint an unbuffered node from timing as well as route-ability point of view.
WARNING: [Route 35-4443] Found PPLoc constraint on local node INT_X88Y471/INT_NODE_SDQ_89_INT_OUT1 (type: NODE_LONG_LOCAL) for net level0_i/level1/level1_i/level1_pipe/inst/pxi_ii_core/inst/s_ip_axi_data_h2c_02/inst/r.r_pipe/M_PAYLOAD_DATA[71]. It is not advisable to constraint an unbuffered node from timing as well as route-ability point of view.
WARNING: [Route 35-4443] Found PPLoc constraint on local node INT_X88Y433/INT_NODE_SDQ_71_INT_OUT1 (type: NODE_LONG_LOCAL) for net level0_i/level1/level1_i/level1_pipe/inst/pxi_ii_core/inst/s_ip_axi_data_h2c_02/inst/r.r_pipe/M_PAYLOAD_DATA[138]. It is not advisable to constraint an unbuffered node from timing as well as route-ability point of view.
WARNING: [Route 35-4443] Found PPLoc constraint on local node INT_X88Y471/INT_NODE_SDQ_49_INT_OUT1 (type: NODE_LONG_LOCAL) for net level0_i/level1/level1_i/level1_pipe/inst/pxi_ii_core/inst/s_ip_axi_data_h2c_02/inst/r.r_pipe/M_PAYLOAD_DATA[139]. It is not advisable to constraint an unbuffered node from timing as well as route-ability point of view.
WARNING: [Route 35-4443] Found PPLoc constraint on local node INT_X88Y462/INT_NODE_SDQ_92_INT_OUT1 (type: NODE_LONG_LOCAL) for net level0_i/level1/level1_i/level1_pipe/inst/pxi_ii_core/inst/s_ip_axi_data_h2c_02/inst/r.r_pipe/M_PAYLOAD_DATA[250]. It is not advisable to constraint an unbuffered node from timing as well as route-ability point of view.
WARNING: [Route 35-4443] Found PPLoc constraint on local node INT_X88Y432/INT_NODE_SDQ_81_INT_OUT0 (type: NODE_LONG_LOCAL) for net level0_i/level1/level1_i/level1_pipe/inst/pxi_ii_core/inst/s_ip_axi_data_h2c_02/inst/r.r_pipe/M_PAYLOAD_DATA[251]. It is not advisable to constraint an unbuffered node from timing as well as route-ability point of view.
WARNING: [Route 35-4443] Found PPLoc constraint on local node INT_X88Y472/INT_NODE_SDQ_61_INT_OUT0 (type: NODE_LONG_LOCAL) for net level0_i/level1/level1_i/level1_pipe/inst/pxi_ii_core/inst/s_ip_axi_data_h2c_02/inst/r.r_pipe/M_PAYLOAD_DATA[274]. It is not advisable to constraint an unbuffered node from timing as well as route-ability point of view.
WARNING: [Route 35-4443] Found PPLoc constraint on local node INT_X88Y474/INT_NODE_SDQ_92_INT_OUT1 (type: NODE_LONG_LOCAL) for net level0_i/level1/level1_i/level1_pipe/inst/pxi_ii_core/inst/s_ip_axi_data_h2c_02/inst/r.r_pipe/M_PAYLOAD_DATA[275]. It is not advisable to constraint an unbuffered node from timing as well as route-ability point of view.
WARNING: [Route 35-4443] Found PPLoc constraint on local node INT_X88Y436/INT_NODE_SDQ_92_INT_OUT0 (type: NODE_LONG_LOCAL) for net level0_i/level1/level1_i/level1_pipe/inst/pxi_ii_core/inst/s_ip_axi_data_h2c_02/inst/r.r_pipe/M_PAYLOAD_DATA[4]. It is not advisable to constraint an unbuffered node from timing as well as route-ability point of view.
WARNING: [Route 35-4443] Found PPLoc constraint on local node INT_X88Y433/INT_NODE_SDQ_87_INT_OUT1 (type: NODE_LONG_LOCAL) for net level0_i/level1/level1_i/level1_pipe/inst/pxi_ii_core/inst/s_ip_axi_data_h2c_02/inst/r.r_pipe/M_PAYLOAD_DATA[5]. It is not advisable to constraint an unbuffered node from timing as well as route-ability point of view.
WARNING: [Route 35-4443] Found PPLoc constraint on local node INT_X88Y447/INT_NODE_SDQ_51_INT_OUT1 (type: NODE_LONG_LOCAL) for net level0_i/level1/level1_i/level1_pipe/inst/pxi_ii_core/inst/s_ip_axi_data_h2c_02/inst/r.r_pipe/M_PAYLOAD_DATA[106]. It is not advisable to constraint an unbuffered node from timing as well as route-ability point of view.
WARNING: [Route 35-4443] Found PPLoc constraint on local node INT_X88Y466/INT_NODE_SDQ_88_INT_OUT1 (type: NODE_LONG_LOCAL) for net level0_i/level1/level1_i/level1_pipe/inst/pxi_ii_core/inst/s_ip_axi_data_h2c_02/inst/r.r_pipe/M_PAYLOAD_DATA[107]. It is not advisable to constraint an unbuffered node from timing as well as route-ability point of view.
WARNING: [Route 35-4443] Found PPLoc constraint on local node INT_X88Y434/INT_NODE_SDQ_92_INT_OUT1 (type: NODE_LONG_LOCAL) for net level0_i/level1/level1_i/level1_pipe/inst/pxi_ii_core/inst/s_ip_axi_data_h2c_02/inst/r.r_pipe/M_PAYLOAD_DATA[266]. It is not advisable to constraint an unbuffered node from timing as well as route-ability point of view.
WARNING: [Route 35-4443] Found PPLoc constraint on local node INT_X88Y432/INT_NODE_SDQ_49_INT_OUT1 (type: NODE_LONG_LOCAL) for net level0_i/level1/level1_i/level1_pipe/inst/pxi_ii_core/inst/s_ip_axi_data_h2c_02/inst/r.r_pipe/M_PAYLOAD_DATA[267]. It is not advisable to constraint an unbuffered node from timing as well as route-ability point of view.
WARNING: [Route 35-4443] Found PPLoc constraint on local node INT_X88Y432/SDQNODE_W_0_FT1 (type: NODE_LONG_LOCAL) for net level0_i/level1/level1_i/level1_pipe/inst/pxi_ii_core/inst/s_ip_axi_data_h2c_02/inst/r.r_pipe/M_PAYLOAD_DATA[288]. It is not advisable to constraint an unbuffered node from timing as well as route-ability point of view.
WARNING: [Route 35-4443] Found PPLoc constraint on local node INT_X88Y459/INT_NODE_SDQ_88_INT_OUT1 (type: NODE_LONG_LOCAL) for net level0_i/level1/level1_i/level1_pipe/inst/pxi_ii_core/inst/s_ip_axi_data_h2c_02/inst/r.r_pipe/M_PAYLOAD_DATA[289]. It is not advisable to constraint an unbuffered node from timing as well as route-ability point of view.
WARNING: [Route 35-4443] Found PPLoc constraint on local node INT_X88Y432/INT_NODE_SDQ_88_INT_OUT1 (type: NODE_LONG_LOCAL) for net level0_i/level1/level1_i/level1_pipe/inst/pxi_ii_core/inst/s_ip_axi_data_h2c_02/inst/r.r_pipe/M_PAYLOAD_DATA[470]. It is not advisable to constraint an unbuffered node from timing as well as route-ability point of view.
WARNING: [Route 35-4443] Found PPLoc constraint on local node INT_X88Y460/INT_NODE_SDQ_92_INT_OUT1 (type: NODE_LONG_LOCAL) for net level0_i/level1/level1_i/level1_pipe/inst/pxi_ii_core/inst/s_ip_axi_data_h2c_02/inst/r.r_pipe/M_PAYLOAD_DATA[471]. It is not advisable to constraint an unbuffered node from timing as well as route-ability point of view.
WARNING: [Route 35-4443] Found PPLoc constraint on local node INT_X88Y457/INT_NODE_SDQ_61_INT_OUT1 (type: NODE_LONG_LOCAL) for net level0_i/level1/level1_i/level1_pipe/inst/pxi_ii_core/inst/s_ip_axi_data_h2c_02/inst/r.r_pipe/M_PAYLOAD_DATA[192]. It is not advisable to constraint an unbuffered node from timing as well as route-ability point of view.
WARNING: [Route 35-4443] Found PPLoc constraint on local node INT_X88Y432/INT_NODE_SDQ_76_INT_OUT0 (type: NODE_LONG_LOCAL) for net level0_i/level1/level1_i/level1_pipe/inst/pxi_ii_core/inst/s_ip_axi_data_h2c_02/inst/r.r_pipe/M_PAYLOAD_DATA[193]. It is not advisable to constraint an unbuffered node from timing as well as route-ability point of view.
WARNING: [Route 35-4443] Found PPLoc constraint on local node INT_X88Y465/INT_NODE_SDQ_51_INT_OUT0 (type: NODE_LONG_LOCAL) for net level0_i/level1/level1_i/level1_pipe/inst/pxi_ii_core/inst/s_ip_axi_data_h2c_02/inst/r.r_pipe/M_PAYLOAD_DATA[238]. It is not advisable to constraint an unbuffered node from timing as well as route-ability point of view.
WARNING: [Route 35-4443] Found PPLoc constraint on local node INT_X88Y462/INT_NODE_SDQ_94_INT_OUT0 (type: NODE_LONG_LOCAL) for net level0_i/level1/level1_i/level1_pipe/inst/pxi_ii_core/inst/s_ip_axi_data_h2c_02/inst/r.r_pipe/M_PAYLOAD_DATA[239]. It is not advisable to constraint an unbuffered node from timing as well as route-ability point of view.
WARNING: [Route 35-4443] Found PPLoc constraint on local node INT_X88Y433/INT_NODE_SDQ_94_INT_OUT0 (type: NODE_LONG_LOCAL) for net level0_i/level1/level1_i/level1_pipe/inst/pxi_ii_core/inst/s_ip_axi_data_h2c_02/inst/r.r_pipe/M_PAYLOAD_DATA[286]. It is not advisable to constraint an unbuffered node from timing as well as route-ability point of view.
WARNING: [Route 35-4443] Found PPLoc constraint on local node INT_X88Y461/INT_NODE_SDQ_63_INT_OUT1 (type: NODE_LONG_LOCAL) for net level0_i/level1/level1_i/level1_pipe/inst/pxi_ii_core/inst/s_ip_axi_data_h2c_02/inst/r.r_pipe/M_PAYLOAD_DATA[287]. It is not advisable to constraint an unbuffered node from timing as well as route-ability point of view.
WARNING: [Route 35-4443] Found PPLoc constraint on local node INT_X88Y449/INT_NODE_SDQ_88_INT_OUT0 (type: NODE_LOCAL) for net level0_i/level1/level1_i/level1_pipe/inst/pxi_ii_core/inst/s_ip_axi_data_h2c_02/inst/r.r_pipe/M_PAYLOAD_DATA[322]. It is not advisable to constraint an unbuffered node from timing as well as route-ability point of view.
WARNING: [Route 35-4443] Found PPLoc constraint on local node INT_X88Y465/INT_NODE_SDQ_89_INT_OUT0 (type: NODE_LONG_LOCAL) for net level0_i/level1/level1_i/level1_pipe/inst/pxi_ii_core/inst/s_ip_axi_data_h2c_02/inst/r.r_pipe/M_PAYLOAD_DATA[323]. It is not advisable to constraint an unbuffered node from timing as well as route-ability point of view.
WARNING: [Route 35-4443] Found PPLoc constraint on local node INT_X88Y449/INT_NODE_SDQ_63_INT_OUT1 (type: NODE_LONG_LOCAL) for net level0_i/level1/level1_i/level1_pipe/inst/pxi_ii_core/inst/s_ip_axi_data_h2c_02/inst/b.b_pipe/Q[2]. It is not advisable to constraint an unbuffered node from timing as well as route-ability point of view.
WARNING: [Route 35-4443] Found PPLoc constraint on local node INT_X88Y457/INT_NODE_SDQ_88_INT_OUT1 (type: NODE_LONG_LOCAL) for net level0_i/level1/level1_i/level1_pipe/inst/pxi_ii_core/inst/s_ip_axi_data_h2c_02/inst/b.b_pipe/Q[3]. It is not advisable to constraint an unbuffered node from timing as well as route-ability point of view.
WARNING: [Route 35-4443] Found PPLoc constraint on local node INT_X97Y456/INT_NODE_SDQ_81_INT_OUT0 (type: NODE_LONG_LOCAL) for net level0_i/level1/level1_i/level1_pipe/inst/pxi_ii_core/inst/s_ip_axi_data_h2c_03/inst/r.r_pipe/M_PAYLOAD_DATA[328]. It is not advisable to constraint an unbuffered node from timing as well as route-ability point of view.
WARNING: [Route 35-4443] Found PPLoc constraint on local node INT_X97Y436/INT_NODE_SDQ_63_INT_OUT1 (type: NODE_LONG_LOCAL) for net level0_i/level1/level1_i/level1_pipe/inst/pxi_ii_core/inst/s_ip_axi_data_h2c_03/inst/r.r_pipe/M_PAYLOAD_DATA[329]. It is not advisable to constraint an unbuffered node from timing as well as route-ability point of view.
WARNING: [Route 35-4443] Found PPLoc constraint on local node INT_X97Y462/INT_NODE_SDQ_61_INT_OUT0 (type: NODE_LONG_LOCAL) for net level0_i/level1/level1_i/level1_pipe/inst/pxi_ii_core/inst/s_ip_axi_data_h2c_03/inst/r.r_pipe/M_PAYLOAD_DATA[332]. It is not advisable to constraint an unbuffered node from timing as well as route-ability point of view.
WARNING: [Route 35-4443] Found PPLoc constraint on local node INT_X97Y446/INT_NODE_SDQ_81_INT_OUT0 (type: NODE_LONG_LOCAL) for net level0_i/level1/level1_i/level1_pipe/inst/pxi_ii_core/inst/s_ip_axi_data_h2c_03/inst/r.r_pipe/M_PAYLOAD_DATA[333]. It is not advisable to constraint an unbuffered node from timing as well as route-ability point of view.
WARNING: [Route 35-4443] Found PPLoc constraint on local node INT_X97Y438/INT_NODE_SDQ_83_INT_OUT1 (type: NODE_LONG_LOCAL) for net level0_i/level1/level1_i/level1_pipe/inst/pxi_ii_core/inst/s_ip_axi_data_h2c_03/inst/r.r_pipe/M_PAYLOAD_DATA[84]. It is not advisable to constraint an unbuffered node from timing as well as route-ability point of view.
WARNING: [Route 35-4443] Found PPLoc constraint on local node INT_X97Y437/INT_NODE_SDQ_83_INT_OUT1 (type: NODE_LONG_LOCAL) for net level0_i/level1/level1_i/level1_pipe/inst/pxi_ii_core/inst/s_ip_axi_data_h2c_03/inst/r.r_pipe/M_PAYLOAD_DATA[85]. It is not advisable to constraint an unbuffered node from timing as well as route-ability point of view.
WARNING: [Route 35-4443] Found PPLoc constraint on local node INT_X97Y445/INT_NODE_SDQ_83_INT_OUT1 (type: NODE_LONG_LOCAL) for net level0_i/level1/level1_i/level1_pipe/inst/pxi_ii_core/inst/s_ip_axi_data_h2c_03/inst/r.r_pipe/M_PAYLOAD_DATA[96]. It is not advisable to constraint an unbuffered node from timing as well as route-ability point of view.
WARNING: [Route 35-4443] Found PPLoc constraint on local node INT_X97Y464/INT_NODE_SDQ_94_INT_OUT0 (type: NODE_LONG_LOCAL) for net level0_i/level1/level1_i/level1_pipe/inst/pxi_ii_core/inst/s_ip_axi_data_h2c_03/inst/r.r_pipe/M_PAYLOAD_DATA[97]. It is not advisable to constraint an unbuffered node from timing as well as route-ability point of view.
WARNING: [Route 35-4443] Found PPLoc constraint on local node INT_X97Y442/SDQNODE_W_93_FT0 (type: NODE_LONG_LOCAL) for net level0_i/level1/level1_i/level1_pipe/inst/pxi_ii_core/inst/s_ip_axi_data_h2c_02/inst/r.r_pipe/M_PAYLOAD_DATA[126]. It is not advisable to constraint an unbuffered node from timing as well as route-ability point of view.
WARNING: [Route 35-4443] Found PPLoc constraint on local node INT_X97Y451/INT_NODE_SDQ_88_INT_OUT0 (type: NODE_LOCAL) for net level0_i/level1/level1_i/level1_pipe/inst/pxi_ii_core/inst/s_ip_axi_data_h2c_02/inst/r.r_pipe/M_PAYLOAD_DATA[127]. It is not advisable to constraint an unbuffered node from timing as well as route-ability point of view.
WARNING: [Route 35-4443] Found PPLoc constraint on local node INT_X97Y460/INT_NODE_SDQ_87_INT_OUT0 (type: NODE_LONG_LOCAL) for net level0_i/level1/level1_i/level1_pipe/inst/pxi_ii_core/inst/s_ip_axi_data_h2c_02/inst/r.r_pipe/M_PAYLOAD_DATA[12]. It is not advisable to constraint an unbuffered node from timing as well as route-ability point of view.
WARNING: [Route 35-4443] Found PPLoc constraint on local node INT_X97Y442/INT_NODE_SDQ_89_INT_OUT0 (type: NODE_LONG_LOCAL) for net level0_i/level1/level1_i/level1_pipe/inst/pxi_ii_core/inst/s_ip_axi_data_h2c_02/inst/r.r_pipe/M_PAYLOAD_DATA[13]. It is not advisable to constraint an unbuffered node from timing as well as route-ability point of view.
WARNING: [Route 35-4443] Found PPLoc constraint on local node INT_X97Y461/INT_NODE_SDQ_88_INT_OUT1 (type: NODE_LONG_LOCAL) for net level0_i/level1/level1_i/level1_pipe/inst/pxi_ii_core/inst/s_ip_axi_data_h2c_02/inst/r.r_pipe/M_PAYLOAD_DATA[186]. It is not advisable to constraint an unbuffered node from timing as well as route-ability point of view.
WARNING: [Route 35-4443] Found PPLoc constraint on local node INT_X97Y443/INT_NODE_SDQ_90_INT_OUT1 (type: NODE_LONG_LOCAL) for net level0_i/level1/level1_i/level1_pipe/inst/pxi_ii_core/inst/s_ip_axi_data_h2c_02/inst/r.r_pipe/M_PAYLOAD_DATA[187]. It is not advisable to constraint an unbuffered node from timing as well as route-ability point of view.
WARNING: [Route 35-4443] Found PPLoc constraint on local node INT_X97Y460/INT_NODE_SDQ_92_INT_OUT1 (type: NODE_LONG_LOCAL) for net level0_i/level1/level1_i/level1_pipe/inst/pxi_ii_core/inst/s_ip_axi_data_h2c_02/inst/r.r_pipe/M_PAYLOAD_DATA[290]. It is not advisable to constraint an unbuffered node from timing as well as route-ability point of view.
WARNING: [Route 35-4443] Found PPLoc constraint on local node INT_X97Y448/INT_NODE_SDQ_70_INT_OUT1 (type: NODE_LONG_LOCAL) for net level0_i/level1/level1_i/level1_pipe/inst/pxi_ii_core/inst/s_ip_axi_data_h2c_02/inst/r.r_pipe/M_PAYLOAD_DATA[291]. It is not advisable to constraint an unbuffered node from timing as well as route-ability point of view.
WARNING: [Route 35-4443] Found PPLoc constraint on local node INT_X97Y473/INT_NODE_SDQ_90_INT_OUT1 (type: NODE_LONG_LOCAL) for net level0_i/level1/level1_i/level1_pipe/inst/pxi_ii_core/inst/s_ip_axi_data_h2c_02/inst/r.r_pipe/M_PAYLOAD_DATA[236]. It is not advisable to constraint an unbuffered node from timing as well as route-ability point of view.
WARNING: [Route 35-4443] Found PPLoc constraint on local node INT_X97Y451/INT_NODE_SDQ_81_INT_OUT0 (type: NODE_LONG_LOCAL) for net level0_i/level1/level1_i/level1_pipe/inst/pxi_ii_core/inst/s_ip_axi_data_h2c_02/inst/r.r_pipe/M_PAYLOAD_DATA[237]. It is not advisable to constraint an unbuffered node from timing as well as route-ability point of view.
WARNING: [Route 35-4443] Found PPLoc constraint on local node INT_X97Y449/INT_NODE_SDQ_51_INT_OUT1 (type: NODE_LONG_LOCAL) for net level0_i/level1/level1_i/level1_pipe/inst/pxi_ii_core/inst/s_ip_axi_data_h2c_02/inst/r.r_pipe/M_PAYLOAD_DATA[478]. It is not advisable to constraint an unbuffered node from timing as well as route-ability point of view.
WARNING: [Route 35-4443] Found PPLoc constraint on local node INT_X97Y462/INT_NODE_SDQ_48_INT_OUT1 (type: NODE_LONG_LOCAL) for net level0_i/level1/level1_i/level1_pipe/inst/pxi_ii_core/inst/s_ip_axi_data_h2c_02/inst/r.r_pipe/M_PAYLOAD_DATA[479]. It is not advisable to constraint an unbuffered node from timing as well as route-ability point of view.
WARNING: [Route 35-4443] Found PPLoc constraint on local node INT_X97Y424/INT_NODE_SDQ_77_INT_OUT1 (type: NODE_LONG_LOCAL) for net level0_i/level1/level1_i/level1_pipe/inst/pxi_ii_core/inst/s_ip_axi_data_h2c_02/inst/r.r_pipe/M_PAYLOAD_DATA[504]. It is not advisable to constraint an unbuffered node from timing as well as route-ability point of view.
WARNING: [Route 35-4443] Found PPLoc constraint on local node INT_X97Y474/INT_NODE_SDQ_48_INT_OUT1 (type: NODE_LONG_LOCAL) for net level0_i/level1/level1_i/level1_pipe/inst/pxi_ii_core/inst/s_ip_axi_data_h2c_02/inst/r.r_pipe/M_PAYLOAD_DATA[505]. It is not advisable to constraint an unbuffered node from timing as well as route-ability point of view.
WARNING: [Route 35-4443] Found PPLoc constraint on local node INT_X97Y466/INT_NODE_SDQ_87_INT_OUT0 (type: NODE_LONG_LOCAL) for net level0_i/level1/level1_i/level1_pipe/inst/pxi_ii_core/inst/s_ip_axi_data_h2c_02/inst/r.r_pipe/M_PAYLOAD_DATA[74]. It is not advisable to constraint an unbuffered node from timing as well as route-ability point of view.
WARNING: [Route 35-4443] Found PPLoc constraint on local node INT_X97Y478/INT_NODE_SDQ_87_INT_OUT0 (type: NODE_LONG_LOCAL) for net level0_i/level1/level1_i/level1_pipe/inst/pxi_ii_core/inst/s_ip_axi_data_h2c_02/inst/r.r_pipe/M_PAYLOAD_DATA[75]. It is not advisable to constraint an unbuffered node from timing as well as route-ability point of view.
WARNING: [Route 35-4443] Found PPLoc constraint on local node INT_X97Y447/INT_NODE_SDQ_86_INT_OUT1 (type: NODE_LONG_LOCAL) for net level0_i/level1/level1_i/level1_pipe/inst/pxi_ii_core/inst/s_ip_axi_ctrl_user_02/inst/r.r_pipe/Q[18]. It is not advisable to constraint an unbuffered node from timing as well as route-ability point of view.
WARNING: [Route 35-4443] Found PPLoc constraint on local node INT_X97Y449/INT_NODE_SDQ_54_INT_OUT0 (type: NODE_LONG_LOCAL) for net level0_i/level1/level1_i/level1_pipe/inst/pxi_ii_core/inst/s_ip_axi_ctrl_user_02/inst/r.r_pipe/Q[19]. It is not advisable to constraint an unbuffered node from timing as well as route-ability point of view.
WARNING: [Route 35-4443] Found PPLoc constraint on local node INT_X97Y464/INT_NODE_SDQ_50_INT_OUT0 (type: NODE_LONG_LOCAL) for net level0_i/level1/level1_i/level1_pipe/inst/pxi_ii_core/inst/s_ip_axi_ctrl_user_02/inst/r.r_pipe/Q[30]. It is not advisable to constraint an unbuffered node from timing as well as route-ability point of view.
WARNING: [Route 35-4443] Found PPLoc constraint on local node INT_X97Y435/INT_NODE_SDQ_87_INT_OUT1 (type: NODE_LONG_LOCAL) for net level0_i/level1/level1_i/level1_pipe/inst/pxi_ii_core/inst/s_ip_axi_ctrl_user_02/inst/r.r_pipe/Q[31]. It is not advisable to constraint an unbuffered node from timing as well as route-ability point of view.
WARNING: [Route 35-4443] Found PPLoc constraint on local node INT_X97Y431/INT_NODE_SDQ_62_INT_OUT0 (type: NODE_LOCAL) for net level0_i/level1/level1_i/level1_pipe/inst/pxi_ii_core/inst/s_ip_axi_data_h2c_02/inst/r.r_pipe/M_PAYLOAD_DATA[116]. It is not advisable to constraint an unbuffered node from timing as well as route-ability point of view.
WARNING: [Route 35-4443] Found PPLoc constraint on local node INT_X97Y449/INT_NODE_SDQ_89_INT_OUT0 (type: NODE_LONG_LOCAL) for net level0_i/level1/level1_i/level1_pipe/inst/pxi_ii_core/inst/s_ip_axi_data_h2c_02/inst/r.r_pipe/M_PAYLOAD_DATA[117]. It is not advisable to constraint an unbuffered node from timing as well as route-ability point of view.
WARNING: [Route 35-4443] Found PPLoc constraint on local node INT_X97Y431/INT_NODE_SDQ_73_INT_OUT0 (type: NODE_LONG_LOCAL) for net level0_i/level1/level1_i/level1_pipe/inst/pxi_ii_core/inst/s_ip_axi_data_h2c_02/inst/r.r_pipe/M_PAYLOAD_DATA[304]. It is not advisable to constraint an unbuffered node from timing as well as route-ability point of view.
WARNING: [Route 35-4443] Found PPLoc constraint on local node INT_X97Y430/INT_NODE_SDQ_89_INT_OUT1 (type: NODE_LONG_LOCAL) for net level0_i/level1/level1_i/level1_pipe/inst/pxi_ii_core/inst/s_ip_axi_data_h2c_02/inst/r.r_pipe/M_PAYLOAD_DATA[305]. It is not advisable to constraint an unbuffered node from timing as well as route-ability point of view.
WARNING: [Route 35-4443] Found PPLoc constraint on local node INT_X97Y451/INT_NODE_SDQ_48_INT_OUT1 (type: NODE_LONG_LOCAL) for net level0_i/level1/level1_i/level1_pipe/inst/pxi_ii_core/inst/s_ip_axi_data_h2c_02/inst/r.r_pipe/M_PAYLOAD_DATA[418]. It is not advisable to constraint an unbuffered node from timing as well as route-ability point of view.
WARNING: [Route 35-4443] Found PPLoc constraint on local node INT_X97Y449/INT_NODE_SDQ_48_INT_OUT1 (type: NODE_LONG_LOCAL) for net level0_i/level1/level1_i/level1_pipe/inst/pxi_ii_core/inst/s_ip_axi_data_h2c_02/inst/r.r_pipe/M_PAYLOAD_DATA[419]. It is not advisable to constraint an unbuffered node from timing as well as route-ability point of view.
WARNING: [Route 35-4443] Found PPLoc constraint on local node INT_X97Y427/INT_NODE_SDQ_89_INT_OUT0 (type: NODE_LONG_LOCAL) for net level0_i/level1/level1_i/level1_pipe/inst/pxi_ii_core/inst/s_ip_axi_data_h2c_02/inst/r.r_pipe/M_PAYLOAD_DATA[64]. It is not advisable to constraint an unbuffered node from timing as well as route-ability point of view.
WARNING: [Route 35-4443] Found PPLoc constraint on local node INT_X97Y461/SDQNODE_W_93_FT0 (type: NODE_LONG_LOCAL) for net level0_i/level1/level1_i/level1_pipe/inst/pxi_ii_core/inst/s_ip_axi_data_h2c_02/inst/r.r_pipe/M_PAYLOAD_DATA[65]. It is not advisable to constraint an unbuffered node from timing as well as route-ability point of view.
WARNING: [Route 35-4443] Found PPLoc constraint on local node INT_X97Y443/INT_NODE_SDQ_91_INT_OUT0 (type: NODE_LONG_LOCAL) for net level0_i/level1/level1_i/level1_pipe/inst/pxi_ii_core/inst/s_ip_axi_data_h2c_02/inst/r.r_pipe/M_PAYLOAD_DATA[114]. It is not advisable to constraint an unbuffered node from timing as well as route-ability point of view.
WARNING: [Route 35-4443] Found PPLoc constraint on local node INT_X97Y463/INT_NODE_SDQ_61_INT_OUT1 (type: NODE_LONG_LOCAL) for net level0_i/level1/level1_i/level1_pipe/inst/pxi_ii_core/inst/s_ip_axi_data_h2c_02/inst/r.r_pipe/M_PAYLOAD_DATA[115]. It is not advisable to constraint an unbuffered node from timing as well as route-ability point of view.
WARNING: [Route 35-4443] Found PPLoc constraint on local node INT_X97Y471/INT_NODE_SDQ_63_INT_OUT1 (type: NODE_LONG_LOCAL) for net level0_i/level1/level1_i/level1_pipe/inst/pxi_ii_core/inst/s_ip_axi_data_h2c_02/inst/r.r_pipe/M_PAYLOAD_DATA[124]. It is not advisable to constraint an unbuffered node from timing as well as route-ability point of view.
WARNING: [Route 35-4443] Found PPLoc constraint on local node INT_X97Y459/INT_NODE_SDQ_87_INT_OUT0 (type: NODE_LONG_LOCAL) for net level0_i/level1/level1_i/level1_pipe/inst/pxi_ii_core/inst/s_ip_axi_data_h2c_02/inst/r.r_pipe/M_PAYLOAD_DATA[125]. It is not advisable to constraint an unbuffered node from timing as well as route-ability point of view.
WARNING: [Route 35-4443] Found PPLoc constraint on local node INT_X97Y430/INT_NODE_SDQ_87_INT_OUT0 (type: NODE_LONG_LOCAL) for net level0_i/level1/level1_i/level1_pipe/inst/pxi_ii_core/inst/s_ip_axi_data_h2c_02/inst/r.r_pipe/M_PAYLOAD_DATA[196]. It is not advisable to constraint an unbuffered node from timing as well as route-ability point of view.
WARNING: [Route 35-4443] Found PPLoc constraint on local node INT_X97Y431/INT_NODE_SDQ_78_INT_OUT0 (type: NODE_LONG_LOCAL) for net level0_i/level1/level1_i/level1_pipe/inst/pxi_ii_core/inst/s_ip_axi_data_h2c_02/inst/r.r_pipe/M_PAYLOAD_DATA[197]. It is not advisable to constraint an unbuffered node from timing as well as route-ability point of view.
WARNING: [Route 35-4443] Found PPLoc constraint on local node INT_X97Y431/INT_NODE_SDQ_63_INT_OUT1 (type: NODE_LONG_LOCAL) for net level0_i/level1/level1_i/level1_pipe/inst/pxi_ii_core/inst/s_ip_axi_data_h2c_02/inst/r.r_pipe/M_PAYLOAD_DATA[268]. It is not advisable to constraint an unbuffered node from timing as well as route-ability point of view.
WARNING: [Route 35-4443] Found PPLoc constraint on local node INT_X97Y430/INT_NODE_SDQ_91_INT_OUT1 (type: NODE_LONG_LOCAL) for net level0_i/level1/level1_i/level1_pipe/inst/pxi_ii_core/inst/s_ip_axi_data_h2c_02/inst/r.r_pipe/M_PAYLOAD_DATA[269]. It is not advisable to constraint an unbuffered node from timing as well as route-ability point of view.
WARNING: [Route 35-4443] Found PPLoc constraint on local node INT_X97Y472/INT_NODE_SDQ_92_INT_OUT1 (type: NODE_LONG_LOCAL) for net level0_i/level1/level1_i/level1_pipe/inst/pxi_ii_core/inst/s_ip_axi_data_h2c_02/inst/r.r_pipe/M_PAYLOAD_DATA[404]. It is not advisable to constraint an unbuffered node from timing as well as route-ability point of view.
WARNING: [Route 35-4443] Found PPLoc constraint on local node INT_X97Y424/INT_NODE_SDQ_89_INT_OUT0 (type: NODE_LONG_LOCAL) for net level0_i/level1/level1_i/level1_pipe/inst/pxi_ii_core/inst/s_ip_axi_data_h2c_02/inst/r.r_pipe/M_PAYLOAD_DATA[405]. It is not advisable to constraint an unbuffered node from timing as well as route-ability point of view.
INFO: [Common 17-14] Message 'Route 35-4443' appears 100 times and further instances of the messages will be disabled.
Post Restoration Checksum: NetGraph: 89627fba | NumContArr: 7699993b | Constraints: def3f8d | Timing: c2a8fa9d
Phase 1 Build RT Design | Checksum: 1d094531f

Time (s): cpu = 00:03:47 ; elapsed = 00:01:26 . Memory (MB): peak = 14022.184 ; gain = 0.000 ; free physical = 59702 ; free virtual = 64006

Phase 2 Router Initialization

Phase 2.1 Fix Topology Constraints
Phase 2.1 Fix Topology Constraints | Checksum: 1d094531f

Time (s): cpu = 00:04:00 ; elapsed = 00:01:28 . Memory (MB): peak = 14022.184 ; gain = 0.000 ; free physical = 59702 ; free virtual = 64006

Phase 2.2 Pre Route Cleanup
Phase 2.2 Pre Route Cleanup | Checksum: 1d094531f

Time (s): cpu = 00:04:14 ; elapsed = 00:01:30 . Memory (MB): peak = 14022.184 ; gain = 0.000 ; free physical = 59702 ; free virtual = 64006

Phase 2.3 Global Clock Net Routing
 Number of Nodes with overlaps = 0
Phase 2.3 Global Clock Net Routing | Checksum: 180e1b75c

Time (s): cpu = 00:04:55 ; elapsed = 00:01:50 . Memory (MB): peak = 14157.199 ; gain = 135.016 ; free physical = 59541 ; free virtual = 63845

Phase 2.4 Update Timing
Phase 2.4 Update Timing | Checksum: 233705770

Time (s): cpu = 00:06:23 ; elapsed = 00:02:12 . Memory (MB): peak = 14157.199 ; gain = 135.016 ; free physical = 59541 ; free virtual = 63845
INFO: [Route 35-416] Intermediate Timing Summary | WNS=0.056  | TNS=0.000  | WHS=-0.279 | THS=-86.475|


Phase 2.5 Update Timing for Bus Skew

Phase 2.5.1 Update Timing
Phase 2.5.1 Update Timing | Checksum: 1faa5dbac

Time (s): cpu = 00:09:57 ; elapsed = 00:03:05 . Memory (MB): peak = 14157.199 ; gain = 135.016 ; free physical = 59539 ; free virtual = 63844
INFO: [Route 35-416] Intermediate Timing Summary | WNS=0.056  | TNS=0.000  | WHS=-0.393 | THS=-116.767|

Phase 2.5 Update Timing for Bus Skew | Checksum: 1eabe93ab

Time (s): cpu = 00:10:11 ; elapsed = 00:03:09 . Memory (MB): peak = 14157.199 ; gain = 135.016 ; free physical = 59546 ; free virtual = 63851

Phase 2.6 Soft Constraint Pins - Fast Budgeting
Phase 2.6 Soft Constraint Pins - Fast Budgeting | Checksum: 1eabe93ab

Time (s): cpu = 00:10:25 ; elapsed = 00:03:11 . Memory (MB): peak = 14157.199 ; gain = 135.016 ; free physical = 59546 ; free virtual = 63851

Router Utilization Summary
  Global Vertical Routing Utilization    = 0.000102974 %
  Global Horizontal Routing Utilization  = 5.43455e-05 %
  Routable Net Status*
  *Does not include unroutable nets such as driverless and loadless.
  Run report_route_status for detailed report.
  Number of Failed Nets               = 265914
    (Failed Nets is the sum of unrouted and partially routed nets)
  Number of Unrouted Nets             = 242818
  Number of Partially Routed Nets     = 23096
  Number of Node Overlaps             = 0

Phase 2 Router Initialization | Checksum: 23abe7a45

Time (s): cpu = 00:10:51 ; elapsed = 00:03:17 . Memory (MB): peak = 14198.957 ; gain = 176.773 ; free physical = 59496 ; free virtual = 63800

Phase 3 Global Routing
Phase 3 Global Routing | Checksum: 23abe7a45

Time (s): cpu = 00:11:03 ; elapsed = 00:03:19 . Memory (MB): peak = 14198.957 ; gain = 176.773 ; free physical = 59496 ; free virtual = 63800

Phase 4 Initial Routing

Phase 4.1 Initial Net Routing Pass
Phase 4.1 Initial Net Routing Pass | Checksum: 35a7d08fb

Time (s): cpu = 00:14:20 ; elapsed = 00:03:58 . Memory (MB): peak = 14198.957 ; gain = 176.773 ; free physical = 59492 ; free virtual = 63797
Phase 4 Initial Routing | Checksum: 35e397c27

Time (s): cpu = 00:14:38 ; elapsed = 00:04:00 . Memory (MB): peak = 14198.957 ; gain = 176.773 ; free physical = 59492 ; free virtual = 63797

Phase 5 Rip-up And Reroute

Phase 5.1 Global Iteration 0
 Number of Nodes with overlaps = 36545
 Number of Nodes with overlaps = 2837
 Number of Nodes with overlaps = 337
 Number of Nodes with overlaps = 54
 Number of Nodes with overlaps = 13
 Number of Nodes with overlaps = 6
 Number of Nodes with overlaps = 2
 Number of Nodes with overlaps = 2
 Number of Nodes with overlaps = 1
 Number of Nodes with overlaps = 0
INFO: [Route 35-416] Intermediate Timing Summary | WNS=0.056  | TNS=0.000  | WHS=-0.176 | THS=-20.476|

Phase 5.1 Global Iteration 0 | Checksum: 2537197be

Time (s): cpu = 00:27:21 ; elapsed = 00:08:10 . Memory (MB): peak = 14198.957 ; gain = 176.773 ; free physical = 59488 ; free virtual = 63794

Phase 5.2 Global Iteration 1
 Number of Nodes with overlaps = 63
 Number of Nodes with overlaps = 2
 Number of Nodes with overlaps = 0
INFO: [Route 35-416] Intermediate Timing Summary | WNS=0.036  | TNS=0.000  | WHS=N/A    | THS=N/A    |

Phase 5.2 Global Iteration 1 | Checksum: 2f42906f1

Time (s): cpu = 00:28:35 ; elapsed = 00:08:28 . Memory (MB): peak = 14198.957 ; gain = 176.773 ; free physical = 59488 ; free virtual = 63794

Phase 5.3 Global Iteration 2
 Number of Nodes with overlaps = 16
 Number of Nodes with overlaps = 2
 Number of Nodes with overlaps = 2
 Number of Nodes with overlaps = 0
INFO: [Route 35-416] Intermediate Timing Summary | WNS=0.036  | TNS=0.000  | WHS=N/A    | THS=N/A    |

Phase 5.3 Global Iteration 2 | Checksum: 1c6e53cbd

Time (s): cpu = 00:29:34 ; elapsed = 00:08:52 . Memory (MB): peak = 14198.957 ; gain = 176.773 ; free physical = 59488 ; free virtual = 63793
Phase 5 Rip-up And Reroute | Checksum: 1c6e53cbd

Time (s): cpu = 00:29:46 ; elapsed = 00:08:54 . Memory (MB): peak = 14198.957 ; gain = 176.773 ; free physical = 59488 ; free virtual = 63793

Phase 6 Delay and Skew Optimization

Phase 6.1 Delay CleanUp
INFO: [Route 35-416] Intermediate Timing Summary | WNS=0.036  | TNS=0.000  | WHS=0.009  | THS=0.000  |

INFO: [Route 35-416] Intermediate Timing Summary | WNS=0.036  | TNS=0.000  | WHS=0.009  | THS=0.000  |

Phase 6.1 Delay CleanUp | Checksum: 20cf94ed0

Time (s): cpu = 00:31:14 ; elapsed = 00:09:09 . Memory (MB): peak = 14198.957 ; gain = 176.773 ; free physical = 59488 ; free virtual = 63793

Phase 6.2 Clock Skew Optimization
Phase 6.2 Clock Skew Optimization | Checksum: 20cf94ed0

Time (s): cpu = 00:31:25 ; elapsed = 00:09:11 . Memory (MB): peak = 14198.957 ; gain = 176.773 ; free physical = 59488 ; free virtual = 63793
Phase 6 Delay and Skew Optimization | Checksum: 20cf94ed0

Time (s): cpu = 00:31:37 ; elapsed = 00:09:13 . Memory (MB): peak = 14198.957 ; gain = 176.773 ; free physical = 59488 ; free virtual = 63793

Phase 7 Post Hold Fix

Phase 7.1 Hold Fix Iter
INFO: [Route 35-416] Intermediate Timing Summary | WNS=0.036  | TNS=0.000  | WHS=0.009  | THS=0.000  |

Phase 7.1 Hold Fix Iter | Checksum: 1bbe1643f

Time (s): cpu = 00:32:47 ; elapsed = 00:09:25 . Memory (MB): peak = 14198.957 ; gain = 176.773 ; free physical = 59488 ; free virtual = 63793
Phase 7 Post Hold Fix | Checksum: 1bbe1643f

Time (s): cpu = 00:32:59 ; elapsed = 00:09:27 . Memory (MB): peak = 14198.957 ; gain = 176.773 ; free physical = 59488 ; free virtual = 63793

Phase 8 Leaf Clock Prog Delay Opt
Phase 8 Leaf Clock Prog Delay Opt | Checksum: 219b622f4

Time (s): cpu = 00:34:13 ; elapsed = 00:09:40 . Memory (MB): peak = 14198.957 ; gain = 176.773 ; free physical = 59488 ; free virtual = 63793

Phase 9 Route finalize

Router Utilization Summary
  Global Vertical Routing Utilization    = 2.9759 %
  Global Horizontal Routing Utilization  = 2.61769 %
  Routable Net Status*
  *Does not include unroutable nets such as driverless and loadless.
  Run report_route_status for detailed report.
  Number of Failed Nets               = 0
    (Failed Nets is the sum of unrouted and partially routed nets)
  Number of Unrouted Nets             = 0
  Number of Partially Routed Nets     = 0
  Number of Node Overlaps             = 0

Phase 9 Route finalize | Checksum: 219b622f4

Time (s): cpu = 00:34:35 ; elapsed = 00:09:44 . Memory (MB): peak = 14198.957 ; gain = 176.773 ; free physical = 59488 ; free virtual = 63793

Phase 10 Verifying routed nets

 Verification completed successfully
Phase 10 Verifying routed nets | Checksum: 219b622f4

Time (s): cpu = 00:34:47 ; elapsed = 00:09:46 . Memory (MB): peak = 14198.957 ; gain = 176.773 ; free physical = 59488 ; free virtual = 63793

Phase 11 Depositing Routes
Phase 11 Depositing Routes | Checksum: 219b622f4

Time (s): cpu = 00:35:22 ; elapsed = 00:10:01 . Memory (MB): peak = 14198.957 ; gain = 176.773 ; free physical = 59488 ; free virtual = 63793

Phase 12 Resolve XTalk
Phase 12 Resolve XTalk | Checksum: 29995616d

Time (s): cpu = 00:35:34 ; elapsed = 00:10:03 . Memory (MB): peak = 14198.957 ; gain = 176.773 ; free physical = 59488 ; free virtual = 63793

Phase 13 Post Process Routing
Phase 13 Post Process Routing | Checksum: 29995616d

Time (s): cpu = 00:35:50 ; elapsed = 00:10:07 . Memory (MB): peak = 14198.957 ; gain = 176.773 ; free physical = 59488 ; free virtual = 63793

Phase 14 Post Router Timing

Phase 14.1 Update Timing
Phase 14.1 Update Timing | Checksum: 29995616d

Time (s): cpu = 00:36:53 ; elapsed = 00:10:18 . Memory (MB): peak = 14198.957 ; gain = 176.773 ; free physical = 59488 ; free virtual = 63793
INFO: [Route 35-57] Estimated Timing Summary | WNS=0.036  | TNS=0.000  | WHS=0.009  | THS=0.000  |

INFO: [Route 35-327] The final timing numbers are based on the router estimated timing analysis. For a complete and accurate timing signoff, please run report_timing_summary.
Phase 14 Post Router Timing | Checksum: 29995616d

Time (s): cpu = 00:37:05 ; elapsed = 00:10:20 . Memory (MB): peak = 14198.957 ; gain = 176.773 ; free physical = 59488 ; free virtual = 63793
Total Elapsed time in route_design: 619.46 secs

Phase 15 Post-Route Event Processing
INFO: [Constraints 18-12546] INFO: Running DFX DRC before completing route_design
INFO: [Constraints 18-12545] INFO: DFX DRC finished with 0 Errors
Phase 15 Post-Route Event Processing | Checksum: f9910aeb

Time (s): cpu = 00:38:25 ; elapsed = 00:11:10 . Memory (MB): peak = 14198.957 ; gain = 176.773 ; free physical = 59533 ; free virtual = 63839
INFO: [Route 35-16] Router Completed Successfully
Ending Routing Task | Checksum: f9910aeb

Time (s): cpu = 00:38:30 ; elapsed = 00:11:11 . Memory (MB): peak = 14198.957 ; gain = 176.773 ; free physical = 59533 ; free virtual = 63839

Routing Is Done.
INFO: [Common 17-83] Releasing license: Implementation
665 Infos, 671 Warnings, 2 Critical Warnings and 0 Errors encountered.
route_design completed successfully
route_design: Time (s): cpu = 00:38:58 ; elapsed = 00:11:38 . Memory (MB): peak = 14198.957 ; gain = 176.773 ; free physical = 59533 ; free virtual = 63839
INFO: [Vivado 12-24828] Executing command : report_timing_summary -max_paths 10 -file hw_bb_locked_timing_summary_routed.rpt -pb hw_bb_locked_timing_summary_routed.pb -rpx hw_bb_locked_timing_summary_routed.rpx -warn_on_violation 
INFO: [Timing 38-91] UpdateTimingParams: Speed grade: -2L, Temperature grade: E, Delay Type: min_max.
INFO: [Timing 38-191] Multithreading enabled for timing update using a maximum of 8 CPUs
WARNING: [Timing 38-172] LUT was found on clock network. Both rising/falling clock edges are propagated from LUT output pin. Use set_clock_sense to specify if that clock should be inverted or not. e.g. set_clock_sense -positive/-negative level0_i/blp/blp_i/ss_cmp/inst/mgmt_debug_bridge/inst/bs_mux/inst/update_INST_0/O
WARNING: [Timing 38-436] There are set_bus_skew constraint(s) in this design. Please run report_bus_skew to ensure that bus skew requirements are met.
report_timing_summary: Time (s): cpu = 00:01:53 ; elapsed = 00:00:28 . Memory (MB): peak = 14198.957 ; gain = 0.000 ; free physical = 59412 ; free virtual = 63786
generate_parallel_reports: Time (s): cpu = 00:01:53 ; elapsed = 00:00:28 . Memory (MB): peak = 14198.957 ; gain = 0.000 ; free physical = 59412 ; free virtual = 63786
source /home/devsounio/darwin-atlas-phase-l/build-authorized/_x/link/vivado/vpl/scripts/impl_1/_full_route_post.tcl
report_accelerator_utilization: Time (s): cpu = 00:00:18 ; elapsed = 00:00:18 . Memory (MB): peak = 14198.957 ; gain = 0.000 ; free physical = 59409 ; free virtual = 63783
INFO: System Diagram: Run step: routed

report_utilization: Time (s): cpu = 00:00:34 ; elapsed = 00:00:34 . Memory (MB): peak = 14198.957 ; gain = 0.000 ; free physical = 59408 ; free virtual = 63782
report_utilization: Time (s): cpu = 00:00:22 ; elapsed = 00:00:23 . Memory (MB): peak = 14198.957 ; gain = 0.000 ; free physical = 59409 ; free virtual = 63784
get_utilization: Time (s): cpu = 00:00:17 ; elapsed = 00:00:17 . Memory (MB): peak = 14198.957 ; gain = 0.000 ; free physical = 59412 ; free virtual = 63787
get_utilization: Time (s): cpu = 00:00:08 ; elapsed = 00:00:08 . Memory (MB): peak = 14198.957 ; gain = 0.000 ; free physical = 59412 ; free virtual = 63787
WARNING: Unable to find metadata file: /home/devsounio/darwin-atlas-phase-l/build-authorized/_x/link/int/debug_ip_layout.rtd
INFO: [Timing 38-480] Writing timing data to binary archive.
Write ShapeDB Complete: Time (s): cpu = 00:00:03 ; elapsed = 00:00:00.66 . Memory (MB): peak = 14198.957 ; gain = 0.000 ; free physical = 59307 ; free virtual = 63790
Wrote PlaceDB: Time (s): cpu = 00:00:36 ; elapsed = 00:00:11 . Memory (MB): peak = 14198.957 ; gain = 0.000 ; free physical = 58931 ; free virtual = 63789
Wrote PulsedLatchDB: Time (s): cpu = 00:00:00 ; elapsed = 00:00:00 . Memory (MB): peak = 14198.957 ; gain = 0.000 ; free physical = 58929 ; free virtual = 63789
Writing XDEF routing.
Writing XDEF routing logical nets.
Writing XDEF routing special nets.
Wrote RouteStorage: Time (s): cpu = 00:00:10 ; elapsed = 00:00:03 . Memory (MB): peak = 14198.957 ; gain = 0.000 ; free physical = 58856 ; free virtual = 63802
Wrote Netlist Cache: Time (s): cpu = 00:00:00.81 ; elapsed = 00:00:00.3 . Memory (MB): peak = 14198.957 ; gain = 0.000 ; free physical = 58823 ; free virtual = 63801
Wrote Device Cache: Time (s): cpu = 00:00:00.01 ; elapsed = 00:00:00.01 . Memory (MB): peak = 14198.957 ; gain = 0.000 ; free physical = 58820 ; free virtual = 63801
Write Physdb Complete: Time (s): cpu = 00:00:47 ; elapsed = 00:00:14 . Memory (MB): peak = 14198.957 ; gain = 0.000 ; free physical = 58820 ; free virtual = 63801
INFO: [Common 17-1381] The checkpoint '/home/devsounio/darwin-atlas-phase-l/build-authorized/_x/link/vivado/vpl/prj/prj.runs/impl_1/level0_wrapper_routed.dcp' has been generated.
write_checkpoint: Time (s): cpu = 00:01:18 ; elapsed = 00:00:47 . Memory (MB): peak = 14198.957 ; gain = 0.000 ; free physical = 59254 ; free virtual = 63799
source /home/devsounio/darwin-atlas-phase-l/build-authorized/_x/link/vivado/vpl/scripts/impl_1/_full_write_bitstream_pre.tcl
Starting auto-frequency scaling ...
kernel clock 'ss_ucs/aclk_kernel_00':
   clock pin path     : level0_i/level1/level1_i/ulp/ss_ucs/aclk_kernel_00
   original frequency : 300.0 MHz
kernel clock 'ss_ucs/aclk_kernel_01':
   clock pin path     : level0_i/level1/level1_i/ulp/ss_ucs/aclk_kernel_01
   original frequency : 500.0 MHz


INFO: [OCL_UTIL] clock is 'clk_kernel_00_unbuffered_net' for pin 'level0_i/level1/level1_i/ulp/ss_ucs/aclk_kernel_00'
WARNING: [Vivado 12-1008] No clocks found for command 'get_clocks -of_objects [get_pins level0_i/level1/level1_i/ulp/ss_ucs/aclk_kernel_01]'.
Resolution: Verify the create_clock command was called to create the clock object before it is referenced.
INFO: [Vivado 12-626] No clocks found. Please use 'create_clock' or 'create_generated_clock' command to create clocks.
INFO: Pin level0_i/level1/level1_i/ulp/ss_ucs/aclk_kernel_01 has no clock
WARNING: [Timing 38-164] This design has multiple clocks. Inter clock paths are considered valid unless explicitly excluded by timing constraints such as set_clock_groups or set_false_path.
Auto-frequency scaling completed
kernel clock 'ss_ucs/aclk_kernel_00':
   original frequency : 300.0 MHz
   scaled frequency   : 309.5 MHz
WARNING: The auto scaled frequency '309.5 MHz' exceeds the original specified frequency. The compiler will select the original specified frequency of '300.0' MHz.
WARNING: [Timing 38-436] There are set_bus_skew constraint(s) in this design. Please run report_bus_skew to ensure that bus skew requirements are met.
report_timing_summary: Time (s): cpu = 00:00:23 ; elapsed = 00:00:09 . Memory (MB): peak = 14198.957 ; gain = 0.000 ; free physical = 59255 ; free virtual = 63799
kernel clock 'ss_ucs/aclk_kernel_01':
   original frequency : 500.0 MHz
   scaled frequency   : 500.0 MHz
WARNING: [Vivado 12-1008] No clocks found for command 'get_clocks -of_objects [get_pins level0_i/level1/level1_i/ulp/ss_ucs/aclk_kernel_01]'.
Resolution: Verify the create_clock command was called to create the clock object before it is referenced.
INFO: [Vivado 12-626] No clocks found. Please use 'create_clock' or 'create_generated_clock' command to create clocks.
Command: write_bitstream -force -cell level0_i/level1/level1_i/ulp level0_i_level1_level1_i_ulp_my_rm_partial.bit
Attempting to get a license for feature 'Implementation' and/or device 'xcu250'
INFO: [Common 17-349] Got license for feature 'Implementation' and/or device 'xcu250'
Running DRC as a precondition to command write_bitstream
INFO: [IP_Flow 19-1839] IP Catalog is up to date.
INFO: [DRC 23-27] Running DRC with 8 threads
INFO: [Vivado 12-3199] DRC finished with 0 Errors
INFO: [Vivado 12-3200] Please refer to the DRC report (report_drc) for more information.
WARNING: [Memdata 28-80] Empty top found while merging BMM files!
INFO: [Memdata 28-144] Successfully populated the BRAM INIT strings from the following elf files: /home/devsounio/darwin-atlas-phase-l/build-authorized/_x/link/vivado/vpl/prj/prj.gen/my_rm/bd/ulp/ip/ulp_memory_subsystem_0/bd_0/ip/ip_23/sw/calibration_0/Debug/calibration_ddr.elf /home/devsounio/darwin-atlas-phase-l/build-authorized/_x/link/vivado/vpl/prj/prj.gen/my_rm/bd/ulp/ip/ulp_memory_subsystem_0/bd_0/ip/ip_20/sw/calibration_0/Debug/calibration_ddr.elf /home/devsounio/darwin-atlas-phase-l/build-authorized/_x/link/vivado/vpl/prj/prj.gen/my_rm/bd/ulp/ip/ulp_memory_subsystem_0/bd_0/ip/ip_20/sw/calibration_0/Debug/calibration_ddr.elf /home/devsounio/darwin-atlas-phase-l/build-authorized/_x/link/vivado/vpl/prj/prj.gen/my_rm/bd/ulp/ip/ulp_memory_subsystem_0/bd_0/ip/ip_23/sw/calibration_0/Debug/calibration_ddr.elf /home/devsounio/darwin-atlas-phase-l/build-authorized/_x/link/vivado/vpl/prj/prj.gen/my_rm/bd/ulp/ip/ulp_memory_subsystem_0/bd_0/ip/ip_20/sw/calibration_0/Debug/calibration_ddr.elf /home/devsounio/darwin-atlas-phase-l/build-authorized/_x/link/vivado/vpl/prj/prj.gen/my_rm/bd/ulp/ip/ulp_memory_subsystem_0/bd_0/ip/ip_23/sw/calibration_0/Debug/calibration_ddr.elf 
Partition "pblock_level1_plp" Reconfigurable Module "level0_i/level1/level1_i/plp"
Partition "pblock_dynamic_region" Reconfigurable Module "level0_i/level1/level1_i/ulp"
INFO: [Vivado 12-4077] No full design bitstream will be created with the use of the -cell option.
Process Partition "pblock_dynamic_region"
INFO: [Designutils 20-2272] Running write_bitstream with 8 threads.
Loading data files...
Loading site data...
Loading route data...
Processing options...
INFO: [Designutils 20-2319] When using DCI in a Reconfigurable Module setting Match_cycle to NoWait will produce a smaller bitstream and reduce startup delay.
Creating bitmap...
Creating bitstream...
Partial bitstream contains 418070496 bits.
Writing bitstream ./level0_i_level1_level1_i_ulp_my_rm_partial.bit...
INFO: [Vivado 12-1842] Bitgen Completed Successfully.
INFO: [Project 1-1876] WebTalk data collection is mandatory when using a ULT device. To see the specific WebTalk data collected for your design, open the usage_statistics_webtalk.html or usage_statistics_webtalk.xml file in the implementation directory.
INFO: [Common 17-83] Releasing license: Implementation
684 Infos, 678 Warnings, 2 Critical Warnings and 0 Errors encountered.
write_bitstream completed successfully
write_bitstream: Time (s): cpu = 00:17:57 ; elapsed = 00:08:24 . Memory (MB): peak = 16078.957 ; gain = 1880.000 ; free physical = 57876 ; free virtual = 62475
source /home/devsounio/darwin-atlas-phase-l/build-authorized/_x/link/vivado/vpl/scripts/impl_1/_full_write_bitstream_post.tcl
INFO: [Common 17-206] Exiting Vivado at Mon Aug  3 19:00:47 2026...
